0
SECTION
2
HEADER
9
$EXTMIN
10
89
20
89
9
$EXTMAX
10
111
20
111
9
$LIMMIN
10
89
20
89
9
$LIMMAX
10
111
20
111
0
ENDSEC
0
SECTION
2
TABLES
0
TABLE
2
LTYPE
70
255
0
LTYPE
2
1
70
0
3
SOLID
72
65
73
0
40
0
0
ENDTAB
0
TABLE
2
LAYER
70
4
0
LAYER
2
0
62
7
6
1
70
64
0
ENDTAB
0
TABLE
2
STYLE
70
1
0
STYLE
2
STD
70
0
40
0
41
1
50
0
71
0
42
.2
3
txt
0
ENDTAB
0
ENDSEC
0
SECTION
2
BLOCKS
0
BLOCK
2
CROSS
70
0
10
0
20
0
0
LINE
8
0
62
0
10
-50
20
0
11
50
21
0
0
LINE
8
0
62
0
10
0
20
-50
11
0
21
50
0
ENDBLK
0
ENDSEC
0
SECTION
2
ENTITIES0
INSERT
8
POINT
62
2
2
CROSS
10
968.1646            
20
5037.2172           
30
52.6207             
41
0.002
42
0.002
43
0.002
50
0.0
0
TEXT
8
CODE
62
3
7
STD
40
0.25
41
1.0
50
0.0
51
0.0
10
968.1646            
20
5037.2172           
30
52.6207             
1
 AUX
0
TEXT
8
PT_ID
62
3
7
STD
40
0.25
41
1.0
50
0.0
51
0.0
10
968.1646            
20
5037.2172           
30
52.6207             
1
 1
0
TEXT
8
HEIGHT
62
3
7
STD
40
0.25
41
1.0
50
0.0
51
0.0
10
968.1646            
20
5037.2172           
30
52.6207             
1
 52.621
0
TEXT
8
CO_ORDS
62
3
7
STD
40
0.25
41
1.0
50
0.0
51
0.0
10
968.1646            
20
5037.2172           
30
52.6207             
1
 968.165 5037.2170
INSERT
8
POINT
62
2
2
CROSS
10
968.1666            
20
5037.2151           
30
52.6216             
41
0.002
42
0.002
43
0.002
50
0.0
0
TEXT
8
CODE
62
3
7
STD
40
0.25
41
1.0
50
0.0
51
0.0
10
968.1666            
20
5037.2151           
30
52.6216             
1
 AUX
0
TEXT
8
PT_ID
62
3
7
STD
40
0.25
41
1.0
50
0.0
51
0.0
10
968.1666            
20
5037.2151           
30
52.6216             
1
 1A
0
TEXT
8
HEIGHT
62
3
7
STD
40
0.25
41
1.0
50
0.0
51
0.0
10
968.1666            
20
5037.2151           
30
52.6216             
1
 52.622
0
TEXT
8
CO_ORDS
62
3
7
STD
40
0.25
41
1.0
50
0.0
51
0.0
10
968.1666            
20
5037.2151           
30
52.6216             
1
 968.167 5037.2150
INSERT
8
POINT
62
2
2
CROSS
10
946.6998            
20
5067.7356           
30
53.7032             
41
0.002
42
0.002
43
0.002
50
0.0
0
TEXT
8
CODE
62
3
7
STD
40
0.25
41
1.0
50
0.0
51
0.0
10
946.6998            
20
5067.7356           
30
53.7032             
1
 AUX
0
TEXT
8
PT_ID
62
3
7
STD
40
0.25
41
1.0
50
0.0
51
0.0
10
946.6998            
20
5067.7356           
30
53.7032             
1
 2
0
TEXT
8
HEIGHT
62
3
7
STD
40
0.25
41
1.0
50
0.0
51
0.0
10
946.6998            
20
5067.7356           
30
53.7032             
1
 53.703
0
TEXT
8
CO_ORDS
62
3
7
STD
40
0.25
41
1.0
50
0.0
51
0.0
10
946.6998            
20
5067.7356           
30
53.7032             
1
 946.700 5067.7360
INSERT
8
POINT
62
2
2
CROSS
10
995.7427            
20
4968.1461           
30
46.8673             
41
0.002
42
0.002
43
0.002
50
0.0
0
TEXT
8
CODE
62
3
7
STD
40
0.25
41
1.0
50
0.0
51
0.0
10
995.7427            
20
4968.1461           
30
46.8673             
1
 AUX
0
TEXT
8
PT_ID
62
3
7
STD
40
0.25
41
1.0
50
0.0
51
0.0
10
995.7427            
20
4968.1461           
30
46.8673             
1
 3
0
TEXT
8
HEIGHT
62
3
7
STD
40
0.25
41
1.0
50
0.0
51
0.0
10
995.7427            
20
4968.1461           
30
46.8673             
1
 46.867
0
TEXT
8
CO_ORDS
62
3
7
STD
40
0.25
41
1.0
50
0.0
51
0.0
10
995.7427            
20
4968.1461           
30
46.8673             
1
 995.743 4968.1460
INSERT
8
POINT
62
2
2
CROSS
10
989.9249            
20
4992.6996           
30
49.5374             
41
0.002
42
0.002
43
0.002
50
0.0
0
TEXT
8
CODE
62
3
7
STD
40
0.25
41
1.0
50
0.0
51
0.0
10
989.9249            
20
4992.6996           
30
49.5374             
1
 AUX
0
TEXT
8
PT_ID
62
3
7
STD
40
0.25
41
1.0
50
0.0
51
0.0
10
989.9249            
20
4992.6996           
30
49.5374             
1
 4
0
TEXT
8
HEIGHT
62
3
7
STD
40
0.25
41
1.0
50
0.0
51
0.0
10
989.9249            
20
4992.6996           
30
49.5374             
1
 49.537
0
TEXT
8
CO_ORDS
62
3
7
STD
40
0.25
41
1.0
50
0.0
51
0.0
10
989.9249            
20
4992.6996           
30
49.5374             
1
 989.925 4992.7000
INSERT
8
POINT
62
2
2
CROSS
10
960.4822            
20
4977.6069           
30
50.4679             
41
0.002
42
0.002
43
0.002
50
0.0
0
TEXT
8
CODE
62
3
7
STD
40
0.25
41
1.0
50
0.0
51
0.0
10
960.4822            
20
4977.6069           
30
50.4679             
1
 AUX
0
TEXT
8
PT_ID
62
3
7
STD
40
0.25
41
1.0
50
0.0
51
0.0
10
960.4822            
20
4977.6069           
30
50.4679             
1
 5
0
TEXT
8
HEIGHT
62
3
7
STD
40
0.25
41
1.0
50
0.0
51
0.0
10
960.4822            
20
4977.6069           
30
50.4679             
1
 50.468
0
TEXT
8
CO_ORDS
62
3
7
STD
40
0.25
41
1.0
50
0.0
51
0.0
10
960.4822            
20
4977.6069           
30
50.4679             
1
 960.482 4977.6070
INSERT
8
POINT
62
2
2
CROSS
10
932.6836            
20
5038.9632           
30
52.6532             
41
0.002
42
0.002
43
0.002
50
0.0
0
TEXT
8
CODE
62
3
7
STD
40
0.25
41
1.0
50
0.0
51
0.0
10
932.6836            
20
5038.9632           
30
52.6532             
1
 AUX
0
TEXT
8
PT_ID
62
3
7
STD
40
0.25
41
1.0
50
0.0
51
0.0
10
932.6836            
20
5038.9632           
30
52.6532             
1
 6
0
TEXT
8
HEIGHT
62
3
7
STD
40
0.25
41
1.0
50
0.0
51
0.0
10
932.6836            
20
5038.9632           
30
52.6532             
1
 52.653
0
TEXT
8
CO_ORDS
62
3
7
STD
40
0.25
41
1.0
50
0.0
51
0.0
10
932.6836            
20
5038.9632           
30
52.6532             
1
 932.684 5038.9630
INSERT
8
POINT
62
2
2
CROSS
10
919.7114            
20
5011.1652           
30
50.6395             
41
0.002
42
0.002
43
0.002
50
0.0
0
TEXT
8
CODE
62
3
7
STD
40
0.25
41
1.0
50
0.0
51
0.0
10
919.7114            
20
5011.1652           
30
50.6395             
1
 AUX
0
TEXT
8
PT_ID
62
3
7
STD
40
0.25
41
1.0
50
0.0
51
0.0
10
919.7114            
20
5011.1652           
30
50.6395             
1
 7
0
TEXT
8
HEIGHT
62
3
7
STD
40
0.25
41
1.0
50
0.0
51
0.0
10
919.7114            
20
5011.1652           
30
50.6395             
1
 50.640
0
TEXT
8
CO_ORDS
62
3
7
STD
40
0.25
41
1.0
50
0.0
51
0.0
10
919.7114            
20
5011.1652           
30
50.6395             
1
 919.711 5011.1650
INSERT
8
POINT
62
2
2
CROSS
10
978.6835            
20
5036.1184           
30
52.2978             
41
0.002
42
0.002
43
0.002
50
0.0
0
TEXT
8
CODE
62
3
7
STD
40
0.25
41
1.0
50
0.0
51
0.0
10
978.6835            
20
5036.1184           
30
52.2978             
1
 PAREDE
0
TEXT
8
PT_ID
62
3
7
STD
40
0.25
41
1.0
50
0.0
51
0.0
10
978.6835            
20
5036.1184           
30
52.2978             
1
 8
0
TEXT
8
HEIGHT
62
3
7
STD
40
0.25
41
1.0
50
0.0
51
0.0
10
978.6835            
20
5036.1184           
30
52.2978             
1
 52.298
0
TEXT
8
CO_ORDS
62
3
7
STD
40
0.25
41
1.0
50
0.0
51
0.0
10
978.6835            
20
5036.1184           
30
52.2978             
1
 978.683 5036.1180
INSERT
8
POINT
62
2
2
CROSS
10
975.7178            
20
5046.7099           
30
53.1153             
41
0.002
42
0.002
43
0.002
50
0.0
0
TEXT
8
CODE
62
3
7
STD
40
0.25
41
1.0
50
0.0
51
0.0
10
975.7178            
20
5046.7099           
30
53.1153             
1
 PAREDE
0
TEXT
8
PT_ID
62
3
7
STD
40
0.25
41
1.0
50
0.0
51
0.0
10
975.7178            
20
5046.7099           
30
53.1153             
1
 9
0
TEXT
8
HEIGHT
62
3
7
STD
40
0.25
41
1.0
50
0.0
51
0.0
10
975.7178            
20
5046.7099           
30
53.1153             
1
 53.115
0
TEXT
8
CO_ORDS
62
3
7
STD
40
0.25
41
1.0
50
0.0
51
0.0
10
975.7178            
20
5046.7099           
30
53.1153             
1
 975.718 5046.7100
INSERT
8
POINT
62
2
2
CROSS
10
972.8474            
20
5056.9521           
30
53.4017             
41
0.002
42
0.002
43
0.002
50
0.0
0
TEXT
8
CODE
62
3
7
STD
40
0.25
41
1.0
50
0.0
51
0.0
10
972.8474            
20
5056.9521           
30
53.4017             
1
 PAREDE
0
TEXT
8
PT_ID
62
3
7
STD
40
0.25
41
1.0
50
0.0
51
0.0
10
972.8474            
20
5056.9521           
30
53.4017             
1
 10
0
TEXT
8
HEIGHT
62
3
7
STD
40
0.25
41
1.0
50
0.0
51
0.0
10
972.8474            
20
5056.9521           
30
53.4017             
1
 53.402
0
TEXT
8
CO_ORDS
62
3
7
STD
40
0.25
41
1.0
50
0.0
51
0.0
10
972.8474            
20
5056.9521           
30
53.4017             
1
 972.847 5056.9520
INSERT
8
POINT
62
2
2
CROSS
10
969.8095            
20
5067.6172           
30
53.8264             
41
0.002
42
0.002
43
0.002
50
0.0
0
TEXT
8
CODE
62
3
7
STD
40
0.25
41
1.0
50
0.0
51
0.0
10
969.8095            
20
5067.6172           
30
53.8264             
1
 PAREDE
0
TEXT
8
PT_ID
62
3
7
STD
40
0.25
41
1.0
50
0.0
51
0.0
10
969.8095            
20
5067.6172           
30
53.8264             
1
 11
0
TEXT
8
HEIGHT
62
3
7
STD
40
0.25
41
1.0
50
0.0
51
0.0
10
969.8095            
20
5067.6172           
30
53.8264             
1
 53.826
0
TEXT
8
CO_ORDS
62
3
7
STD
40
0.25
41
1.0
50
0.0
51
0.0
10
969.8095            
20
5067.6172           
30
53.8264             
1
 969.809 5067.6170
INSERT
8
POINT
62
2
2
CROSS
10
968.6665            
20
5071.5132           
30
53.8727             
41
0.002
42
0.002
43
0.002
50
0.0
0
TEXT
8
CODE
62
3
7
STD
40
0.25
41
1.0
50
0.0
51
0.0
10
968.6665            
20
5071.5132           
30
53.8727             
1
 PORTAO
0
TEXT
8
PT_ID
62
3
7
STD
40
0.25
41
1.0
50
0.0
51
0.0
10
968.6665            
20
5071.5132           
30
53.8727             
1
 12
0
TEXT
8
HEIGHT
62
3
7
STD
40
0.25
41
1.0
50
0.0
51
0.0
10
968.6665            
20
5071.5132           
30
53.8727             
1
 53.873
0
TEXT
8
CO_ORDS
62
3
7
STD
40
0.25
41
1.0
50
0.0
51
0.0
10
968.6665            
20
5071.5132           
30
53.8727             
1
 968.667 5071.5130
INSERT
8
POINT
62
2
2
CROSS
10
967.0397            
20
5077.1207           
30
53.8483             
41
0.002
42
0.002
43
0.002
50
0.0
0
TEXT
8
CODE
62
3
7
STD
40
0.25
41
1.0
50
0.0
51
0.0
10
967.0397            
20
5077.1207           
30
53.8483             
1
 PORTAO
0
TEXT
8
PT_ID
62
3
7
STD
40
0.25
41
1.0
50
0.0
51
0.0
10
967.0397            
20
5077.1207           
30
53.8483             
1
 13
0
TEXT
8
HEIGHT
62
3
7
STD
40
0.25
41
1.0
50
0.0
51
0.0
10
967.0397            
20
5077.1207           
30
53.8483             
1
 53.848
0
TEXT
8
CO_ORDS
62
3
7
STD
40
0.25
41
1.0
50
0.0
51
0.0
10
967.0397            
20
5077.1207           
30
53.8483             
1
 967.040 5077.1210
INSERT
8
POINT
62
2
2
CROSS
10
965.4993            
20
5082.3605           
30
53.8833             
41
0.002
42
0.002
43
0.002
50
0.0
0
TEXT
8
CODE
62
3
7
STD
40
0.25
41
1.0
50
0.0
51
0.0
10
965.4993            
20
5082.3605           
30
53.8833             
1
 PAREDE
0
TEXT
8
PT_ID
62
3
7
STD
40
0.25
41
1.0
50
0.0
51
0.0
10
965.4993            
20
5082.3605           
30
53.8833             
1
 14
0
TEXT
8
HEIGHT
62
3
7
STD
40
0.25
41
1.0
50
0.0
51
0.0
10
965.4993            
20
5082.3605           
30
53.8833             
1
 53.883
0
TEXT
8
CO_ORDS
62
3
7
STD
40
0.25
41
1.0
50
0.0
51
0.0
10
965.4993            
20
5082.3605           
30
53.8833             
1
 965.499 5082.3610
INSERT
8
POINT
62
2
2
CROSS
10
961.2399            
20
5081.2191           
30
53.8061             
41
0.002
42
0.002
43
0.002
50
0.0
0
TEXT
8
CODE
62
3
7
STD
40
0.25
41
1.0
50
0.0
51
0.0
10
961.2399            
20
5081.2191           
30
53.8061             
1
 PAREDE
0
TEXT
8
PT_ID
62
3
7
STD
40
0.25
41
1.0
50
0.0
51
0.0
10
961.2399            
20
5081.2191           
30
53.8061             
1
 15
0
TEXT
8
HEIGHT
62
3
7
STD
40
0.25
41
1.0
50
0.0
51
0.0
10
961.2399            
20
5081.2191           
30
53.8061             
1
 53.806
0
TEXT
8
CO_ORDS
62
3
7
STD
40
0.25
41
1.0
50
0.0
51
0.0
10
961.2399            
20
5081.2191           
30
53.8061             
1
 961.240 5081.2190
INSERT
8
POINT
62
2
2
CROSS
10
959.6984            
20
5086.5344           
30
53.9146             
41
0.002
42
0.002
43
0.002
50
0.0
0
TEXT
8
CODE
62
3
7
STD
40
0.25
41
1.0
50
0.0
51
0.0
10
959.6984            
20
5086.5344           
30
53.9146             
1
 PAREDE
0
TEXT
8
PT_ID
62
3
7
STD
40
0.25
41
1.0
50
0.0
51
0.0
10
959.6984            
20
5086.5344           
30
53.9146             
1
 16
0
TEXT
8
HEIGHT
62
3
7
STD
40
0.25
41
1.0
50
0.0
51
0.0
10
959.6984            
20
5086.5344           
30
53.9146             
1
 53.915
0
TEXT
8
CO_ORDS
62
3
7
STD
40
0.25
41
1.0
50
0.0
51
0.0
10
959.6984            
20
5086.5344           
30
53.9146             
1
 959.698 5086.5340
INSERT
8
POINT
62
2
2
CROSS
10
957.1635            
20
5085.9009           
30
53.8860             
41
0.002
42
0.002
43
0.002
50
0.0
0
TEXT
8
CODE
62
3
7
STD
40
0.25
41
1.0
50
0.0
51
0.0
10
957.1635            
20
5085.9009           
30
53.8860             
1
 PAREDE
0
TEXT
8
PT_ID
62
3
7
STD
40
0.25
41
1.0
50
0.0
51
0.0
10
957.1635            
20
5085.9009           
30
53.8860             
1
 17
0
TEXT
8
HEIGHT
62
3
7
STD
40
0.25
41
1.0
50
0.0
51
0.0
10
957.1635            
20
5085.9009           
30
53.8860             
1
 53.886
0
TEXT
8
CO_ORDS
62
3
7
STD
40
0.25
41
1.0
50
0.0
51
0.0
10
957.1635            
20
5085.9009           
30
53.8860             
1
 957.163 5085.9010
INSERT
8
POINT
62
2
2
CROSS
10
954.2813            
20
5095.7688           
30
54.0808             
41
0.002
42
0.002
43
0.002
50
0.0
0
TEXT
8
CODE
62
3
7
STD
40
0.25
41
1.0
50
0.0
51
0.0
10
954.2813            
20
5095.7688           
30
54.0808             
1
 PAREDE
0
TEXT
8
PT_ID
62
3
7
STD
40
0.25
41
1.0
50
0.0
51
0.0
10
954.2813            
20
5095.7688           
30
54.0808             
1
 18
0
TEXT
8
HEIGHT
62
3
7
STD
40
0.25
41
1.0
50
0.0
51
0.0
10
954.2813            
20
5095.7688           
30
54.0808             
1
 54.081
0
TEXT
8
CO_ORDS
62
3
7
STD
40
0.25
41
1.0
50
0.0
51
0.0
10
954.2813            
20
5095.7688           
30
54.0808             
1
 954.281 5095.7690
INSERT
8
POINT
62
2
2
CROSS
10
953.4659            
20
5091.6614           
30
53.9969             
41
0.002
42
0.002
43
0.002
50
0.0
0
TEXT
8
CODE
62
3
7
STD
40
0.25
41
1.0
50
0.0
51
0.0
10
953.4659            
20
5091.6614           
30
53.9969             
1
 PAREDE
0
TEXT
8
PT_ID
62
3
7
STD
40
0.25
41
1.0
50
0.0
51
0.0
10
953.4659            
20
5091.6614           
30
53.9969             
1
 19
0
TEXT
8
HEIGHT
62
3
7
STD
40
0.25
41
1.0
50
0.0
51
0.0
10
953.4659            
20
5091.6614           
30
53.9969             
1
 53.997
0
TEXT
8
CO_ORDS
62
3
7
STD
40
0.25
41
1.0
50
0.0
51
0.0
10
953.4659            
20
5091.6614           
30
53.9969             
1
 953.466 5091.6610
INSERT
8
POINT
62
2
2
CROSS
10
948.3502            
20
5090.5417           
30
53.9560             
41
0.002
42
0.002
43
0.002
50
0.0
0
TEXT
8
CODE
62
3
7
STD
40
0.25
41
1.0
50
0.0
51
0.0
10
948.3502            
20
5090.5417           
30
53.9560             
1
 PAREDE
0
TEXT
8
PT_ID
62
3
7
STD
40
0.25
41
1.0
50
0.0
51
0.0
10
948.3502            
20
5090.5417           
30
53.9560             
1
 20
0
TEXT
8
HEIGHT
62
3
7
STD
40
0.25
41
1.0
50
0.0
51
0.0
10
948.3502            
20
5090.5417           
30
53.9560             
1
 53.956
0
TEXT
8
CO_ORDS
62
3
7
STD
40
0.25
41
1.0
50
0.0
51
0.0
10
948.3502            
20
5090.5417           
30
53.9560             
1
 948.350 5090.5420
INSERT
8
POINT
62
2
2
CROSS
10
947.4192            
20
5094.3799           
30
54.0928             
41
0.002
42
0.002
43
0.002
50
0.0
0
TEXT
8
CODE
62
3
7
STD
40
0.25
41
1.0
50
0.0
51
0.0
10
947.4192            
20
5094.3799           
30
54.0928             
1
 PAREDE
0
TEXT
8
PT_ID
62
3
7
STD
40
0.25
41
1.0
50
0.0
51
0.0
10
947.4192            
20
5094.3799           
30
54.0928             
1
 21
0
TEXT
8
HEIGHT
62
3
7
STD
40
0.25
41
1.0
50
0.0
51
0.0
10
947.4192            
20
5094.3799           
30
54.0928             
1
 54.093
0
TEXT
8
CO_ORDS
62
3
7
STD
40
0.25
41
1.0
50
0.0
51
0.0
10
947.4192            
20
5094.3799           
30
54.0928             
1
 947.419 5094.3800
INSERT
8
POINT
62
2
2
CROSS
10
938.0820            
20
5092.3954           
30
54.0960             
41
0.002
42
0.002
43
0.002
50
0.0
0
TEXT
8
CODE
62
3
7
STD
40
0.25
41
1.0
50
0.0
51
0.0
10
938.0820            
20
5092.3954           
30
54.0960             
1
 PAREDE
0
TEXT
8
PT_ID
62
3
7
STD
40
0.25
41
1.0
50
0.0
51
0.0
10
938.0820            
20
5092.3954           
30
54.0960             
1
 22
0
TEXT
8
HEIGHT
62
3
7
STD
40
0.25
41
1.0
50
0.0
51
0.0
10
938.0820            
20
5092.3954           
30
54.0960             
1
 54.096
0
TEXT
8
CO_ORDS
62
3
7
STD
40
0.25
41
1.0
50
0.0
51
0.0
10
938.0820            
20
5092.3954           
30
54.0960             
1
 938.082 5092.3950
INSERT
8
POINT
62
2
2
CROSS
10
932.4876            
20
5091.1622           
30
54.1083             
41
0.002
42
0.002
43
0.002
50
0.0
0
TEXT
8
CODE
62
3
7
STD
40
0.25
41
1.0
50
0.0
51
0.0
10
932.4876            
20
5091.1622           
30
54.1083             
1
 PAREDE
0
TEXT
8
PT_ID
62
3
7
STD
40
0.25
41
1.0
50
0.0
51
0.0
10
932.4876            
20
5091.1622           
30
54.1083             
1
 23
0
TEXT
8
HEIGHT
62
3
7
STD
40
0.25
41
1.0
50
0.0
51
0.0
10
932.4876            
20
5091.1622           
30
54.1083             
1
 54.108
0
TEXT
8
CO_ORDS
62
3
7
STD
40
0.25
41
1.0
50
0.0
51
0.0
10
932.4876            
20
5091.1622           
30
54.1083             
1
 932.488 5091.1620
INSERT
8
POINT
62
2
2
CROSS
10
953.8588            
20
5095.1376           
30
54.0590             
41
0.002
42
0.002
43
0.002
50
0.0
0
TEXT
8
CODE
62
3
7
STD
40
0.25
41
1.0
50
0.0
51
0.0
10
953.8588            
20
5095.1376           
30
54.0590             
1
 POSTE
0
TEXT
8
PT_ID
62
3
7
STD
40
0.25
41
1.0
50
0.0
51
0.0
10
953.8588            
20
5095.1376           
30
54.0590             
1
 24
0
TEXT
8
HEIGHT
62
3
7
STD
40
0.25
41
1.0
50
0.0
51
0.0
10
953.8588            
20
5095.1376           
30
54.0590             
1
 54.059
0
TEXT
8
CO_ORDS
62
3
7
STD
40
0.25
41
1.0
50
0.0
51
0.0
10
953.8588            
20
5095.1376           
30
54.0590             
1
 953.859 5095.1380
INSERT
8
POINT
62
2
2
CROSS
10
969.9192            
20
5062.5498           
30
53.6127             
41
0.002
42
0.002
43
0.002
50
0.0
0
TEXT
8
CODE
62
3
7
STD
40
0.25
41
1.0
50
0.0
51
0.0
10
969.9192            
20
5062.5498           
30
53.6127             
1
 POSTE
0
TEXT
8
PT_ID
62
3
7
STD
40
0.25
41
1.0
50
0.0
51
0.0
10
969.9192            
20
5062.5498           
30
53.6127             
1
 25
0
TEXT
8
HEIGHT
62
3
7
STD
40
0.25
41
1.0
50
0.0
51
0.0
10
969.9192            
20
5062.5498           
30
53.6127             
1
 53.613
0
TEXT
8
CO_ORDS
62
3
7
STD
40
0.25
41
1.0
50
0.0
51
0.0
10
969.9192            
20
5062.5498           
30
53.6127             
1
 969.919 5062.5500
INSERT
8
POINT
62
2
2
CROSS
10
978.8634            
20
5033.0202           
30
52.2253             
41
0.002
42
0.002
43
0.002
50
0.0
0
TEXT
8
CODE
62
3
7
STD
40
0.25
41
1.0
50
0.0
51
0.0
10
978.8634            
20
5033.0202           
30
52.2253             
1
 POSTE
0
TEXT
8
PT_ID
62
3
7
STD
40
0.25
41
1.0
50
0.0
51
0.0
10
978.8634            
20
5033.0202           
30
52.2253             
1
 26
0
TEXT
8
HEIGHT
62
3
7
STD
40
0.25
41
1.0
50
0.0
51
0.0
10
978.8634            
20
5033.0202           
30
52.2253             
1
 52.225
0
TEXT
8
CO_ORDS
62
3
7
STD
40
0.25
41
1.0
50
0.0
51
0.0
10
978.8634            
20
5033.0202           
30
52.2253             
1
 978.863 5033.0200
INSERT
8
POINT
62
2
2
CROSS
10
978.4777            
20
5032.9020           
30
52.0119             
41
0.002
42
0.002
43
0.002
50
0.0
0
TEXT
8
CODE
62
3
7
STD
40
0.25
41
1.0
50
0.0
51
0.0
10
978.4777            
20
5032.9020           
30
52.0119             
1
 MF
0
TEXT
8
PT_ID
62
3
7
STD
40
0.25
41
1.0
50
0.0
51
0.0
10
978.4777            
20
5032.9020           
30
52.0119             
1
 27
0
TEXT
8
HEIGHT
62
3
7
STD
40
0.25
41
1.0
50
0.0
51
0.0
10
978.4777            
20
5032.9020           
30
52.0119             
1
 52.012
0
TEXT
8
CO_ORDS
62
3
7
STD
40
0.25
41
1.0
50
0.0
51
0.0
10
978.4777            
20
5032.9020           
30
52.0119             
1
 978.478 5032.9020
INSERT
8
POINT
62
2
2
CROSS
10
978.5480            
20
5032.9045           
30
52.2200             
41
0.002
42
0.002
43
0.002
50
0.0
0
TEXT
8
CODE
62
3
7
STD
40
0.25
41
1.0
50
0.0
51
0.0
10
978.5480            
20
5032.9045           
30
52.2200             
1
 MF
0
TEXT
8
PT_ID
62
3
7
STD
40
0.25
41
1.0
50
0.0
51
0.0
10
978.5480            
20
5032.9045           
30
52.2200             
1
 28
0
TEXT
8
HEIGHT
62
3
7
STD
40
0.25
41
1.0
50
0.0
51
0.0
10
978.5480            
20
5032.9045           
30
52.2200             
1
 52.220
0
TEXT
8
CO_ORDS
62
3
7
STD
40
0.25
41
1.0
50
0.0
51
0.0
10
978.5480            
20
5032.9045           
30
52.2200             
1
 978.548 5032.9050
INSERT
8
POINT
62
2
2
CROSS
10
976.2850            
20
5036.5470           
30
52.2466             
41
0.002
42
0.002
43
0.002
50
0.0
0
TEXT
8
CODE
62
3
7
STD
40
0.25
41
1.0
50
0.0
51
0.0
10
976.2850            
20
5036.5470           
30
52.2466             
1
 MF
0
TEXT
8
PT_ID
62
3
7
STD
40
0.25
41
1.0
50
0.0
51
0.0
10
976.2850            
20
5036.5470           
30
52.2466             
1
 29
0
TEXT
8
HEIGHT
62
3
7
STD
40
0.25
41
1.0
50
0.0
51
0.0
10
976.2850            
20
5036.5470           
30
52.2466             
1
 52.247
0
TEXT
8
CO_ORDS
62
3
7
STD
40
0.25
41
1.0
50
0.0
51
0.0
10
976.2850            
20
5036.5470           
30
52.2466             
1
 976.285 5036.5470
INSERT
8
POINT
62
2
2
CROSS
10
976.2897            
20
5036.6035           
30
52.4394             
41
0.002
42
0.002
43
0.002
50
0.0
0
TEXT
8
CODE
62
3
7
STD
40
0.25
41
1.0
50
0.0
51
0.0
10
976.2897            
20
5036.6035           
30
52.4394             
1
 MF
0
TEXT
8
PT_ID
62
3
7
STD
40
0.25
41
1.0
50
0.0
51
0.0
10
976.2897            
20
5036.6035           
30
52.4394             
1
 30
0
TEXT
8
HEIGHT
62
3
7
STD
40
0.25
41
1.0
50
0.0
51
0.0
10
976.2897            
20
5036.6035           
30
52.4394             
1
 52.439
0
TEXT
8
CO_ORDS
62
3
7
STD
40
0.25
41
1.0
50
0.0
51
0.0
10
976.2897            
20
5036.6035           
30
52.4394             
1
 976.290 5036.6040
INSERT
8
POINT
62
2
2
CROSS
10
974.0851            
20
5040.1355           
30
52.4291             
41
0.002
42
0.002
43
0.002
50
0.0
0
TEXT
8
CODE
62
3
7
STD
40
0.25
41
1.0
50
0.0
51
0.0
10
974.0851            
20
5040.1355           
30
52.4291             
1
 MF
0
TEXT
8
PT_ID
62
3
7
STD
40
0.25
41
1.0
50
0.0
51
0.0
10
974.0851            
20
5040.1355           
30
52.4291             
1
 31
0
TEXT
8
HEIGHT
62
3
7
STD
40
0.25
41
1.0
50
0.0
51
0.0
10
974.0851            
20
5040.1355           
30
52.4291             
1
 52.429
0
TEXT
8
CO_ORDS
62
3
7
STD
40
0.25
41
1.0
50
0.0
51
0.0
10
974.0851            
20
5040.1355           
30
52.4291             
1
 974.085 5040.1350
INSERT
8
POINT
62
2
2
CROSS
10
974.1402            
20
5040.2713           
30
52.6117             
41
0.002
42
0.002
43
0.002
50
0.0
0
TEXT
8
CODE
62
3
7
STD
40
0.25
41
1.0
50
0.0
51
0.0
10
974.1402            
20
5040.2713           
30
52.6117             
1
 MF
0
TEXT
8
PT_ID
62
3
7
STD
40
0.25
41
1.0
50
0.0
51
0.0
10
974.1402            
20
5040.2713           
30
52.6117             
1
 32
0
TEXT
8
HEIGHT
62
3
7
STD
40
0.25
41
1.0
50
0.0
51
0.0
10
974.1402            
20
5040.2713           
30
52.6117             
1
 52.612
0
TEXT
8
CO_ORDS
62
3
7
STD
40
0.25
41
1.0
50
0.0
51
0.0
10
974.1402            
20
5040.2713           
30
52.6117             
1
 974.140 5040.2710
INSERT
8
POINT
62
2
2
CROSS
10
971.7378            
20
5044.1379           
30
52.6770             
41
0.002
42
0.002
43
0.002
50
0.0
0
TEXT
8
CODE
62
3
7
STD
40
0.25
41
1.0
50
0.0
51
0.0
10
971.7378            
20
5044.1379           
30
52.6770             
1
 MF
0
TEXT
8
PT_ID
62
3
7
STD
40
0.25
41
1.0
50
0.0
51
0.0
10
971.7378            
20
5044.1379           
30
52.6770             
1
 33
0
TEXT
8
HEIGHT
62
3
7
STD
40
0.25
41
1.0
50
0.0
51
0.0
10
971.7378            
20
5044.1379           
30
52.6770             
1
 52.677
0
TEXT
8
CO_ORDS
62
3
7
STD
40
0.25
41
1.0
50
0.0
51
0.0
10
971.7378            
20
5044.1379           
30
52.6770             
1
 971.738 5044.1380
INSERT
8
POINT
62
2
2
CROSS
10
971.7414            
20
5044.2426           
30
52.8408             
41
0.002
42
0.002
43
0.002
50
0.0
0
TEXT
8
CODE
62
3
7
STD
40
0.25
41
1.0
50
0.0
51
0.0
10
971.7414            
20
5044.2426           
30
52.8408             
1
 MF
0
TEXT
8
PT_ID
62
3
7
STD
40
0.25
41
1.0
50
0.0
51
0.0
10
971.7414            
20
5044.2426           
30
52.8408             
1
 34
0
TEXT
8
HEIGHT
62
3
7
STD
40
0.25
41
1.0
50
0.0
51
0.0
10
971.7414            
20
5044.2426           
30
52.8408             
1
 52.841
0
TEXT
8
CO_ORDS
62
3
7
STD
40
0.25
41
1.0
50
0.0
51
0.0
10
971.7414            
20
5044.2426           
30
52.8408             
1
 971.741 5044.2430
INSERT
8
POINT
62
2
2
CROSS
10
969.3033            
20
5047.7075           
30
52.8299             
41
0.002
42
0.002
43
0.002
50
0.0
0
TEXT
8
CODE
62
3
7
STD
40
0.25
41
1.0
50
0.0
51
0.0
10
969.3033            
20
5047.7075           
30
52.8299             
1
 MF
0
TEXT
8
PT_ID
62
3
7
STD
40
0.25
41
1.0
50
0.0
51
0.0
10
969.3033            
20
5047.7075           
30
52.8299             
1
 35
0
TEXT
8
HEIGHT
62
3
7
STD
40
0.25
41
1.0
50
0.0
51
0.0
10
969.3033            
20
5047.7075           
30
52.8299             
1
 52.830
0
TEXT
8
CO_ORDS
62
3
7
STD
40
0.25
41
1.0
50
0.0
51
0.0
10
969.3033            
20
5047.7075           
30
52.8299             
1
 969.303 5047.7070
INSERT
8
POINT
62
2
2
CROSS
10
969.3208            
20
5047.7817           
30
52.9574             
41
0.002
42
0.002
43
0.002
50
0.0
0
TEXT
8
CODE
62
3
7
STD
40
0.25
41
1.0
50
0.0
51
0.0
10
969.3208            
20
5047.7817           
30
52.9574             
1
 MF
0
TEXT
8
PT_ID
62
3
7
STD
40
0.25
41
1.0
50
0.0
51
0.0
10
969.3208            
20
5047.7817           
30
52.9574             
1
 36
0
TEXT
8
HEIGHT
62
3
7
STD
40
0.25
41
1.0
50
0.0
51
0.0
10
969.3208            
20
5047.7817           
30
52.9574             
1
 52.957
0
TEXT
8
CO_ORDS
62
3
7
STD
40
0.25
41
1.0
50
0.0
51
0.0
10
969.3208            
20
5047.7817           
30
52.9574             
1
 969.321 5047.7820
INSERT
8
POINT
62
2
2
CROSS
10
967.0196            
20
5051.1772           
30
52.9695             
41
0.002
42
0.002
43
0.002
50
0.0
0
TEXT
8
CODE
62
3
7
STD
40
0.25
41
1.0
50
0.0
51
0.0
10
967.0196            
20
5051.1772           
30
52.9695             
1
 MF
0
TEXT
8
PT_ID
62
3
7
STD
40
0.25
41
1.0
50
0.0
51
0.0
10
967.0196            
20
5051.1772           
30
52.9695             
1
 37
0
TEXT
8
HEIGHT
62
3
7
STD
40
0.25
41
1.0
50
0.0
51
0.0
10
967.0196            
20
5051.1772           
30
52.9695             
1
 52.969
0
TEXT
8
CO_ORDS
62
3
7
STD
40
0.25
41
1.0
50
0.0
51
0.0
10
967.0196            
20
5051.1772           
30
52.9695             
1
 967.020 5051.1770
INSERT
8
POINT
62
2
2
CROSS
10
967.0460            
20
5051.2576           
30
53.0988             
41
0.002
42
0.002
43
0.002
50
0.0
0
TEXT
8
CODE
62
3
7
STD
40
0.25
41
1.0
50
0.0
51
0.0
10
967.0460            
20
5051.2576           
30
53.0988             
1
 MF
0
TEXT
8
PT_ID
62
3
7
STD
40
0.25
41
1.0
50
0.0
51
0.0
10
967.0460            
20
5051.2576           
30
53.0988             
1
 38
0
TEXT
8
HEIGHT
62
3
7
STD
40
0.25
41
1.0
50
0.0
51
0.0
10
967.0460            
20
5051.2576           
30
53.0988             
1
 53.099
0
TEXT
8
CO_ORDS
62
3
7
STD
40
0.25
41
1.0
50
0.0
51
0.0
10
967.0460            
20
5051.2576           
30
53.0988             
1
 967.046 5051.2580
INSERT
8
POINT
62
2
2
CROSS
10
964.8496            
20
5054.4062           
30
53.0588             
41
0.002
42
0.002
43
0.002
50
0.0
0
TEXT
8
CODE
62
3
7
STD
40
0.25
41
1.0
50
0.0
51
0.0
10
964.8496            
20
5054.4062           
30
53.0588             
1
 MF
0
TEXT
8
PT_ID
62
3
7
STD
40
0.25
41
1.0
50
0.0
51
0.0
10
964.8496            
20
5054.4062           
30
53.0588             
1
 39
0
TEXT
8
HEIGHT
62
3
7
STD
40
0.25
41
1.0
50
0.0
51
0.0
10
964.8496            
20
5054.4062           
30
53.0588             
1
 53.059
0
TEXT
8
CO_ORDS
62
3
7
STD
40
0.25
41
1.0
50
0.0
51
0.0
10
964.8496            
20
5054.4062           
30
53.0588             
1
 964.850 5054.4060
INSERT
8
POINT
62
2
2
CROSS
10
964.8975            
20
5054.4781           
30
53.2166             
41
0.002
42
0.002
43
0.002
50
0.0
0
TEXT
8
CODE
62
3
7
STD
40
0.25
41
1.0
50
0.0
51
0.0
10
964.8975            
20
5054.4781           
30
53.2166             
1
 MF
0
TEXT
8
PT_ID
62
3
7
STD
40
0.25
41
1.0
50
0.0
51
0.0
10
964.8975            
20
5054.4781           
30
53.2166             
1
 40
0
TEXT
8
HEIGHT
62
3
7
STD
40
0.25
41
1.0
50
0.0
51
0.0
10
964.8975            
20
5054.4781           
30
53.2166             
1
 53.217
0
TEXT
8
CO_ORDS
62
3
7
STD
40
0.25
41
1.0
50
0.0
51
0.0
10
964.8975            
20
5054.4781           
30
53.2166             
1
 964.898 5054.4780
INSERT
8
POINT
62
2
2
CROSS
10
962.6269            
20
5057.8046           
30
53.2067             
41
0.002
42
0.002
43
0.002
50
0.0
0
TEXT
8
CODE
62
3
7
STD
40
0.25
41
1.0
50
0.0
51
0.0
10
962.6269            
20
5057.8046           
30
53.2067             
1
 MF
0
TEXT
8
PT_ID
62
3
7
STD
40
0.25
41
1.0
50
0.0
51
0.0
10
962.6269            
20
5057.8046           
30
53.2067             
1
 41
0
TEXT
8
HEIGHT
62
3
7
STD
40
0.25
41
1.0
50
0.0
51
0.0
10
962.6269            
20
5057.8046           
30
53.2067             
1
 53.207
0
TEXT
8
CO_ORDS
62
3
7
STD
40
0.25
41
1.0
50
0.0
51
0.0
10
962.6269            
20
5057.8046           
30
53.2067             
1
 962.627 5057.8050
INSERT
8
POINT
62
2
2
CROSS
10
962.6586            
20
5057.8999           
30
53.3685             
41
0.002
42
0.002
43
0.002
50
0.0
0
TEXT
8
CODE
62
3
7
STD
40
0.25
41
1.0
50
0.0
51
0.0
10
962.6586            
20
5057.8999           
30
53.3685             
1
 MF
0
TEXT
8
PT_ID
62
3
7
STD
40
0.25
41
1.0
50
0.0
51
0.0
10
962.6586            
20
5057.8999           
30
53.3685             
1
 42
0
TEXT
8
HEIGHT
62
3
7
STD
40
0.25
41
1.0
50
0.0
51
0.0
10
962.6586            
20
5057.8999           
30
53.3685             
1
 53.368
0
TEXT
8
CO_ORDS
62
3
7
STD
40
0.25
41
1.0
50
0.0
51
0.0
10
962.6586            
20
5057.8999           
30
53.3685             
1
 962.659 5057.9000
INSERT
8
POINT
62
2
2
CROSS
10
961.3023            
20
5061.5000           
30
53.3576             
41
0.002
42
0.002
43
0.002
50
0.0
0
TEXT
8
CODE
62
3
7
STD
40
0.25
41
1.0
50
0.0
51
0.0
10
961.3023            
20
5061.5000           
30
53.3576             
1
 MF
0
TEXT
8
PT_ID
62
3
7
STD
40
0.25
41
1.0
50
0.0
51
0.0
10
961.3023            
20
5061.5000           
30
53.3576             
1
 43
0
TEXT
8
HEIGHT
62
3
7
STD
40
0.25
41
1.0
50
0.0
51
0.0
10
961.3023            
20
5061.5000           
30
53.3576             
1
 53.358
0
TEXT
8
CO_ORDS
62
3
7
STD
40
0.25
41
1.0
50
0.0
51
0.0
10
961.3023            
20
5061.5000           
30
53.3576             
1
 961.302 5061.5000
INSERT
8
POINT
62
2
2
CROSS
10
961.6817            
20
5061.4496           
30
53.4773             
41
0.002
42
0.002
43
0.002
50
0.0
0
TEXT
8
CODE
62
3
7
STD
40
0.25
41
1.0
50
0.0
51
0.0
10
961.6817            
20
5061.4496           
30
53.4773             
1
 MF
0
TEXT
8
PT_ID
62
3
7
STD
40
0.25
41
1.0
50
0.0
51
0.0
10
961.6817            
20
5061.4496           
30
53.4773             
1
 44
0
TEXT
8
HEIGHT
62
3
7
STD
40
0.25
41
1.0
50
0.0
51
0.0
10
961.6817            
20
5061.4496           
30
53.4773             
1
 53.477
0
TEXT
8
CO_ORDS
62
3
7
STD
40
0.25
41
1.0
50
0.0
51
0.0
10
961.6817            
20
5061.4496           
30
53.4773             
1
 961.682 5061.4500
INSERT
8
POINT
62
2
2
CROSS
10
962.8880            
20
5065.8614           
30
53.5331             
41
0.002
42
0.002
43
0.002
50
0.0
0
TEXT
8
CODE
62
3
7
STD
40
0.25
41
1.0
50
0.0
51
0.0
10
962.8880            
20
5065.8614           
30
53.5331             
1
 MF
0
TEXT
8
PT_ID
62
3
7
STD
40
0.25
41
1.0
50
0.0
51
0.0
10
962.8880            
20
5065.8614           
30
53.5331             
1
 45
0
TEXT
8
HEIGHT
62
3
7
STD
40
0.25
41
1.0
50
0.0
51
0.0
10
962.8880            
20
5065.8614           
30
53.5331             
1
 53.533
0
TEXT
8
CO_ORDS
62
3
7
STD
40
0.25
41
1.0
50
0.0
51
0.0
10
962.8880            
20
5065.8614           
30
53.5331             
1
 962.888 5065.8610
INSERT
8
POINT
62
2
2
CROSS
10
963.3531            
20
5065.6889           
30
53.6734             
41
0.002
42
0.002
43
0.002
50
0.0
0
TEXT
8
CODE
62
3
7
STD
40
0.25
41
1.0
50
0.0
51
0.0
10
963.3531            
20
5065.6889           
30
53.6734             
1
 MF
0
TEXT
8
PT_ID
62
3
7
STD
40
0.25
41
1.0
50
0.0
51
0.0
10
963.3531            
20
5065.6889           
30
53.6734             
1
 46
0
TEXT
8
HEIGHT
62
3
7
STD
40
0.25
41
1.0
50
0.0
51
0.0
10
963.3531            
20
5065.6889           
30
53.6734             
1
 53.673
0
TEXT
8
CO_ORDS
62
3
7
STD
40
0.25
41
1.0
50
0.0
51
0.0
10
963.3531            
20
5065.6889           
30
53.6734             
1
 963.353 5065.6890
INSERT
8
POINT
62
2
2
CROSS
10
966.3703            
20
5068.9403           
30
53.7051             
41
0.002
42
0.002
43
0.002
50
0.0
0
TEXT
8
CODE
62
3
7
STD
40
0.25
41
1.0
50
0.0
51
0.0
10
966.3703            
20
5068.9403           
30
53.7051             
1
 MF
0
TEXT
8
PT_ID
62
3
7
STD
40
0.25
41
1.0
50
0.0
51
0.0
10
966.3703            
20
5068.9403           
30
53.7051             
1
 47
0
TEXT
8
HEIGHT
62
3
7
STD
40
0.25
41
1.0
50
0.0
51
0.0
10
966.3703            
20
5068.9403           
30
53.7051             
1
 53.705
0
TEXT
8
CO_ORDS
62
3
7
STD
40
0.25
41
1.0
50
0.0
51
0.0
10
966.3703            
20
5068.9403           
30
53.7051             
1
 966.370 5068.9400
INSERT
8
POINT
62
2
2
CROSS
10
966.6919            
20
5068.6091           
30
53.8165             
41
0.002
42
0.002
43
0.002
50
0.0
0
TEXT
8
CODE
62
3
7
STD
40
0.25
41
1.0
50
0.0
51
0.0
10
966.6919            
20
5068.6091           
30
53.8165             
1
 MF
0
TEXT
8
PT_ID
62
3
7
STD
40
0.25
41
1.0
50
0.0
51
0.0
10
966.6919            
20
5068.6091           
30
53.8165             
1
 48
0
TEXT
8
HEIGHT
62
3
7
STD
40
0.25
41
1.0
50
0.0
51
0.0
10
966.6919            
20
5068.6091           
30
53.8165             
1
 53.817
0
TEXT
8
CO_ORDS
62
3
7
STD
40
0.25
41
1.0
50
0.0
51
0.0
10
966.6919            
20
5068.6091           
30
53.8165             
1
 966.692 5068.6090
INSERT
8
POINT
62
2
2
CROSS
10
968.9264            
20
5070.0047           
30
53.8130             
41
0.002
42
0.002
43
0.002
50
0.0
0
TEXT
8
CODE
62
3
7
STD
40
0.25
41
1.0
50
0.0
51
0.0
10
968.9264            
20
5070.0047           
30
53.8130             
1
 MF
0
TEXT
8
PT_ID
62
3
7
STD
40
0.25
41
1.0
50
0.0
51
0.0
10
968.9264            
20
5070.0047           
30
53.8130             
1
 49
0
TEXT
8
HEIGHT
62
3
7
STD
40
0.25
41
1.0
50
0.0
51
0.0
10
968.9264            
20
5070.0047           
30
53.8130             
1
 53.813
0
TEXT
8
CO_ORDS
62
3
7
STD
40
0.25
41
1.0
50
0.0
51
0.0
10
968.9264            
20
5070.0047           
30
53.8130             
1
 968.926 5070.0050
INSERT
8
POINT
62
2
2
CROSS
10
969.1737            
20
5069.5817           
30
53.8917             
41
0.002
42
0.002
43
0.002
50
0.0
0
TEXT
8
CODE
62
3
7
STD
40
0.25
41
1.0
50
0.0
51
0.0
10
969.1737            
20
5069.5817           
30
53.8917             
1
 MF
0
TEXT
8
PT_ID
62
3
7
STD
40
0.25
41
1.0
50
0.0
51
0.0
10
969.1737            
20
5069.5817           
30
53.8917             
1
 50
0
TEXT
8
HEIGHT
62
3
7
STD
40
0.25
41
1.0
50
0.0
51
0.0
10
969.1737            
20
5069.5817           
30
53.8917             
1
 53.892
0
TEXT
8
CO_ORDS
62
3
7
STD
40
0.25
41
1.0
50
0.0
51
0.0
10
969.1737            
20
5069.5817           
30
53.8917             
1
 969.174 5069.5820
INSERT
8
POINT
62
2
2
CROSS
10
934.6879            
20
5073.9328           
30
53.7037             
41
0.002
42
0.002
43
0.002
50
0.0
0
TEXT
8
CODE
62
3
7
STD
40
0.25
41
1.0
50
0.0
51
0.0
10
934.6879            
20
5073.9328           
30
53.7037             
1
 MF
0
TEXT
8
PT_ID
62
3
7
STD
40
0.25
41
1.0
50
0.0
51
0.0
10
934.6879            
20
5073.9328           
30
53.7037             
1
 51
0
TEXT
8
HEIGHT
62
3
7
STD
40
0.25
41
1.0
50
0.0
51
0.0
10
934.6879            
20
5073.9328           
30
53.7037             
1
 53.704
0
TEXT
8
CO_ORDS
62
3
7
STD
40
0.25
41
1.0
50
0.0
51
0.0
10
934.6879            
20
5073.9328           
30
53.7037             
1
 934.688 5073.9330
INSERT
8
POINT
62
2
2
CROSS
10
934.6066            
20
5074.0242           
30
53.8508             
41
0.002
42
0.002
43
0.002
50
0.0
0
TEXT
8
CODE
62
3
7
STD
40
0.25
41
1.0
50
0.0
51
0.0
10
934.6066            
20
5074.0242           
30
53.8508             
1
 MF
0
TEXT
8
PT_ID
62
3
7
STD
40
0.25
41
1.0
50
0.0
51
0.0
10
934.6066            
20
5074.0242           
30
53.8508             
1
 52
0
TEXT
8
HEIGHT
62
3
7
STD
40
0.25
41
1.0
50
0.0
51
0.0
10
934.6066            
20
5074.0242           
30
53.8508             
1
 53.851
0
TEXT
8
CO_ORDS
62
3
7
STD
40
0.25
41
1.0
50
0.0
51
0.0
10
934.6066            
20
5074.0242           
30
53.8508             
1
 934.607 5074.0240
INSERT
8
POINT
62
2
2
CROSS
10
935.0688            
20
5074.4349           
30
53.7164             
41
0.002
42
0.002
43
0.002
50
0.0
0
TEXT
8
CODE
62
3
7
STD
40
0.25
41
1.0
50
0.0
51
0.0
10
935.0688            
20
5074.4349           
30
53.7164             
1
 MF
0
TEXT
8
PT_ID
62
3
7
STD
40
0.25
41
1.0
50
0.0
51
0.0
10
935.0688            
20
5074.4349           
30
53.7164             
1
 53
0
TEXT
8
HEIGHT
62
3
7
STD
40
0.25
41
1.0
50
0.0
51
0.0
10
935.0688            
20
5074.4349           
30
53.7164             
1
 53.716
0
TEXT
8
CO_ORDS
62
3
7
STD
40
0.25
41
1.0
50
0.0
51
0.0
10
935.0688            
20
5074.4349           
30
53.7164             
1
 935.069 5074.4350
INSERT
8
POINT
62
2
2
CROSS
10
935.0011            
20
5074.4815           
30
53.8541             
41
0.002
42
0.002
43
0.002
50
0.0
0
TEXT
8
CODE
62
3
7
STD
40
0.25
41
1.0
50
0.0
51
0.0
10
935.0011            
20
5074.4815           
30
53.8541             
1
 MF
0
TEXT
8
PT_ID
62
3
7
STD
40
0.25
41
1.0
50
0.0
51
0.0
10
935.0011            
20
5074.4815           
30
53.8541             
1
 54
0
TEXT
8
HEIGHT
62
3
7
STD
40
0.25
41
1.0
50
0.0
51
0.0
10
935.0011            
20
5074.4815           
30
53.8541             
1
 53.854
0
TEXT
8
CO_ORDS
62
3
7
STD
40
0.25
41
1.0
50
0.0
51
0.0
10
935.0011            
20
5074.4815           
30
53.8541             
1
 935.001 5074.4820
INSERT
8
POINT
62
2
2
CROSS
10
935.0412            
20
5075.1778           
30
53.7106             
41
0.002
42
0.002
43
0.002
50
0.0
0
TEXT
8
CODE
62
3
7
STD
40
0.25
41
1.0
50
0.0
51
0.0
10
935.0412            
20
5075.1778           
30
53.7106             
1
 MF
0
TEXT
8
PT_ID
62
3
7
STD
40
0.25
41
1.0
50
0.0
51
0.0
10
935.0412            
20
5075.1778           
30
53.7106             
1
 55
0
TEXT
8
HEIGHT
62
3
7
STD
40
0.25
41
1.0
50
0.0
51
0.0
10
935.0412            
20
5075.1778           
30
53.7106             
1
 53.711
0
TEXT
8
CO_ORDS
62
3
7
STD
40
0.25
41
1.0
50
0.0
51
0.0
10
935.0412            
20
5075.1778           
30
53.7106             
1
 935.041 5075.1780
INSERT
8
POINT
62
2
2
CROSS
10
934.9785            
20
5075.1868           
30
53.8757             
41
0.002
42
0.002
43
0.002
50
0.0
0
TEXT
8
CODE
62
3
7
STD
40
0.25
41
1.0
50
0.0
51
0.0
10
934.9785            
20
5075.1868           
30
53.8757             
1
 MF
0
TEXT
8
PT_ID
62
3
7
STD
40
0.25
41
1.0
50
0.0
51
0.0
10
934.9785            
20
5075.1868           
30
53.8757             
1
 56
0
TEXT
8
HEIGHT
62
3
7
STD
40
0.25
41
1.0
50
0.0
51
0.0
10
934.9785            
20
5075.1868           
30
53.8757             
1
 53.876
0
TEXT
8
CO_ORDS
62
3
7
STD
40
0.25
41
1.0
50
0.0
51
0.0
10
934.9785            
20
5075.1868           
30
53.8757             
1
 934.978 5075.1870
INSERT
8
POINT
62
2
2
CROSS
10
932.4064            
20
5078.1070           
30
53.8164             
41
0.002
42
0.002
43
0.002
50
0.0
0
TEXT
8
CODE
62
3
7
STD
40
0.25
41
1.0
50
0.0
51
0.0
10
932.4064            
20
5078.1070           
30
53.8164             
1
 MF
0
TEXT
8
PT_ID
62
3
7
STD
40
0.25
41
1.0
50
0.0
51
0.0
10
932.4064            
20
5078.1070           
30
53.8164             
1
 57
0
TEXT
8
HEIGHT
62
3
7
STD
40
0.25
41
1.0
50
0.0
51
0.0
10
932.4064            
20
5078.1070           
30
53.8164             
1
 53.816
0
TEXT
8
CO_ORDS
62
3
7
STD
40
0.25
41
1.0
50
0.0
51
0.0
10
932.4064            
20
5078.1070           
30
53.8164             
1
 932.406 5078.1070
INSERT
8
POINT
62
2
2
CROSS
10
932.3679            
20
5078.0474           
30
53.9975             
41
0.002
42
0.002
43
0.002
50
0.0
0
TEXT
8
CODE
62
3
7
STD
40
0.25
41
1.0
50
0.0
51
0.0
10
932.3679            
20
5078.0474           
30
53.9975             
1
 MF
0
TEXT
8
PT_ID
62
3
7
STD
40
0.25
41
1.0
50
0.0
51
0.0
10
932.3679            
20
5078.0474           
30
53.9975             
1
 58
0
TEXT
8
HEIGHT
62
3
7
STD
40
0.25
41
1.0
50
0.0
51
0.0
10
932.3679            
20
5078.0474           
30
53.9975             
1
 53.998
0
TEXT
8
CO_ORDS
62
3
7
STD
40
0.25
41
1.0
50
0.0
51
0.0
10
932.3679            
20
5078.0474           
30
53.9975             
1
 932.368 5078.0470
INSERT
8
POINT
62
2
2
CROSS
10
930.0145            
20
5080.7233           
30
53.9006             
41
0.002
42
0.002
43
0.002
50
0.0
0
TEXT
8
CODE
62
3
7
STD
40
0.25
41
1.0
50
0.0
51
0.0
10
930.0145            
20
5080.7233           
30
53.9006             
1
 MF
0
TEXT
8
PT_ID
62
3
7
STD
40
0.25
41
1.0
50
0.0
51
0.0
10
930.0145            
20
5080.7233           
30
53.9006             
1
 59
0
TEXT
8
HEIGHT
62
3
7
STD
40
0.25
41
1.0
50
0.0
51
0.0
10
930.0145            
20
5080.7233           
30
53.9006             
1
 53.901
0
TEXT
8
CO_ORDS
62
3
7
STD
40
0.25
41
1.0
50
0.0
51
0.0
10
930.0145            
20
5080.7233           
30
53.9006             
1
 930.014 5080.7230
INSERT
8
POINT
62
2
2
CROSS
10
929.9494            
20
5080.5978           
30
54.0388             
41
0.002
42
0.002
43
0.002
50
0.0
0
TEXT
8
CODE
62
3
7
STD
40
0.25
41
1.0
50
0.0
51
0.0
10
929.9494            
20
5080.5978           
30
54.0388             
1
 MF
0
TEXT
8
PT_ID
62
3
7
STD
40
0.25
41
1.0
50
0.0
51
0.0
10
929.9494            
20
5080.5978           
30
54.0388             
1
 60
0
TEXT
8
HEIGHT
62
3
7
STD
40
0.25
41
1.0
50
0.0
51
0.0
10
929.9494            
20
5080.5978           
30
54.0388             
1
 54.039
0
TEXT
8
CO_ORDS
62
3
7
STD
40
0.25
41
1.0
50
0.0
51
0.0
10
929.9494            
20
5080.5978           
30
54.0388             
1
 929.949 5080.5980
INSERT
8
POINT
62
2
2
CROSS
10
928.7132            
20
5082.2185           
30
53.9393             
41
0.002
42
0.002
43
0.002
50
0.0
0
TEXT
8
CODE
62
3
7
STD
40
0.25
41
1.0
50
0.0
51
0.0
10
928.7132            
20
5082.2185           
30
53.9393             
1
 MF
0
TEXT
8
PT_ID
62
3
7
STD
40
0.25
41
1.0
50
0.0
51
0.0
10
928.7132            
20
5082.2185           
30
53.9393             
1
 61
0
TEXT
8
HEIGHT
62
3
7
STD
40
0.25
41
1.0
50
0.0
51
0.0
10
928.7132            
20
5082.2185           
30
53.9393             
1
 53.939
0
TEXT
8
CO_ORDS
62
3
7
STD
40
0.25
41
1.0
50
0.0
51
0.0
10
928.7132            
20
5082.2185           
30
53.9393             
1
 928.713 5082.2190
INSERT
8
POINT
62
2
2
CROSS
10
928.5730            
20
5082.0334           
30
54.0955             
41
0.002
42
0.002
43
0.002
50
0.0
0
TEXT
8
CODE
62
3
7
STD
40
0.25
41
1.0
50
0.0
51
0.0
10
928.5730            
20
5082.0334           
30
54.0955             
1
 MF
0
TEXT
8
PT_ID
62
3
7
STD
40
0.25
41
1.0
50
0.0
51
0.0
10
928.5730            
20
5082.0334           
30
54.0955             
1
 62
0
TEXT
8
HEIGHT
62
3
7
STD
40
0.25
41
1.0
50
0.0
51
0.0
10
928.5730            
20
5082.0334           
30
54.0955             
1
 54.096
0
TEXT
8
CO_ORDS
62
3
7
STD
40
0.25
41
1.0
50
0.0
51
0.0
10
928.5730            
20
5082.0334           
30
54.0955             
1
 928.573 5082.0330
INSERT
8
POINT
62
2
2
CROSS
10
927.5563            
20
5082.7697           
30
53.9645             
41
0.002
42
0.002
43
0.002
50
0.0
0
TEXT
8
CODE
62
3
7
STD
40
0.25
41
1.0
50
0.0
51
0.0
10
927.5563            
20
5082.7697           
30
53.9645             
1
 MF
0
TEXT
8
PT_ID
62
3
7
STD
40
0.25
41
1.0
50
0.0
51
0.0
10
927.5563            
20
5082.7697           
30
53.9645             
1
 63
0
TEXT
8
HEIGHT
62
3
7
STD
40
0.25
41
1.0
50
0.0
51
0.0
10
927.5563            
20
5082.7697           
30
53.9645             
1
 53.965
0
TEXT
8
CO_ORDS
62
3
7
STD
40
0.25
41
1.0
50
0.0
51
0.0
10
927.5563            
20
5082.7697           
30
53.9645             
1
 927.556 5082.7700
INSERT
8
POINT
62
2
2
CROSS
10
927.6245            
20
5082.4540           
30
54.1244             
41
0.002
42
0.002
43
0.002
50
0.0
0
TEXT
8
CODE
62
3
7
STD
40
0.25
41
1.0
50
0.0
51
0.0
10
927.6245            
20
5082.4540           
30
54.1244             
1
 MF
0
TEXT
8
PT_ID
62
3
7
STD
40
0.25
41
1.0
50
0.0
51
0.0
10
927.6245            
20
5082.4540           
30
54.1244             
1
 64
0
TEXT
8
HEIGHT
62
3
7
STD
40
0.25
41
1.0
50
0.0
51
0.0
10
927.6245            
20
5082.4540           
30
54.1244             
1
 54.124
0
TEXT
8
CO_ORDS
62
3
7
STD
40
0.25
41
1.0
50
0.0
51
0.0
10
927.6245            
20
5082.4540           
30
54.1244             
1
 927.625 5082.4540
INSERT
8
POINT
62
2
2
CROSS
10
927.1493            
20
5082.2229           
30
53.9678             
41
0.002
42
0.002
43
0.002
50
0.0
0
TEXT
8
CODE
62
3
7
STD
40
0.25
41
1.0
50
0.0
51
0.0
10
927.1493            
20
5082.2229           
30
53.9678             
1
 MF
0
TEXT
8
PT_ID
62
3
7
STD
40
0.25
41
1.0
50
0.0
51
0.0
10
927.1493            
20
5082.2229           
30
53.9678             
1
 65
0
TEXT
8
HEIGHT
62
3
7
STD
40
0.25
41
1.0
50
0.0
51
0.0
10
927.1493            
20
5082.2229           
30
53.9678             
1
 53.968
0
TEXT
8
CO_ORDS
62
3
7
STD
40
0.25
41
1.0
50
0.0
51
0.0
10
927.1493            
20
5082.2229           
30
53.9678             
1
 927.149 5082.2230
INSERT
8
POINT
62
2
2
CROSS
10
927.2847            
20
5082.1718           
30
54.1264             
41
0.002
42
0.002
43
0.002
50
0.0
0
TEXT
8
CODE
62
3
7
STD
40
0.25
41
1.0
50
0.0
51
0.0
10
927.2847            
20
5082.1718           
30
54.1264             
1
 MF
0
TEXT
8
PT_ID
62
3
7
STD
40
0.25
41
1.0
50
0.0
51
0.0
10
927.2847            
20
5082.1718           
30
54.1264             
1
 66
0
TEXT
8
HEIGHT
62
3
7
STD
40
0.25
41
1.0
50
0.0
51
0.0
10
927.2847            
20
5082.1718           
30
54.1264             
1
 54.126
0
TEXT
8
CO_ORDS
62
3
7
STD
40
0.25
41
1.0
50
0.0
51
0.0
10
927.2847            
20
5082.1718           
30
54.1264             
1
 927.285 5082.1720
INSERT
8
POINT
62
2
2
CROSS
10
928.4446            
20
5077.1547           
30
53.8109             
41
0.002
42
0.002
43
0.002
50
0.0
0
TEXT
8
CODE
62
3
7
STD
40
0.25
41
1.0
50
0.0
51
0.0
10
928.4446            
20
5077.1547           
30
53.8109             
1
 MF
0
TEXT
8
PT_ID
62
3
7
STD
40
0.25
41
1.0
50
0.0
51
0.0
10
928.4446            
20
5077.1547           
30
53.8109             
1
 67
0
TEXT
8
HEIGHT
62
3
7
STD
40
0.25
41
1.0
50
0.0
51
0.0
10
928.4446            
20
5077.1547           
30
53.8109             
1
 53.811
0
TEXT
8
CO_ORDS
62
3
7
STD
40
0.25
41
1.0
50
0.0
51
0.0
10
928.4446            
20
5077.1547           
30
53.8109             
1
 928.445 5077.1550
INSERT
8
POINT
62
2
2
CROSS
10
928.6364            
20
5077.0481           
30
53.9409             
41
0.002
42
0.002
43
0.002
50
0.0
0
TEXT
8
CODE
62
3
7
STD
40
0.25
41
1.0
50
0.0
51
0.0
10
928.6364            
20
5077.0481           
30
53.9409             
1
 MF
0
TEXT
8
PT_ID
62
3
7
STD
40
0.25
41
1.0
50
0.0
51
0.0
10
928.6364            
20
5077.0481           
30
53.9409             
1
 68
0
TEXT
8
HEIGHT
62
3
7
STD
40
0.25
41
1.0
50
0.0
51
0.0
10
928.6364            
20
5077.0481           
30
53.9409             
1
 53.941
0
TEXT
8
CO_ORDS
62
3
7
STD
40
0.25
41
1.0
50
0.0
51
0.0
10
928.6364            
20
5077.0481           
30
53.9409             
1
 928.636 5077.0480
INSERT
8
POINT
62
2
2
CROSS
10
930.0608            
20
5072.7153           
30
53.7044             
41
0.002
42
0.002
43
0.002
50
0.0
0
TEXT
8
CODE
62
3
7
STD
40
0.25
41
1.0
50
0.0
51
0.0
10
930.0608            
20
5072.7153           
30
53.7044             
1
 MF
0
TEXT
8
PT_ID
62
3
7
STD
40
0.25
41
1.0
50
0.0
51
0.0
10
930.0608            
20
5072.7153           
30
53.7044             
1
 69
0
TEXT
8
HEIGHT
62
3
7
STD
40
0.25
41
1.0
50
0.0
51
0.0
10
930.0608            
20
5072.7153           
30
53.7044             
1
 53.704
0
TEXT
8
CO_ORDS
62
3
7
STD
40
0.25
41
1.0
50
0.0
51
0.0
10
930.0608            
20
5072.7153           
30
53.7044             
1
 930.061 5072.7150
INSERT
8
POINT
62
2
2
CROSS
10
930.2417            
20
5072.6865           
30
53.8324             
41
0.002
42
0.002
43
0.002
50
0.0
0
TEXT
8
CODE
62
3
7
STD
40
0.25
41
1.0
50
0.0
51
0.0
10
930.2417            
20
5072.6865           
30
53.8324             
1
 MF
0
TEXT
8
PT_ID
62
3
7
STD
40
0.25
41
1.0
50
0.0
51
0.0
10
930.2417            
20
5072.6865           
30
53.8324             
1
 70
0
TEXT
8
HEIGHT
62
3
7
STD
40
0.25
41
1.0
50
0.0
51
0.0
10
930.2417            
20
5072.6865           
30
53.8324             
1
 53.832
0
TEXT
8
CO_ORDS
62
3
7
STD
40
0.25
41
1.0
50
0.0
51
0.0
10
930.2417            
20
5072.6865           
30
53.8324             
1
 930.242 5072.6860
INSERT
8
POINT
62
2
2
CROSS
10
930.8999            
20
5071.2927           
30
53.6592             
41
0.002
42
0.002
43
0.002
50
0.0
0
TEXT
8
CODE
62
3
7
STD
40
0.25
41
1.0
50
0.0
51
0.0
10
930.8999            
20
5071.2927           
30
53.6592             
1
 MF
0
TEXT
8
PT_ID
62
3
7
STD
40
0.25
41
1.0
50
0.0
51
0.0
10
930.8999            
20
5071.2927           
30
53.6592             
1
 71
0
TEXT
8
HEIGHT
62
3
7
STD
40
0.25
41
1.0
50
0.0
51
0.0
10
930.8999            
20
5071.2927           
30
53.6592             
1
 53.659
0
TEXT
8
CO_ORDS
62
3
7
STD
40
0.25
41
1.0
50
0.0
51
0.0
10
930.8999            
20
5071.2927           
30
53.6592             
1
 930.900 5071.2930
INSERT
8
POINT
62
2
2
CROSS
10
931.0400            
20
5071.3064           
30
53.8326             
41
0.002
42
0.002
43
0.002
50
0.0
0
TEXT
8
CODE
62
3
7
STD
40
0.25
41
1.0
50
0.0
51
0.0
10
931.0400            
20
5071.3064           
30
53.8326             
1
 MF
0
TEXT
8
PT_ID
62
3
7
STD
40
0.25
41
1.0
50
0.0
51
0.0
10
931.0400            
20
5071.3064           
30
53.8326             
1
 72
0
TEXT
8
HEIGHT
62
3
7
STD
40
0.25
41
1.0
50
0.0
51
0.0
10
931.0400            
20
5071.3064           
30
53.8326             
1
 53.833
0
TEXT
8
CO_ORDS
62
3
7
STD
40
0.25
41
1.0
50
0.0
51
0.0
10
931.0400            
20
5071.3064           
30
53.8326             
1
 931.040 5071.3060
INSERT
8
POINT
62
2
2
CROSS
10
931.5432            
20
5071.0415           
30
53.6636             
41
0.002
42
0.002
43
0.002
50
0.0
0
TEXT
8
CODE
62
3
7
STD
40
0.25
41
1.0
50
0.0
51
0.0
10
931.5432            
20
5071.0415           
30
53.6636             
1
 MF
0
TEXT
8
PT_ID
62
3
7
STD
40
0.25
41
1.0
50
0.0
51
0.0
10
931.5432            
20
5071.0415           
30
53.6636             
1
 73
0
TEXT
8
HEIGHT
62
3
7
STD
40
0.25
41
1.0
50
0.0
51
0.0
10
931.5432            
20
5071.0415           
30
53.6636             
1
 53.664
0
TEXT
8
CO_ORDS
62
3
7
STD
40
0.25
41
1.0
50
0.0
51
0.0
10
931.5432            
20
5071.0415           
30
53.6636             
1
 931.543 5071.0420
INSERT
8
POINT
62
2
2
CROSS
10
931.4721            
20
5071.2836           
30
53.8370             
41
0.002
42
0.002
43
0.002
50
0.0
0
TEXT
8
CODE
62
3
7
STD
40
0.25
41
1.0
50
0.0
51
0.0
10
931.4721            
20
5071.2836           
30
53.8370             
1
 MF
0
TEXT
8
PT_ID
62
3
7
STD
40
0.25
41
1.0
50
0.0
51
0.0
10
931.4721            
20
5071.2836           
30
53.8370             
1
 74
0
TEXT
8
HEIGHT
62
3
7
STD
40
0.25
41
1.0
50
0.0
51
0.0
10
931.4721            
20
5071.2836           
30
53.8370             
1
 53.837
0
TEXT
8
CO_ORDS
62
3
7
STD
40
0.25
41
1.0
50
0.0
51
0.0
10
931.4721            
20
5071.2836           
30
53.8370             
1
 931.472 5071.2840
INSERT
8
POINT
62
2
2
CROSS
10
932.0338            
20
5071.3043           
30
53.6534             
41
0.002
42
0.002
43
0.002
50
0.0
0
TEXT
8
CODE
62
3
7
STD
40
0.25
41
1.0
50
0.0
51
0.0
10
932.0338            
20
5071.3043           
30
53.6534             
1
 MF
0
TEXT
8
PT_ID
62
3
7
STD
40
0.25
41
1.0
50
0.0
51
0.0
10
932.0338            
20
5071.3043           
30
53.6534             
1
 75
0
TEXT
8
HEIGHT
62
3
7
STD
40
0.25
41
1.0
50
0.0
51
0.0
10
932.0338            
20
5071.3043           
30
53.6534             
1
 53.653
0
TEXT
8
CO_ORDS
62
3
7
STD
40
0.25
41
1.0
50
0.0
51
0.0
10
932.0338            
20
5071.3043           
30
53.6534             
1
 932.034 5071.3040
INSERT
8
POINT
62
2
2
CROSS
10
932.0664            
20
5071.4926           
30
53.8251             
41
0.002
42
0.002
43
0.002
50
0.0
0
TEXT
8
CODE
62
3
7
STD
40
0.25
41
1.0
50
0.0
51
0.0
10
932.0664            
20
5071.4926           
30
53.8251             
1
 MF
0
TEXT
8
PT_ID
62
3
7
STD
40
0.25
41
1.0
50
0.0
51
0.0
10
932.0664            
20
5071.4926           
30
53.8251             
1
 76
0
TEXT
8
HEIGHT
62
3
7
STD
40
0.25
41
1.0
50
0.0
51
0.0
10
932.0664            
20
5071.4926           
30
53.8251             
1
 53.825
0
TEXT
8
CO_ORDS
62
3
7
STD
40
0.25
41
1.0
50
0.0
51
0.0
10
932.0664            
20
5071.4926           
30
53.8251             
1
 932.066 5071.4930
INSERT
8
POINT
62
2
2
CROSS
10
933.6781            
20
5072.8429           
30
53.6769             
41
0.002
42
0.002
43
0.002
50
0.0
0
TEXT
8
CODE
62
3
7
STD
40
0.25
41
1.0
50
0.0
51
0.0
10
933.6781            
20
5072.8429           
30
53.6769             
1
 MF
0
TEXT
8
PT_ID
62
3
7
STD
40
0.25
41
1.0
50
0.0
51
0.0
10
933.6781            
20
5072.8429           
30
53.6769             
1
 77
0
TEXT
8
HEIGHT
62
3
7
STD
40
0.25
41
1.0
50
0.0
51
0.0
10
933.6781            
20
5072.8429           
30
53.6769             
1
 53.677
0
TEXT
8
CO_ORDS
62
3
7
STD
40
0.25
41
1.0
50
0.0
51
0.0
10
933.6781            
20
5072.8429           
30
53.6769             
1
 933.678 5072.8430
INSERT
8
POINT
62
2
2
CROSS
10
933.6111            
20
5072.8743           
30
53.8352             
41
0.002
42
0.002
43
0.002
50
0.0
0
TEXT
8
CODE
62
3
7
STD
40
0.25
41
1.0
50
0.0
51
0.0
10
933.6111            
20
5072.8743           
30
53.8352             
1
 MF
0
TEXT
8
PT_ID
62
3
7
STD
40
0.25
41
1.0
50
0.0
51
0.0
10
933.6111            
20
5072.8743           
30
53.8352             
1
 78
0
TEXT
8
HEIGHT
62
3
7
STD
40
0.25
41
1.0
50
0.0
51
0.0
10
933.6111            
20
5072.8743           
30
53.8352             
1
 53.835
0
TEXT
8
CO_ORDS
62
3
7
STD
40
0.25
41
1.0
50
0.0
51
0.0
10
933.6111            
20
5072.8743           
30
53.8352             
1
 933.611 5072.8740
INSERT
8
POINT
62
2
2
CROSS
10
945.0335            
20
5069.4639           
30
53.5156             
41
0.002
42
0.002
43
0.002
50
0.0
0
TEXT
8
CODE
62
3
7
STD
40
0.25
41
1.0
50
0.0
51
0.0
10
945.0335            
20
5069.4639           
30
53.5156             
1
 MF
0
TEXT
8
PT_ID
62
3
7
STD
40
0.25
41
1.0
50
0.0
51
0.0
10
945.0335            
20
5069.4639           
30
53.5156             
1
 79
0
TEXT
8
HEIGHT
62
3
7
STD
40
0.25
41
1.0
50
0.0
51
0.0
10
945.0335            
20
5069.4639           
30
53.5156             
1
 53.516
0
TEXT
8
CO_ORDS
62
3
7
STD
40
0.25
41
1.0
50
0.0
51
0.0
10
945.0335            
20
5069.4639           
30
53.5156             
1
 945.033 5069.4640
INSERT
8
POINT
62
2
2
CROSS
10
945.0566            
20
5069.4260           
30
53.6429             
41
0.002
42
0.002
43
0.002
50
0.0
0
TEXT
8
CODE
62
3
7
STD
40
0.25
41
1.0
50
0.0
51
0.0
10
945.0566            
20
5069.4260           
30
53.6429             
1
 MF
0
TEXT
8
PT_ID
62
3
7
STD
40
0.25
41
1.0
50
0.0
51
0.0
10
945.0566            
20
5069.4260           
30
53.6429             
1
 80
0
TEXT
8
HEIGHT
62
3
7
STD
40
0.25
41
1.0
50
0.0
51
0.0
10
945.0566            
20
5069.4260           
30
53.6429             
1
 53.643
0
TEXT
8
CO_ORDS
62
3
7
STD
40
0.25
41
1.0
50
0.0
51
0.0
10
945.0566            
20
5069.4260           
30
53.6429             
1
 945.057 5069.4260
INSERT
8
POINT
62
2
2
CROSS
10
941.2063            
20
5069.2670           
30
53.5513             
41
0.002
42
0.002
43
0.002
50
0.0
0
TEXT
8
CODE
62
3
7
STD
40
0.25
41
1.0
50
0.0
51
0.0
10
941.2063            
20
5069.2670           
30
53.5513             
1
 MF
0
TEXT
8
PT_ID
62
3
7
STD
40
0.25
41
1.0
50
0.0
51
0.0
10
941.2063            
20
5069.2670           
30
53.5513             
1
 81
0
TEXT
8
HEIGHT
62
3
7
STD
40
0.25
41
1.0
50
0.0
51
0.0
10
941.2063            
20
5069.2670           
30
53.5513             
1
 53.551
0
TEXT
8
CO_ORDS
62
3
7
STD
40
0.25
41
1.0
50
0.0
51
0.0
10
941.2063            
20
5069.2670           
30
53.5513             
1
 941.206 5069.2670
INSERT
8
POINT
62
2
2
CROSS
10
941.2493            
20
5069.2459           
30
53.6881             
41
0.002
42
0.002
43
0.002
50
0.0
0
TEXT
8
CODE
62
3
7
STD
40
0.25
41
1.0
50
0.0
51
0.0
10
941.2493            
20
5069.2459           
30
53.6881             
1
 MF
0
TEXT
8
PT_ID
62
3
7
STD
40
0.25
41
1.0
50
0.0
51
0.0
10
941.2493            
20
5069.2459           
30
53.6881             
1
 82
0
TEXT
8
HEIGHT
62
3
7
STD
40
0.25
41
1.0
50
0.0
51
0.0
10
941.2493            
20
5069.2459           
30
53.6881             
1
 53.688
0
TEXT
8
CO_ORDS
62
3
7
STD
40
0.25
41
1.0
50
0.0
51
0.0
10
941.2493            
20
5069.2459           
30
53.6881             
1
 941.249 5069.2460
INSERT
8
POINT
62
2
2
CROSS
10
938.6792            
20
5066.7023           
30
53.5476             
41
0.002
42
0.002
43
0.002
50
0.0
0
TEXT
8
CODE
62
3
7
STD
40
0.25
41
1.0
50
0.0
51
0.0
10
938.6792            
20
5066.7023           
30
53.5476             
1
 MF
0
TEXT
8
PT_ID
62
3
7
STD
40
0.25
41
1.0
50
0.0
51
0.0
10
938.6792            
20
5066.7023           
30
53.5476             
1
 83
0
TEXT
8
HEIGHT
62
3
7
STD
40
0.25
41
1.0
50
0.0
51
0.0
10
938.6792            
20
5066.7023           
30
53.5476             
1
 53.548
0
TEXT
8
CO_ORDS
62
3
7
STD
40
0.25
41
1.0
50
0.0
51
0.0
10
938.6792            
20
5066.7023           
30
53.5476             
1
 938.679 5066.7020
INSERT
8
POINT
62
2
2
CROSS
10
938.7484            
20
5066.6589           
30
53.6642             
41
0.002
42
0.002
43
0.002
50
0.0
0
TEXT
8
CODE
62
3
7
STD
40
0.25
41
1.0
50
0.0
51
0.0
10
938.7484            
20
5066.6589           
30
53.6642             
1
 MF
0
TEXT
8
PT_ID
62
3
7
STD
40
0.25
41
1.0
50
0.0
51
0.0
10
938.7484            
20
5066.6589           
30
53.6642             
1
 84
0
TEXT
8
HEIGHT
62
3
7
STD
40
0.25
41
1.0
50
0.0
51
0.0
10
938.7484            
20
5066.6589           
30
53.6642             
1
 53.664
0
TEXT
8
CO_ORDS
62
3
7
STD
40
0.25
41
1.0
50
0.0
51
0.0
10
938.7484            
20
5066.6589           
30
53.6642             
1
 938.748 5066.6590
INSERT
8
POINT
62
2
2
CROSS
10
938.6519            
20
5062.9858           
30
53.4649             
41
0.002
42
0.002
43
0.002
50
0.0
0
TEXT
8
CODE
62
3
7
STD
40
0.25
41
1.0
50
0.0
51
0.0
10
938.6519            
20
5062.9858           
30
53.4649             
1
 MF
0
TEXT
8
PT_ID
62
3
7
STD
40
0.25
41
1.0
50
0.0
51
0.0
10
938.6519            
20
5062.9858           
30
53.4649             
1
 85
0
TEXT
8
HEIGHT
62
3
7
STD
40
0.25
41
1.0
50
0.0
51
0.0
10
938.6519            
20
5062.9858           
30
53.4649             
1
 53.465
0
TEXT
8
CO_ORDS
62
3
7
STD
40
0.25
41
1.0
50
0.0
51
0.0
10
938.6519            
20
5062.9858           
30
53.4649             
1
 938.652 5062.9860
INSERT
8
POINT
62
2
2
CROSS
10
938.6610            
20
5063.0008           
30
53.6180             
41
0.002
42
0.002
43
0.002
50
0.0
0
TEXT
8
CODE
62
3
7
STD
40
0.25
41
1.0
50
0.0
51
0.0
10
938.6610            
20
5063.0008           
30
53.6180             
1
 MF
0
TEXT
8
PT_ID
62
3
7
STD
40
0.25
41
1.0
50
0.0
51
0.0
10
938.6610            
20
5063.0008           
30
53.6180             
1
 86
0
TEXT
8
HEIGHT
62
3
7
STD
40
0.25
41
1.0
50
0.0
51
0.0
10
938.6610            
20
5063.0008           
30
53.6180             
1
 53.618
0
TEXT
8
CO_ORDS
62
3
7
STD
40
0.25
41
1.0
50
0.0
51
0.0
10
938.6610            
20
5063.0008           
30
53.6180             
1
 938.661 5063.0010
INSERT
8
POINT
62
2
2
CROSS
10
941.1304            
20
5060.0641           
30
53.3521             
41
0.002
42
0.002
43
0.002
50
0.0
0
TEXT
8
CODE
62
3
7
STD
40
0.25
41
1.0
50
0.0
51
0.0
10
941.1304            
20
5060.0641           
30
53.3521             
1
 MF
0
TEXT
8
PT_ID
62
3
7
STD
40
0.25
41
1.0
50
0.0
51
0.0
10
941.1304            
20
5060.0641           
30
53.3521             
1
 87
0
TEXT
8
HEIGHT
62
3
7
STD
40
0.25
41
1.0
50
0.0
51
0.0
10
941.1304            
20
5060.0641           
30
53.3521             
1
 53.352
0
TEXT
8
CO_ORDS
62
3
7
STD
40
0.25
41
1.0
50
0.0
51
0.0
10
941.1304            
20
5060.0641           
30
53.3521             
1
 941.130 5060.0640
INSERT
8
POINT
62
2
2
CROSS
10
941.2047            
20
5060.2624           
30
53.5218             
41
0.002
42
0.002
43
0.002
50
0.0
0
TEXT
8
CODE
62
3
7
STD
40
0.25
41
1.0
50
0.0
51
0.0
10
941.2047            
20
5060.2624           
30
53.5218             
1
 MF
0
TEXT
8
PT_ID
62
3
7
STD
40
0.25
41
1.0
50
0.0
51
0.0
10
941.2047            
20
5060.2624           
30
53.5218             
1
 88
0
TEXT
8
HEIGHT
62
3
7
STD
40
0.25
41
1.0
50
0.0
51
0.0
10
941.2047            
20
5060.2624           
30
53.5218             
1
 53.522
0
TEXT
8
CO_ORDS
62
3
7
STD
40
0.25
41
1.0
50
0.0
51
0.0
10
941.2047            
20
5060.2624           
30
53.5218             
1
 941.205 5060.2620
INSERT
8
POINT
62
2
2
CROSS
10
945.1611            
20
5059.9937           
30
53.3312             
41
0.002
42
0.002
43
0.002
50
0.0
0
TEXT
8
CODE
62
3
7
STD
40
0.25
41
1.0
50
0.0
51
0.0
10
945.1611            
20
5059.9937           
30
53.3312             
1
 MF
0
TEXT
8
PT_ID
62
3
7
STD
40
0.25
41
1.0
50
0.0
51
0.0
10
945.1611            
20
5059.9937           
30
53.3312             
1
 89
0
TEXT
8
HEIGHT
62
3
7
STD
40
0.25
41
1.0
50
0.0
51
0.0
10
945.1611            
20
5059.9937           
30
53.3312             
1
 53.331
0
TEXT
8
CO_ORDS
62
3
7
STD
40
0.25
41
1.0
50
0.0
51
0.0
10
945.1611            
20
5059.9937           
30
53.3312             
1
 945.161 5059.9940
INSERT
8
POINT
62
2
2
CROSS
10
945.1882            
20
5060.0632           
30
53.4503             
41
0.002
42
0.002
43
0.002
50
0.0
0
TEXT
8
CODE
62
3
7
STD
40
0.25
41
1.0
50
0.0
51
0.0
10
945.1882            
20
5060.0632           
30
53.4503             
1
 MF
0
TEXT
8
PT_ID
62
3
7
STD
40
0.25
41
1.0
50
0.0
51
0.0
10
945.1882            
20
5060.0632           
30
53.4503             
1
 90
0
TEXT
8
HEIGHT
62
3
7
STD
40
0.25
41
1.0
50
0.0
51
0.0
10
945.1882            
20
5060.0632           
30
53.4503             
1
 53.450
0
TEXT
8
CO_ORDS
62
3
7
STD
40
0.25
41
1.0
50
0.0
51
0.0
10
945.1882            
20
5060.0632           
30
53.4503             
1
 945.188 5060.0630
INSERT
8
POINT
62
2
2
CROSS
10
948.0560            
20
5062.7565           
30
53.3727             
41
0.002
42
0.002
43
0.002
50
0.0
0
TEXT
8
CODE
62
3
7
STD
40
0.25
41
1.0
50
0.0
51
0.0
10
948.0560            
20
5062.7565           
30
53.3727             
1
 MF
0
TEXT
8
PT_ID
62
3
7
STD
40
0.25
41
1.0
50
0.0
51
0.0
10
948.0560            
20
5062.7565           
30
53.3727             
1
 91
0
TEXT
8
HEIGHT
62
3
7
STD
40
0.25
41
1.0
50
0.0
51
0.0
10
948.0560            
20
5062.7565           
30
53.3727             
1
 53.373
0
TEXT
8
CO_ORDS
62
3
7
STD
40
0.25
41
1.0
50
0.0
51
0.0
10
948.0560            
20
5062.7565           
30
53.3727             
1
 948.056 5062.7560
INSERT
8
POINT
62
2
2
CROSS
10
948.0268            
20
5062.7855           
30
53.4918             
41
0.002
42
0.002
43
0.002
50
0.0
0
TEXT
8
CODE
62
3
7
STD
40
0.25
41
1.0
50
0.0
51
0.0
10
948.0268            
20
5062.7855           
30
53.4918             
1
 MF
0
TEXT
8
PT_ID
62
3
7
STD
40
0.25
41
1.0
50
0.0
51
0.0
10
948.0268            
20
5062.7855           
30
53.4918             
1
 92
0
TEXT
8
HEIGHT
62
3
7
STD
40
0.25
41
1.0
50
0.0
51
0.0
10
948.0268            
20
5062.7855           
30
53.4918             
1
 53.492
0
TEXT
8
CO_ORDS
62
3
7
STD
40
0.25
41
1.0
50
0.0
51
0.0
10
948.0268            
20
5062.7855           
30
53.4918             
1
 948.027 5062.7850
INSERT
8
POINT
62
2
2
CROSS
10
948.4562            
20
5065.7592           
30
53.4099             
41
0.002
42
0.002
43
0.002
50
0.0
0
TEXT
8
CODE
62
3
7
STD
40
0.25
41
1.0
50
0.0
51
0.0
10
948.4562            
20
5065.7592           
30
53.4099             
1
 MF
0
TEXT
8
PT_ID
62
3
7
STD
40
0.25
41
1.0
50
0.0
51
0.0
10
948.4562            
20
5065.7592           
30
53.4099             
1
 93
0
TEXT
8
HEIGHT
62
3
7
STD
40
0.25
41
1.0
50
0.0
51
0.0
10
948.4562            
20
5065.7592           
30
53.4099             
1
 53.410
0
TEXT
8
CO_ORDS
62
3
7
STD
40
0.25
41
1.0
50
0.0
51
0.0
10
948.4562            
20
5065.7592           
30
53.4099             
1
 948.456 5065.7590
INSERT
8
POINT
62
2
2
CROSS
10
948.3135            
20
5065.7505           
30
53.5191             
41
0.002
42
0.002
43
0.002
50
0.0
0
TEXT
8
CODE
62
3
7
STD
40
0.25
41
1.0
50
0.0
51
0.0
10
948.3135            
20
5065.7505           
30
53.5191             
1
 MF
0
TEXT
8
PT_ID
62
3
7
STD
40
0.25
41
1.0
50
0.0
51
0.0
10
948.3135            
20
5065.7505           
30
53.5191             
1
 94
0
TEXT
8
HEIGHT
62
3
7
STD
40
0.25
41
1.0
50
0.0
51
0.0
10
948.3135            
20
5065.7505           
30
53.5191             
1
 53.519
0
TEXT
8
CO_ORDS
62
3
7
STD
40
0.25
41
1.0
50
0.0
51
0.0
10
948.3135            
20
5065.7505           
30
53.5191             
1
 948.314 5065.7500
INSERT
8
POINT
62
2
2
CROSS
10
954.5107            
20
5056.0081           
30
53.1574             
41
0.002
42
0.002
43
0.002
50
0.0
0
TEXT
8
CODE
62
3
7
STD
40
0.25
41
1.0
50
0.0
51
0.0
10
954.5107            
20
5056.0081           
30
53.1574             
1
 MF
0
TEXT
8
PT_ID
62
3
7
STD
40
0.25
41
1.0
50
0.0
51
0.0
10
954.5107            
20
5056.0081           
30
53.1574             
1
 95
0
TEXT
8
HEIGHT
62
3
7
STD
40
0.25
41
1.0
50
0.0
51
0.0
10
954.5107            
20
5056.0081           
30
53.1574             
1
 53.157
0
TEXT
8
CO_ORDS
62
3
7
STD
40
0.25
41
1.0
50
0.0
51
0.0
10
954.5107            
20
5056.0081           
30
53.1574             
1
 954.511 5056.0080
INSERT
8
POINT
62
2
2
CROSS
10
954.4715            
20
5056.0047           
30
53.2260             
41
0.002
42
0.002
43
0.002
50
0.0
0
TEXT
8
CODE
62
3
7
STD
40
0.25
41
1.0
50
0.0
51
0.0
10
954.4715            
20
5056.0047           
30
53.2260             
1
 MF
0
TEXT
8
PT_ID
62
3
7
STD
40
0.25
41
1.0
50
0.0
51
0.0
10
954.4715            
20
5056.0047           
30
53.2260             
1
 96
0
TEXT
8
HEIGHT
62
3
7
STD
40
0.25
41
1.0
50
0.0
51
0.0
10
954.4715            
20
5056.0047           
30
53.2260             
1
 53.226
0
TEXT
8
CO_ORDS
62
3
7
STD
40
0.25
41
1.0
50
0.0
51
0.0
10
954.4715            
20
5056.0047           
30
53.2260             
1
 954.471 5056.0050
INSERT
8
POINT
62
2
2
CROSS
10
953.8808            
20
5056.3287           
30
53.1789             
41
0.002
42
0.002
43
0.002
50
0.0
0
TEXT
8
CODE
62
3
7
STD
40
0.25
41
1.0
50
0.0
51
0.0
10
953.8808            
20
5056.3287           
30
53.1789             
1
 MF
0
TEXT
8
PT_ID
62
3
7
STD
40
0.25
41
1.0
50
0.0
51
0.0
10
953.8808            
20
5056.3287           
30
53.1789             
1
 97
0
TEXT
8
HEIGHT
62
3
7
STD
40
0.25
41
1.0
50
0.0
51
0.0
10
953.8808            
20
5056.3287           
30
53.1789             
1
 53.179
0
TEXT
8
CO_ORDS
62
3
7
STD
40
0.25
41
1.0
50
0.0
51
0.0
10
953.8808            
20
5056.3287           
30
53.1789             
1
 953.881 5056.3290
INSERT
8
POINT
62
2
2
CROSS
10
953.8565            
20
5056.3027           
30
53.2563             
41
0.002
42
0.002
43
0.002
50
0.0
0
TEXT
8
CODE
62
3
7
STD
40
0.25
41
1.0
50
0.0
51
0.0
10
953.8565            
20
5056.3027           
30
53.2563             
1
 MF
0
TEXT
8
PT_ID
62
3
7
STD
40
0.25
41
1.0
50
0.0
51
0.0
10
953.8565            
20
5056.3027           
30
53.2563             
1
 98
0
TEXT
8
HEIGHT
62
3
7
STD
40
0.25
41
1.0
50
0.0
51
0.0
10
953.8565            
20
5056.3027           
30
53.2563             
1
 53.256
0
TEXT
8
CO_ORDS
62
3
7
STD
40
0.25
41
1.0
50
0.0
51
0.0
10
953.8565            
20
5056.3027           
30
53.2563             
1
 953.857 5056.3030
INSERT
8
POINT
62
2
2
CROSS
10
953.3108            
20
5056.1536           
30
53.1936             
41
0.002
42
0.002
43
0.002
50
0.0
0
TEXT
8
CODE
62
3
7
STD
40
0.25
41
1.0
50
0.0
51
0.0
10
953.3108            
20
5056.1536           
30
53.1936             
1
 MF
0
TEXT
8
PT_ID
62
3
7
STD
40
0.25
41
1.0
50
0.0
51
0.0
10
953.3108            
20
5056.1536           
30
53.1936             
1
 99
0
TEXT
8
HEIGHT
62
3
7
STD
40
0.25
41
1.0
50
0.0
51
0.0
10
953.3108            
20
5056.1536           
30
53.1936             
1
 53.194
0
TEXT
8
CO_ORDS
62
3
7
STD
40
0.25
41
1.0
50
0.0
51
0.0
10
953.3108            
20
5056.1536           
30
53.1936             
1
 953.311 5056.1540
INSERT
8
POINT
62
2
2
CROSS
10
953.2922            
20
5056.1146           
30
53.2788             
41
0.002
42
0.002
43
0.002
50
0.0
0
TEXT
8
CODE
62
3
7
STD
40
0.25
41
1.0
50
0.0
51
0.0
10
953.2922            
20
5056.1146           
30
53.2788             
1
 MF
0
TEXT
8
PT_ID
62
3
7
STD
40
0.25
41
1.0
50
0.0
51
0.0
10
953.2922            
20
5056.1146           
30
53.2788             
1
 100
0
TEXT
8
HEIGHT
62
3
7
STD
40
0.25
41
1.0
50
0.0
51
0.0
10
953.2922            
20
5056.1146           
30
53.2788             
1
 53.279
0
TEXT
8
CO_ORDS
62
3
7
STD
40
0.25
41
1.0
50
0.0
51
0.0
10
953.2922            
20
5056.1146           
30
53.2788             
1
 953.292 5056.1150
INSERT
8
POINT
62
2
2
CROSS
10
949.4138            
20
5053.3176           
30
53.1290             
41
0.002
42
0.002
43
0.002
50
0.0
0
TEXT
8
CODE
62
3
7
STD
40
0.25
41
1.0
50
0.0
51
0.0
10
949.4138            
20
5053.3176           
30
53.1290             
1
 MF
0
TEXT
8
PT_ID
62
3
7
STD
40
0.25
41
1.0
50
0.0
51
0.0
10
949.4138            
20
5053.3176           
30
53.1290             
1
 101
0
TEXT
8
HEIGHT
62
3
7
STD
40
0.25
41
1.0
50
0.0
51
0.0
10
949.4138            
20
5053.3176           
30
53.1290             
1
 53.129
0
TEXT
8
CO_ORDS
62
3
7
STD
40
0.25
41
1.0
50
0.0
51
0.0
10
949.4138            
20
5053.3176           
30
53.1290             
1
 949.414 5053.3180
INSERT
8
POINT
62
2
2
CROSS
10
949.4436            
20
5053.2986           
30
53.2760             
41
0.002
42
0.002
43
0.002
50
0.0
0
TEXT
8
CODE
62
3
7
STD
40
0.25
41
1.0
50
0.0
51
0.0
10
949.4436            
20
5053.2986           
30
53.2760             
1
 MF
0
TEXT
8
PT_ID
62
3
7
STD
40
0.25
41
1.0
50
0.0
51
0.0
10
949.4436            
20
5053.2986           
30
53.2760             
1
 102
0
TEXT
8
HEIGHT
62
3
7
STD
40
0.25
41
1.0
50
0.0
51
0.0
10
949.4436            
20
5053.2986           
30
53.2760             
1
 53.276
0
TEXT
8
CO_ORDS
62
3
7
STD
40
0.25
41
1.0
50
0.0
51
0.0
10
949.4436            
20
5053.2986           
30
53.2760             
1
 949.444 5053.2990
INSERT
8
POINT
62
2
2
CROSS
10
949.1167            
20
5052.8012           
30
53.1158             
41
0.002
42
0.002
43
0.002
50
0.0
0
TEXT
8
CODE
62
3
7
STD
40
0.25
41
1.0
50
0.0
51
0.0
10
949.1167            
20
5052.8012           
30
53.1158             
1
 MF
0
TEXT
8
PT_ID
62
3
7
STD
40
0.25
41
1.0
50
0.0
51
0.0
10
949.1167            
20
5052.8012           
30
53.1158             
1
 103
0
TEXT
8
HEIGHT
62
3
7
STD
40
0.25
41
1.0
50
0.0
51
0.0
10
949.1167            
20
5052.8012           
30
53.1158             
1
 53.116
0
TEXT
8
CO_ORDS
62
3
7
STD
40
0.25
41
1.0
50
0.0
51
0.0
10
949.1167            
20
5052.8012           
30
53.1158             
1
 949.117 5052.8010
INSERT
8
POINT
62
2
2
CROSS
10
949.1592            
20
5052.7984           
30
53.2461             
41
0.002
42
0.002
43
0.002
50
0.0
0
TEXT
8
CODE
62
3
7
STD
40
0.25
41
1.0
50
0.0
51
0.0
10
949.1592            
20
5052.7984           
30
53.2461             
1
 MF
0
TEXT
8
PT_ID
62
3
7
STD
40
0.25
41
1.0
50
0.0
51
0.0
10
949.1592            
20
5052.7984           
30
53.2461             
1
 104
0
TEXT
8
HEIGHT
62
3
7
STD
40
0.25
41
1.0
50
0.0
51
0.0
10
949.1592            
20
5052.7984           
30
53.2461             
1
 53.246
0
TEXT
8
CO_ORDS
62
3
7
STD
40
0.25
41
1.0
50
0.0
51
0.0
10
949.1592            
20
5052.7984           
30
53.2461             
1
 949.159 5052.7980
INSERT
8
POINT
62
2
2
CROSS
10
949.3568            
20
5052.2513           
30
53.1085             
41
0.002
42
0.002
43
0.002
50
0.0
0
TEXT
8
CODE
62
3
7
STD
40
0.25
41
1.0
50
0.0
51
0.0
10
949.3568            
20
5052.2513           
30
53.1085             
1
 MF
0
TEXT
8
PT_ID
62
3
7
STD
40
0.25
41
1.0
50
0.0
51
0.0
10
949.3568            
20
5052.2513           
30
53.1085             
1
 105
0
TEXT
8
HEIGHT
62
3
7
STD
40
0.25
41
1.0
50
0.0
51
0.0
10
949.3568            
20
5052.2513           
30
53.1085             
1
 53.109
0
TEXT
8
CO_ORDS
62
3
7
STD
40
0.25
41
1.0
50
0.0
51
0.0
10
949.3568            
20
5052.2513           
30
53.1085             
1
 949.357 5052.2510
INSERT
8
POINT
62
2
2
CROSS
10
949.3683            
20
5052.2717           
30
53.2427             
41
0.002
42
0.002
43
0.002
50
0.0
0
TEXT
8
CODE
62
3
7
STD
40
0.25
41
1.0
50
0.0
51
0.0
10
949.3683            
20
5052.2717           
30
53.2427             
1
 MF
0
TEXT
8
PT_ID
62
3
7
STD
40
0.25
41
1.0
50
0.0
51
0.0
10
949.3683            
20
5052.2717           
30
53.2427             
1
 106
0
TEXT
8
HEIGHT
62
3
7
STD
40
0.25
41
1.0
50
0.0
51
0.0
10
949.3683            
20
5052.2717           
30
53.2427             
1
 53.243
0
TEXT
8
CO_ORDS
62
3
7
STD
40
0.25
41
1.0
50
0.0
51
0.0
10
949.3683            
20
5052.2717           
30
53.2427             
1
 949.368 5052.2720
INSERT
8
POINT
62
2
2
CROSS
10
952.4698            
20
5049.2476           
30
52.9747             
41
0.002
42
0.002
43
0.002
50
0.0
0
TEXT
8
CODE
62
3
7
STD
40
0.25
41
1.0
50
0.0
51
0.0
10
952.4698            
20
5049.2476           
30
52.9747             
1
 MF
0
TEXT
8
PT_ID
62
3
7
STD
40
0.25
41
1.0
50
0.0
51
0.0
10
952.4698            
20
5049.2476           
30
52.9747             
1
 107
0
TEXT
8
HEIGHT
62
3
7
STD
40
0.25
41
1.0
50
0.0
51
0.0
10
952.4698            
20
5049.2476           
30
52.9747             
1
 52.975
0
TEXT
8
CO_ORDS
62
3
7
STD
40
0.25
41
1.0
50
0.0
51
0.0
10
952.4698            
20
5049.2476           
30
52.9747             
1
 952.470 5049.2480
INSERT
8
POINT
62
2
2
CROSS
10
952.4866            
20
5049.3474           
30
53.1663             
41
0.002
42
0.002
43
0.002
50
0.0
0
TEXT
8
CODE
62
3
7
STD
40
0.25
41
1.0
50
0.0
51
0.0
10
952.4866            
20
5049.3474           
30
53.1663             
1
 MF
0
TEXT
8
PT_ID
62
3
7
STD
40
0.25
41
1.0
50
0.0
51
0.0
10
952.4866            
20
5049.3474           
30
53.1663             
1
 108
0
TEXT
8
HEIGHT
62
3
7
STD
40
0.25
41
1.0
50
0.0
51
0.0
10
952.4866            
20
5049.3474           
30
53.1663             
1
 53.166
0
TEXT
8
CO_ORDS
62
3
7
STD
40
0.25
41
1.0
50
0.0
51
0.0
10
952.4866            
20
5049.3474           
30
53.1663             
1
 952.487 5049.3470
INSERT
8
POINT
62
2
2
CROSS
10
955.5387            
20
5046.5038           
30
52.8535             
41
0.002
42
0.002
43
0.002
50
0.0
0
TEXT
8
CODE
62
3
7
STD
40
0.25
41
1.0
50
0.0
51
0.0
10
955.5387            
20
5046.5038           
30
52.8535             
1
 MF
0
TEXT
8
PT_ID
62
3
7
STD
40
0.25
41
1.0
50
0.0
51
0.0
10
955.5387            
20
5046.5038           
30
52.8535             
1
 109
0
TEXT
8
HEIGHT
62
3
7
STD
40
0.25
41
1.0
50
0.0
51
0.0
10
955.5387            
20
5046.5038           
30
52.8535             
1
 52.854
0
TEXT
8
CO_ORDS
62
3
7
STD
40
0.25
41
1.0
50
0.0
51
0.0
10
955.5387            
20
5046.5038           
30
52.8535             
1
 955.539 5046.5040
INSERT
8
POINT
62
2
2
CROSS
10
955.5565            
20
5046.5356           
30
53.0055             
41
0.002
42
0.002
43
0.002
50
0.0
0
TEXT
8
CODE
62
3
7
STD
40
0.25
41
1.0
50
0.0
51
0.0
10
955.5565            
20
5046.5356           
30
53.0055             
1
 MF
0
TEXT
8
PT_ID
62
3
7
STD
40
0.25
41
1.0
50
0.0
51
0.0
10
955.5565            
20
5046.5356           
30
53.0055             
1
 110
0
TEXT
8
HEIGHT
62
3
7
STD
40
0.25
41
1.0
50
0.0
51
0.0
10
955.5565            
20
5046.5356           
30
53.0055             
1
 53.005
0
TEXT
8
CO_ORDS
62
3
7
STD
40
0.25
41
1.0
50
0.0
51
0.0
10
955.5565            
20
5046.5356           
30
53.0055             
1
 955.556 5046.5360
INSERT
8
POINT
62
2
2
CROSS
10
961.9448            
20
5040.6513           
30
52.7512             
41
0.002
42
0.002
43
0.002
50
0.0
0
TEXT
8
CODE
62
3
7
STD
40
0.25
41
1.0
50
0.0
51
0.0
10
961.9448            
20
5040.6513           
30
52.7512             
1
 MF
0
TEXT
8
PT_ID
62
3
7
STD
40
0.25
41
1.0
50
0.0
51
0.0
10
961.9448            
20
5040.6513           
30
52.7512             
1
 111
0
TEXT
8
HEIGHT
62
3
7
STD
40
0.25
41
1.0
50
0.0
51
0.0
10
961.9448            
20
5040.6513           
30
52.7512             
1
 52.751
0
TEXT
8
CO_ORDS
62
3
7
STD
40
0.25
41
1.0
50
0.0
51
0.0
10
961.9448            
20
5040.6513           
30
52.7512             
1
 961.945 5040.6510
INSERT
8
POINT
62
2
2
CROSS
10
961.7623            
20
5040.8152           
30
52.7610             
41
0.002
42
0.002
43
0.002
50
0.0
0
TEXT
8
CODE
62
3
7
STD
40
0.25
41
1.0
50
0.0
51
0.0
10
961.7623            
20
5040.8152           
30
52.7610             
1
 MF
0
TEXT
8
PT_ID
62
3
7
STD
40
0.25
41
1.0
50
0.0
51
0.0
10
961.7623            
20
5040.8152           
30
52.7610             
1
 112
0
TEXT
8
HEIGHT
62
3
7
STD
40
0.25
41
1.0
50
0.0
51
0.0
10
961.7623            
20
5040.8152           
30
52.7610             
1
 52.761
0
TEXT
8
CO_ORDS
62
3
7
STD
40
0.25
41
1.0
50
0.0
51
0.0
10
961.7623            
20
5040.8152           
30
52.7610             
1
 961.762 5040.8150
INSERT
8
POINT
62
2
2
CROSS
10
961.6680            
20
5040.6908           
30
52.6130             
41
0.002
42
0.002
43
0.002
50
0.0
0
TEXT
8
CODE
62
3
7
STD
40
0.25
41
1.0
50
0.0
51
0.0
10
961.6680            
20
5040.6908           
30
52.6130             
1
 MF
0
TEXT
8
PT_ID
62
3
7
STD
40
0.25
41
1.0
50
0.0
51
0.0
10
961.6680            
20
5040.6908           
30
52.6130             
1
 113
0
TEXT
8
HEIGHT
62
3
7
STD
40
0.25
41
1.0
50
0.0
51
0.0
10
961.6680            
20
5040.6908           
30
52.6130             
1
 52.613
0
TEXT
8
CO_ORDS
62
3
7
STD
40
0.25
41
1.0
50
0.0
51
0.0
10
961.6680            
20
5040.6908           
30
52.6130             
1
 961.668 5040.6910
INSERT
8
POINT
62
2
2
CROSS
10
968.8353            
20
5036.5838           
30
52.4121             
41
0.002
42
0.002
43
0.002
50
0.0
0
TEXT
8
CODE
62
3
7
STD
40
0.25
41
1.0
50
0.0
51
0.0
10
968.8353            
20
5036.5838           
30
52.4121             
1
 MF
0
TEXT
8
PT_ID
62
3
7
STD
40
0.25
41
1.0
50
0.0
51
0.0
10
968.8353            
20
5036.5838           
30
52.4121             
1
 114
0
TEXT
8
HEIGHT
62
3
7
STD
40
0.25
41
1.0
50
0.0
51
0.0
10
968.8353            
20
5036.5838           
30
52.4121             
1
 52.412
0
TEXT
8
CO_ORDS
62
3
7
STD
40
0.25
41
1.0
50
0.0
51
0.0
10
968.8353            
20
5036.5838           
30
52.4121             
1
 968.835 5036.5840
INSERT
8
POINT
62
2
2
CROSS
10
968.6419            
20
5036.7604           
30
52.5839             
41
0.002
42
0.002
43
0.002
50
0.0
0
TEXT
8
CODE
62
3
7
STD
40
0.25
41
1.0
50
0.0
51
0.0
10
968.6419            
20
5036.7604           
30
52.5839             
1
 MF
0
TEXT
8
PT_ID
62
3
7
STD
40
0.25
41
1.0
50
0.0
51
0.0
10
968.6419            
20
5036.7604           
30
52.5839             
1
 115
0
TEXT
8
HEIGHT
62
3
7
STD
40
0.25
41
1.0
50
0.0
51
0.0
10
968.6419            
20
5036.7604           
30
52.5839             
1
 52.584
0
TEXT
8
CO_ORDS
62
3
7
STD
40
0.25
41
1.0
50
0.0
51
0.0
10
968.6419            
20
5036.7604           
30
52.5839             
1
 968.642 5036.7600
INSERT
8
POINT
62
2
2
CROSS
10
968.8602            
20
5037.3356           
30
52.4291             
41
0.002
42
0.002
43
0.002
50
0.0
0
TEXT
8
CODE
62
3
7
STD
40
0.25
41
1.0
50
0.0
51
0.0
10
968.8602            
20
5037.3356           
30
52.4291             
1
 MF
0
TEXT
8
PT_ID
62
3
7
STD
40
0.25
41
1.0
50
0.0
51
0.0
10
968.8602            
20
5037.3356           
30
52.4291             
1
 116
0
TEXT
8
HEIGHT
62
3
7
STD
40
0.25
41
1.0
50
0.0
51
0.0
10
968.8602            
20
5037.3356           
30
52.4291             
1
 52.429
0
TEXT
8
CO_ORDS
62
3
7
STD
40
0.25
41
1.0
50
0.0
51
0.0
10
968.8602            
20
5037.3356           
30
52.4291             
1
 968.860 5037.3360
INSERT
8
POINT
62
2
2
CROSS
10
968.8186            
20
5037.3541           
30
52.5877             
41
0.002
42
0.002
43
0.002
50
0.0
0
TEXT
8
CODE
62
3
7
STD
40
0.25
41
1.0
50
0.0
51
0.0
10
968.8186            
20
5037.3541           
30
52.5877             
1
 MF
0
TEXT
8
PT_ID
62
3
7
STD
40
0.25
41
1.0
50
0.0
51
0.0
10
968.8186            
20
5037.3541           
30
52.5877             
1
 117
0
TEXT
8
HEIGHT
62
3
7
STD
40
0.25
41
1.0
50
0.0
51
0.0
10
968.8186            
20
5037.3541           
30
52.5877             
1
 52.588
0
TEXT
8
CO_ORDS
62
3
7
STD
40
0.25
41
1.0
50
0.0
51
0.0
10
968.8186            
20
5037.3541           
30
52.5877             
1
 968.819 5037.3540
INSERT
8
POINT
62
2
2
CROSS
10
966.3617            
20
5040.8423           
30
52.5661             
41
0.002
42
0.002
43
0.002
50
0.0
0
TEXT
8
CODE
62
3
7
STD
40
0.25
41
1.0
50
0.0
51
0.0
10
966.3617            
20
5040.8423           
30
52.5661             
1
 MF
0
TEXT
8
PT_ID
62
3
7
STD
40
0.25
41
1.0
50
0.0
51
0.0
10
966.3617            
20
5040.8423           
30
52.5661             
1
 118
0
TEXT
8
HEIGHT
62
3
7
STD
40
0.25
41
1.0
50
0.0
51
0.0
10
966.3617            
20
5040.8423           
30
52.5661             
1
 52.566
0
TEXT
8
CO_ORDS
62
3
7
STD
40
0.25
41
1.0
50
0.0
51
0.0
10
966.3617            
20
5040.8423           
30
52.5661             
1
 966.362 5040.8420
INSERT
8
POINT
62
2
2
CROSS
10
966.2885            
20
5040.8447           
30
52.7105             
41
0.002
42
0.002
43
0.002
50
0.0
0
TEXT
8
CODE
62
3
7
STD
40
0.25
41
1.0
50
0.0
51
0.0
10
966.2885            
20
5040.8447           
30
52.7105             
1
 MF
0
TEXT
8
PT_ID
62
3
7
STD
40
0.25
41
1.0
50
0.0
51
0.0
10
966.2885            
20
5040.8447           
30
52.7105             
1
 119
0
TEXT
8
HEIGHT
62
3
7
STD
40
0.25
41
1.0
50
0.0
51
0.0
10
966.2885            
20
5040.8447           
30
52.7105             
1
 52.711
0
TEXT
8
CO_ORDS
62
3
7
STD
40
0.25
41
1.0
50
0.0
51
0.0
10
966.2885            
20
5040.8447           
30
52.7105             
1
 966.288 5040.8450
INSERT
8
POINT
62
2
2
CROSS
10
963.7715            
20
5044.3428           
30
52.6764             
41
0.002
42
0.002
43
0.002
50
0.0
0
TEXT
8
CODE
62
3
7
STD
40
0.25
41
1.0
50
0.0
51
0.0
10
963.7715            
20
5044.3428           
30
52.6764             
1
 MF
0
TEXT
8
PT_ID
62
3
7
STD
40
0.25
41
1.0
50
0.0
51
0.0
10
963.7715            
20
5044.3428           
30
52.6764             
1
 120
0
TEXT
8
HEIGHT
62
3
7
STD
40
0.25
41
1.0
50
0.0
51
0.0
10
963.7715            
20
5044.3428           
30
52.6764             
1
 52.676
0
TEXT
8
CO_ORDS
62
3
7
STD
40
0.25
41
1.0
50
0.0
51
0.0
10
963.7715            
20
5044.3428           
30
52.6764             
1
 963.771 5044.3430
INSERT
8
POINT
62
2
2
CROSS
10
963.6163            
20
5044.3164           
30
52.8632             
41
0.002
42
0.002
43
0.002
50
0.0
0
TEXT
8
CODE
62
3
7
STD
40
0.25
41
1.0
50
0.0
51
0.0
10
963.6163            
20
5044.3164           
30
52.8632             
1
 MF
0
TEXT
8
PT_ID
62
3
7
STD
40
0.25
41
1.0
50
0.0
51
0.0
10
963.6163            
20
5044.3164           
30
52.8632             
1
 121
0
TEXT
8
HEIGHT
62
3
7
STD
40
0.25
41
1.0
50
0.0
51
0.0
10
963.6163            
20
5044.3164           
30
52.8632             
1
 52.863
0
TEXT
8
CO_ORDS
62
3
7
STD
40
0.25
41
1.0
50
0.0
51
0.0
10
963.6163            
20
5044.3164           
30
52.8632             
1
 963.616 5044.3160
INSERT
8
POINT
62
2
2
CROSS
10
961.1075            
20
5047.9454           
30
52.8309             
41
0.002
42
0.002
43
0.002
50
0.0
0
TEXT
8
CODE
62
3
7
STD
40
0.25
41
1.0
50
0.0
51
0.0
10
961.1075            
20
5047.9454           
30
52.8309             
1
 MF
0
TEXT
8
PT_ID
62
3
7
STD
40
0.25
41
1.0
50
0.0
51
0.0
10
961.1075            
20
5047.9454           
30
52.8309             
1
 122
0
TEXT
8
HEIGHT
62
3
7
STD
40
0.25
41
1.0
50
0.0
51
0.0
10
961.1075            
20
5047.9454           
30
52.8309             
1
 52.831
0
TEXT
8
CO_ORDS
62
3
7
STD
40
0.25
41
1.0
50
0.0
51
0.0
10
961.1075            
20
5047.9454           
30
52.8309             
1
 961.108 5047.9450
INSERT
8
POINT
62
2
2
CROSS
10
960.9248            
20
5047.8455           
30
53.0208             
41
0.002
42
0.002
43
0.002
50
0.0
0
TEXT
8
CODE
62
3
7
STD
40
0.25
41
1.0
50
0.0
51
0.0
10
960.9248            
20
5047.8455           
30
53.0208             
1
 MF
0
TEXT
8
PT_ID
62
3
7
STD
40
0.25
41
1.0
50
0.0
51
0.0
10
960.9248            
20
5047.8455           
30
53.0208             
1
 123
0
TEXT
8
HEIGHT
62
3
7
STD
40
0.25
41
1.0
50
0.0
51
0.0
10
960.9248            
20
5047.8455           
30
53.0208             
1
 53.021
0
TEXT
8
CO_ORDS
62
3
7
STD
40
0.25
41
1.0
50
0.0
51
0.0
10
960.9248            
20
5047.8455           
30
53.0208             
1
 960.925 5047.8460
INSERT
8
POINT
62
2
2
CROSS
10
958.3411            
20
5051.1977           
30
52.9739             
41
0.002
42
0.002
43
0.002
50
0.0
0
TEXT
8
CODE
62
3
7
STD
40
0.25
41
1.0
50
0.0
51
0.0
10
958.3411            
20
5051.1977           
30
52.9739             
1
 MF
0
TEXT
8
PT_ID
62
3
7
STD
40
0.25
41
1.0
50
0.0
51
0.0
10
958.3411            
20
5051.1977           
30
52.9739             
1
 124
0
TEXT
8
HEIGHT
62
3
7
STD
40
0.25
41
1.0
50
0.0
51
0.0
10
958.3411            
20
5051.1977           
30
52.9739             
1
 52.974
0
TEXT
8
CO_ORDS
62
3
7
STD
40
0.25
41
1.0
50
0.0
51
0.0
10
958.3411            
20
5051.1977           
30
52.9739             
1
 958.341 5051.1980
INSERT
8
POINT
62
2
2
CROSS
10
958.2655            
20
5051.2071           
30
53.1408             
41
0.002
42
0.002
43
0.002
50
0.0
0
TEXT
8
CODE
62
3
7
STD
40
0.25
41
1.0
50
0.0
51
0.0
10
958.2655            
20
5051.2071           
30
53.1408             
1
 MF
0
TEXT
8
PT_ID
62
3
7
STD
40
0.25
41
1.0
50
0.0
51
0.0
10
958.2655            
20
5051.2071           
30
53.1408             
1
 125
0
TEXT
8
HEIGHT
62
3
7
STD
40
0.25
41
1.0
50
0.0
51
0.0
10
958.2655            
20
5051.2071           
30
53.1408             
1
 53.141
0
TEXT
8
CO_ORDS
62
3
7
STD
40
0.25
41
1.0
50
0.0
51
0.0
10
958.2655            
20
5051.2071           
30
53.1408             
1
 958.265 5051.2070
INSERT
8
POINT
62
2
2
CROSS
10
955.6170            
20
5054.9519           
30
53.1037             
41
0.002
42
0.002
43
0.002
50
0.0
0
TEXT
8
CODE
62
3
7
STD
40
0.25
41
1.0
50
0.0
51
0.0
10
955.6170            
20
5054.9519           
30
53.1037             
1
 MF
0
TEXT
8
PT_ID
62
3
7
STD
40
0.25
41
1.0
50
0.0
51
0.0
10
955.6170            
20
5054.9519           
30
53.1037             
1
 126
0
TEXT
8
HEIGHT
62
3
7
STD
40
0.25
41
1.0
50
0.0
51
0.0
10
955.6170            
20
5054.9519           
30
53.1037             
1
 53.104
0
TEXT
8
CO_ORDS
62
3
7
STD
40
0.25
41
1.0
50
0.0
51
0.0
10
955.6170            
20
5054.9519           
30
53.1037             
1
 955.617 5054.9520
INSERT
8
POINT
62
2
2
CROSS
10
955.4855            
20
5054.8164           
30
53.2334             
41
0.002
42
0.002
43
0.002
50
0.0
0
TEXT
8
CODE
62
3
7
STD
40
0.25
41
1.0
50
0.0
51
0.0
10
955.4855            
20
5054.8164           
30
53.2334             
1
 MF
0
TEXT
8
PT_ID
62
3
7
STD
40
0.25
41
1.0
50
0.0
51
0.0
10
955.4855            
20
5054.8164           
30
53.2334             
1
 127
0
TEXT
8
HEIGHT
62
3
7
STD
40
0.25
41
1.0
50
0.0
51
0.0
10
955.4855            
20
5054.8164           
30
53.2334             
1
 53.233
0
TEXT
8
CO_ORDS
62
3
7
STD
40
0.25
41
1.0
50
0.0
51
0.0
10
955.4855            
20
5054.8164           
30
53.2334             
1
 955.486 5054.8160
INSERT
8
POINT
62
2
2
CROSS
10
932.5428            
20
5075.4103           
30
54.0576             
41
0.002
42
0.002
43
0.002
50
0.0
0
TEXT
8
CODE
62
3
7
STD
40
0.25
41
1.0
50
0.0
51
0.0
10
932.5428            
20
5075.4103           
30
54.0576             
1
 POSTE
0
TEXT
8
PT_ID
62
3
7
STD
40
0.25
41
1.0
50
0.0
51
0.0
10
932.5428            
20
5075.4103           
30
54.0576             
1
 128
0
TEXT
8
HEIGHT
62
3
7
STD
40
0.25
41
1.0
50
0.0
51
0.0
10
932.5428            
20
5075.4103           
30
54.0576             
1
 54.058
0
TEXT
8
CO_ORDS
62
3
7
STD
40
0.25
41
1.0
50
0.0
51
0.0
10
932.5428            
20
5075.4103           
30
54.0576             
1
 932.543 5075.4100
INSERT
8
POINT
62
2
2
CROSS
10
927.9163            
20
5093.0829           
30
54.0958             
41
0.002
42
0.002
43
0.002
50
0.0
0
TEXT
8
CODE
62
3
7
STD
40
0.25
41
1.0
50
0.0
51
0.0
10
927.9163            
20
5093.0829           
30
54.0958             
1
 SARJETA
0
TEXT
8
PT_ID
62
3
7
STD
40
0.25
41
1.0
50
0.0
51
0.0
10
927.9163            
20
5093.0829           
30
54.0958             
1
 129
0
TEXT
8
HEIGHT
62
3
7
STD
40
0.25
41
1.0
50
0.0
51
0.0
10
927.9163            
20
5093.0829           
30
54.0958             
1
 54.096
0
TEXT
8
CO_ORDS
62
3
7
STD
40
0.25
41
1.0
50
0.0
51
0.0
10
927.9163            
20
5093.0829           
30
54.0958             
1
 927.916 5093.0830
INSERT
8
POINT
62
2
2
CROSS
10
929.7297            
20
5089.1027           
30
54.0173             
41
0.002
42
0.002
43
0.002
50
0.0
0
TEXT
8
CODE
62
3
7
STD
40
0.25
41
1.0
50
0.0
51
0.0
10
929.7297            
20
5089.1027           
30
54.0173             
1
 SARJETA
0
TEXT
8
PT_ID
62
3
7
STD
40
0.25
41
1.0
50
0.0
51
0.0
10
929.7297            
20
5089.1027           
30
54.0173             
1
 130
0
TEXT
8
HEIGHT
62
3
7
STD
40
0.25
41
1.0
50
0.0
51
0.0
10
929.7297            
20
5089.1027           
30
54.0173             
1
 54.017
0
TEXT
8
CO_ORDS
62
3
7
STD
40
0.25
41
1.0
50
0.0
51
0.0
10
929.7297            
20
5089.1027           
30
54.0173             
1
 929.730 5089.1030
INSERT
8
POINT
62
2
2
CROSS
10
932.9812            
20
5086.1372           
30
53.9620             
41
0.002
42
0.002
43
0.002
50
0.0
0
TEXT
8
CODE
62
3
7
STD
40
0.25
41
1.0
50
0.0
51
0.0
10
932.9812            
20
5086.1372           
30
53.9620             
1
 SARJETA
0
TEXT
8
PT_ID
62
3
7
STD
40
0.25
41
1.0
50
0.0
51
0.0
10
932.9812            
20
5086.1372           
30
53.9620             
1
 131
0
TEXT
8
HEIGHT
62
3
7
STD
40
0.25
41
1.0
50
0.0
51
0.0
10
932.9812            
20
5086.1372           
30
53.9620             
1
 53.962
0
TEXT
8
CO_ORDS
62
3
7
STD
40
0.25
41
1.0
50
0.0
51
0.0
10
932.9812            
20
5086.1372           
30
53.9620             
1
 932.981 5086.1370
INSERT
8
POINT
62
2
2
CROSS
10
937.2711            
20
5084.2672           
30
53.9081             
41
0.002
42
0.002
43
0.002
50
0.0
0
TEXT
8
CODE
62
3
7
STD
40
0.25
41
1.0
50
0.0
51
0.0
10
937.2711            
20
5084.2672           
30
53.9081             
1
 SARJETA
0
TEXT
8
PT_ID
62
3
7
STD
40
0.25
41
1.0
50
0.0
51
0.0
10
937.2711            
20
5084.2672           
30
53.9081             
1
 132
0
TEXT
8
HEIGHT
62
3
7
STD
40
0.25
41
1.0
50
0.0
51
0.0
10
937.2711            
20
5084.2672           
30
53.9081             
1
 53.908
0
TEXT
8
CO_ORDS
62
3
7
STD
40
0.25
41
1.0
50
0.0
51
0.0
10
937.2711            
20
5084.2672           
30
53.9081             
1
 937.271 5084.2670
INSERT
8
POINT
62
2
2
CROSS
10
941.3938            
20
5083.1731           
30
53.8502             
41
0.002
42
0.002
43
0.002
50
0.0
0
TEXT
8
CODE
62
3
7
STD
40
0.25
41
1.0
50
0.0
51
0.0
10
941.3938            
20
5083.1731           
30
53.8502             
1
 SARJETA
0
TEXT
8
PT_ID
62
3
7
STD
40
0.25
41
1.0
50
0.0
51
0.0
10
941.3938            
20
5083.1731           
30
53.8502             
1
 133
0
TEXT
8
HEIGHT
62
3
7
STD
40
0.25
41
1.0
50
0.0
51
0.0
10
941.3938            
20
5083.1731           
30
53.8502             
1
 53.850
0
TEXT
8
CO_ORDS
62
3
7
STD
40
0.25
41
1.0
50
0.0
51
0.0
10
941.3938            
20
5083.1731           
30
53.8502             
1
 941.394 5083.1730
INSERT
8
POINT
62
2
2
CROSS
10
945.7136            
20
5082.1663           
30
53.8047             
41
0.002
42
0.002
43
0.002
50
0.0
0
TEXT
8
CODE
62
3
7
STD
40
0.25
41
1.0
50
0.0
51
0.0
10
945.7136            
20
5082.1663           
30
53.8047             
1
 SARJETA
0
TEXT
8
PT_ID
62
3
7
STD
40
0.25
41
1.0
50
0.0
51
0.0
10
945.7136            
20
5082.1663           
30
53.8047             
1
 134
0
TEXT
8
HEIGHT
62
3
7
STD
40
0.25
41
1.0
50
0.0
51
0.0
10
945.7136            
20
5082.1663           
30
53.8047             
1
 53.805
0
TEXT
8
CO_ORDS
62
3
7
STD
40
0.25
41
1.0
50
0.0
51
0.0
10
945.7136            
20
5082.1663           
30
53.8047             
1
 945.714 5082.1660
INSERT
8
POINT
62
2
2
CROSS
10
950.5495            
20
5081.4978           
30
53.7422             
41
0.002
42
0.002
43
0.002
50
0.0
0
TEXT
8
CODE
62
3
7
STD
40
0.25
41
1.0
50
0.0
51
0.0
10
950.5495            
20
5081.4978           
30
53.7422             
1
 SARJETA
0
TEXT
8
PT_ID
62
3
7
STD
40
0.25
41
1.0
50
0.0
51
0.0
10
950.5495            
20
5081.4978           
30
53.7422             
1
 135
0
TEXT
8
HEIGHT
62
3
7
STD
40
0.25
41
1.0
50
0.0
51
0.0
10
950.5495            
20
5081.4978           
30
53.7422             
1
 53.742
0
TEXT
8
CO_ORDS
62
3
7
STD
40
0.25
41
1.0
50
0.0
51
0.0
10
950.5495            
20
5081.4978           
30
53.7422             
1
 950.549 5081.4980
INSERT
8
POINT
62
2
2
CROSS
10
956.0087            
20
5080.7824           
30
53.7255             
41
0.002
42
0.002
43
0.002
50
0.0
0
TEXT
8
CODE
62
3
7
STD
40
0.25
41
1.0
50
0.0
51
0.0
10
956.0087            
20
5080.7824           
30
53.7255             
1
 SARJETA
0
TEXT
8
PT_ID
62
3
7
STD
40
0.25
41
1.0
50
0.0
51
0.0
10
956.0087            
20
5080.7824           
30
53.7255             
1
 136
0
TEXT
8
HEIGHT
62
3
7
STD
40
0.25
41
1.0
50
0.0
51
0.0
10
956.0087            
20
5080.7824           
30
53.7255             
1
 53.726
0
TEXT
8
CO_ORDS
62
3
7
STD
40
0.25
41
1.0
50
0.0
51
0.0
10
956.0087            
20
5080.7824           
30
53.7255             
1
 956.009 5080.7820
INSERT
8
POINT
62
2
2
CROSS
10
925.8419            
20
5062.4881           
30
53.4790             
41
0.002
42
0.002
43
0.002
50
0.0
0
TEXT
8
CODE
62
3
7
STD
40
0.25
41
1.0
50
0.0
51
0.0
10
925.8419            
20
5062.4881           
30
53.4790             
1
 AUX
0
TEXT
8
PT_ID
62
3
7
STD
40
0.25
41
1.0
50
0.0
51
0.0
10
925.8419            
20
5062.4881           
30
53.4790             
1
 137
0
TEXT
8
HEIGHT
62
3
7
STD
40
0.25
41
1.0
50
0.0
51
0.0
10
925.8419            
20
5062.4881           
30
53.4790             
1
 53.479
0
TEXT
8
CO_ORDS
62
3
7
STD
40
0.25
41
1.0
50
0.0
51
0.0
10
925.8419            
20
5062.4881           
30
53.4790             
1
 925.842 5062.4880
INSERT
8
POINT
62
2
2
CROSS
10
968.2385            
20
5036.1789           
30
52.4084             
41
0.002
42
0.002
43
0.002
50
0.0
0
TEXT
8
CODE
62
3
7
STD
40
0.25
41
1.0
50
0.0
51
0.0
10
968.2385            
20
5036.1789           
30
52.4084             
1
 MF
0
TEXT
8
PT_ID
62
3
7
STD
40
0.25
41
1.0
50
0.0
51
0.0
10
968.2385            
20
5036.1789           
30
52.4084             
1
 138
0
TEXT
8
HEIGHT
62
3
7
STD
40
0.25
41
1.0
50
0.0
51
0.0
10
968.2385            
20
5036.1789           
30
52.4084             
1
 52.408
0
TEXT
8
CO_ORDS
62
3
7
STD
40
0.25
41
1.0
50
0.0
51
0.0
10
968.2385            
20
5036.1789           
30
52.4084             
1
 968.238 5036.1790
INSERT
8
POINT
62
2
2
CROSS
10
968.0663            
20
5036.2482           
30
52.5828             
41
0.002
42
0.002
43
0.002
50
0.0
0
TEXT
8
CODE
62
3
7
STD
40
0.25
41
1.0
50
0.0
51
0.0
10
968.0663            
20
5036.2482           
30
52.5828             
1
 MF
0
TEXT
8
PT_ID
62
3
7
STD
40
0.25
41
1.0
50
0.0
51
0.0
10
968.0663            
20
5036.2482           
30
52.5828             
1
 139
0
TEXT
8
HEIGHT
62
3
7
STD
40
0.25
41
1.0
50
0.0
51
0.0
10
968.0663            
20
5036.2482           
30
52.5828             
1
 52.583
0
TEXT
8
CO_ORDS
62
3
7
STD
40
0.25
41
1.0
50
0.0
51
0.0
10
968.0663            
20
5036.2482           
30
52.5828             
1
 968.066 5036.2480
INSERT
8
POINT
62
2
2
CROSS
10
967.2510            
20
5035.9861           
30
52.4136             
41
0.002
42
0.002
43
0.002
50
0.0
0
TEXT
8
CODE
62
3
7
STD
40
0.25
41
1.0
50
0.0
51
0.0
10
967.2510            
20
5035.9861           
30
52.4136             
1
 MF
0
TEXT
8
PT_ID
62
3
7
STD
40
0.25
41
1.0
50
0.0
51
0.0
10
967.2510            
20
5035.9861           
30
52.4136             
1
 140
0
TEXT
8
HEIGHT
62
3
7
STD
40
0.25
41
1.0
50
0.0
51
0.0
10
967.2510            
20
5035.9861           
30
52.4136             
1
 52.414
0
TEXT
8
CO_ORDS
62
3
7
STD
40
0.25
41
1.0
50
0.0
51
0.0
10
967.2510            
20
5035.9861           
30
52.4136             
1
 967.251 5035.9860
INSERT
8
POINT
62
2
2
CROSS
10
967.2562            
20
5036.0577           
30
52.5736             
41
0.002
42
0.002
43
0.002
50
0.0
0
TEXT
8
CODE
62
3
7
STD
40
0.25
41
1.0
50
0.0
51
0.0
10
967.2562            
20
5036.0577           
30
52.5736             
1
 MF
0
TEXT
8
PT_ID
62
3
7
STD
40
0.25
41
1.0
50
0.0
51
0.0
10
967.2562            
20
5036.0577           
30
52.5736             
1
 141
0
TEXT
8
HEIGHT
62
3
7
STD
40
0.25
41
1.0
50
0.0
51
0.0
10
967.2562            
20
5036.0577           
30
52.5736             
1
 52.574
0
TEXT
8
CO_ORDS
62
3
7
STD
40
0.25
41
1.0
50
0.0
51
0.0
10
967.2562            
20
5036.0577           
30
52.5736             
1
 967.256 5036.0580
INSERT
8
POINT
62
2
2
CROSS
10
965.1108            
20
5037.5488           
30
52.5019             
41
0.002
42
0.002
43
0.002
50
0.0
0
TEXT
8
CODE
62
3
7
STD
40
0.25
41
1.0
50
0.0
51
0.0
10
965.1108            
20
5037.5488           
30
52.5019             
1
 MF
0
TEXT
8
PT_ID
62
3
7
STD
40
0.25
41
1.0
50
0.0
51
0.0
10
965.1108            
20
5037.5488           
30
52.5019             
1
 142
0
TEXT
8
HEIGHT
62
3
7
STD
40
0.25
41
1.0
50
0.0
51
0.0
10
965.1108            
20
5037.5488           
30
52.5019             
1
 52.502
0
TEXT
8
CO_ORDS
62
3
7
STD
40
0.25
41
1.0
50
0.0
51
0.0
10
965.1108            
20
5037.5488           
30
52.5019             
1
 965.111 5037.5490
INSERT
8
POINT
62
2
2
CROSS
10
965.1798            
20
5037.6880           
30
52.6467             
41
0.002
42
0.002
43
0.002
50
0.0
0
TEXT
8
CODE
62
3
7
STD
40
0.25
41
1.0
50
0.0
51
0.0
10
965.1798            
20
5037.6880           
30
52.6467             
1
 MF
0
TEXT
8
PT_ID
62
3
7
STD
40
0.25
41
1.0
50
0.0
51
0.0
10
965.1798            
20
5037.6880           
30
52.6467             
1
 143
0
TEXT
8
HEIGHT
62
3
7
STD
40
0.25
41
1.0
50
0.0
51
0.0
10
965.1798            
20
5037.6880           
30
52.6467             
1
 52.647
0
TEXT
8
CO_ORDS
62
3
7
STD
40
0.25
41
1.0
50
0.0
51
0.0
10
965.1798            
20
5037.6880           
30
52.6467             
1
 965.180 5037.6880
INSERT
8
POINT
62
2
2
CROSS
10
958.7084            
20
5043.5063           
30
52.7024             
41
0.002
42
0.002
43
0.002
50
0.0
0
TEXT
8
CODE
62
3
7
STD
40
0.25
41
1.0
50
0.0
51
0.0
10
958.7084            
20
5043.5063           
30
52.7024             
1
 MF
0
TEXT
8
PT_ID
62
3
7
STD
40
0.25
41
1.0
50
0.0
51
0.0
10
958.7084            
20
5043.5063           
30
52.7024             
1
 144
0
TEXT
8
HEIGHT
62
3
7
STD
40
0.25
41
1.0
50
0.0
51
0.0
10
958.7084            
20
5043.5063           
30
52.7024             
1
 52.702
0
TEXT
8
CO_ORDS
62
3
7
STD
40
0.25
41
1.0
50
0.0
51
0.0
10
958.7084            
20
5043.5063           
30
52.7024             
1
 958.708 5043.5060
INSERT
8
POINT
62
2
2
CROSS
10
958.7058            
20
5043.6188           
30
52.8871             
41
0.002
42
0.002
43
0.002
50
0.0
0
TEXT
8
CODE
62
3
7
STD
40
0.25
41
1.0
50
0.0
51
0.0
10
958.7058            
20
5043.6188           
30
52.8871             
1
 MF
0
TEXT
8
PT_ID
62
3
7
STD
40
0.25
41
1.0
50
0.0
51
0.0
10
958.7058            
20
5043.6188           
30
52.8871             
1
 145
0
TEXT
8
HEIGHT
62
3
7
STD
40
0.25
41
1.0
50
0.0
51
0.0
10
958.7058            
20
5043.6188           
30
52.8871             
1
 52.887
0
TEXT
8
CO_ORDS
62
3
7
STD
40
0.25
41
1.0
50
0.0
51
0.0
10
958.7058            
20
5043.6188           
30
52.8871             
1
 958.706 5043.6190
INSERT
8
POINT
62
2
2
CROSS
10
926.4280            
20
5107.4067           
30
54.2786             
41
0.002
42
0.002
43
0.002
50
0.0
0
TEXT
8
CODE
62
3
7
STD
40
0.25
41
1.0
50
0.0
51
0.0
10
926.4280            
20
5107.4067           
30
54.2786             
1
 MF
0
TEXT
8
PT_ID
62
3
7
STD
40
0.25
41
1.0
50
0.0
51
0.0
10
926.4280            
20
5107.4067           
30
54.2786             
1
 146
0
TEXT
8
HEIGHT
62
3
7
STD
40
0.25
41
1.0
50
0.0
51
0.0
10
926.4280            
20
5107.4067           
30
54.2786             
1
 54.279
0
TEXT
8
CO_ORDS
62
3
7
STD
40
0.25
41
1.0
50
0.0
51
0.0
10
926.4280            
20
5107.4067           
30
54.2786             
1
 926.428 5107.4070
INSERT
8
POINT
62
2
2
CROSS
10
926.4557            
20
5107.3967           
30
54.4214             
41
0.002
42
0.002
43
0.002
50
0.0
0
TEXT
8
CODE
62
3
7
STD
40
0.25
41
1.0
50
0.0
51
0.0
10
926.4557            
20
5107.3967           
30
54.4214             
1
 MF
0
TEXT
8
PT_ID
62
3
7
STD
40
0.25
41
1.0
50
0.0
51
0.0
10
926.4557            
20
5107.3967           
30
54.4214             
1
 147
0
TEXT
8
HEIGHT
62
3
7
STD
40
0.25
41
1.0
50
0.0
51
0.0
10
926.4557            
20
5107.3967           
30
54.4214             
1
 54.421
0
TEXT
8
CO_ORDS
62
3
7
STD
40
0.25
41
1.0
50
0.0
51
0.0
10
926.4557            
20
5107.3967           
30
54.4214             
1
 926.456 5107.3970
INSERT
8
POINT
62
2
2
CROSS
10
926.9100            
20
5102.9808           
30
54.2625             
41
0.002
42
0.002
43
0.002
50
0.0
0
TEXT
8
CODE
62
3
7
STD
40
0.25
41
1.0
50
0.0
51
0.0
10
926.9100            
20
5102.9808           
30
54.2625             
1
 MF
0
TEXT
8
PT_ID
62
3
7
STD
40
0.25
41
1.0
50
0.0
51
0.0
10
926.9100            
20
5102.9808           
30
54.2625             
1
 148
0
TEXT
8
HEIGHT
62
3
7
STD
40
0.25
41
1.0
50
0.0
51
0.0
10
926.9100            
20
5102.9808           
30
54.2625             
1
 54.263
0
TEXT
8
CO_ORDS
62
3
7
STD
40
0.25
41
1.0
50
0.0
51
0.0
10
926.9100            
20
5102.9808           
30
54.2625             
1
 926.910 5102.9810
INSERT
8
POINT
62
2
2
CROSS
10
926.9468            
20
5102.9444           
30
54.3493             
41
0.002
42
0.002
43
0.002
50
0.0
0
TEXT
8
CODE
62
3
7
STD
40
0.25
41
1.0
50
0.0
51
0.0
10
926.9468            
20
5102.9444           
30
54.3493             
1
 MF
0
TEXT
8
PT_ID
62
3
7
STD
40
0.25
41
1.0
50
0.0
51
0.0
10
926.9468            
20
5102.9444           
30
54.3493             
1
 149
0
TEXT
8
HEIGHT
62
3
7
STD
40
0.25
41
1.0
50
0.0
51
0.0
10
926.9468            
20
5102.9444           
30
54.3493             
1
 54.349
0
TEXT
8
CO_ORDS
62
3
7
STD
40
0.25
41
1.0
50
0.0
51
0.0
10
926.9468            
20
5102.9444           
30
54.3493             
1
 926.947 5102.9440
INSERT
8
POINT
62
2
2
CROSS
10
927.3464            
20
5098.6239           
30
54.1622             
41
0.002
42
0.002
43
0.002
50
0.0
0
TEXT
8
CODE
62
3
7
STD
40
0.25
41
1.0
50
0.0
51
0.0
10
927.3464            
20
5098.6239           
30
54.1622             
1
 MF
0
TEXT
8
PT_ID
62
3
7
STD
40
0.25
41
1.0
50
0.0
51
0.0
10
927.3464            
20
5098.6239           
30
54.1622             
1
 150
0
TEXT
8
HEIGHT
62
3
7
STD
40
0.25
41
1.0
50
0.0
51
0.0
10
927.3464            
20
5098.6239           
30
54.1622             
1
 54.162
0
TEXT
8
CO_ORDS
62
3
7
STD
40
0.25
41
1.0
50
0.0
51
0.0
10
927.3464            
20
5098.6239           
30
54.1622             
1
 927.346 5098.6240
INSERT
8
POINT
62
2
2
CROSS
10
927.3938            
20
5098.6039           
30
54.3142             
41
0.002
42
0.002
43
0.002
50
0.0
0
TEXT
8
CODE
62
3
7
STD
40
0.25
41
1.0
50
0.0
51
0.0
10
927.3938            
20
5098.6039           
30
54.3142             
1
 MF
0
TEXT
8
PT_ID
62
3
7
STD
40
0.25
41
1.0
50
0.0
51
0.0
10
927.3938            
20
5098.6039           
30
54.3142             
1
 151
0
TEXT
8
HEIGHT
62
3
7
STD
40
0.25
41
1.0
50
0.0
51
0.0
10
927.3938            
20
5098.6039           
30
54.3142             
1
 54.314
0
TEXT
8
CO_ORDS
62
3
7
STD
40
0.25
41
1.0
50
0.0
51
0.0
10
927.3938            
20
5098.6039           
30
54.3142             
1
 927.394 5098.6040
INSERT
8
POINT
62
2
2
CROSS
10
916.3365            
20
5106.2035           
30
54.2535             
41
0.002
42
0.002
43
0.002
50
0.0
0
TEXT
8
CODE
62
3
7
STD
40
0.25
41
1.0
50
0.0
51
0.0
10
916.3365            
20
5106.2035           
30
54.2535             
1
 CALCADA
0
TEXT
8
PT_ID
62
3
7
STD
40
0.25
41
1.0
50
0.0
51
0.0
10
916.3365            
20
5106.2035           
30
54.2535             
1
 152
0
TEXT
8
HEIGHT
62
3
7
STD
40
0.25
41
1.0
50
0.0
51
0.0
10
916.3365            
20
5106.2035           
30
54.2535             
1
 54.253
0
TEXT
8
CO_ORDS
62
3
7
STD
40
0.25
41
1.0
50
0.0
51
0.0
10
916.3365            
20
5106.2035           
30
54.2535             
1
 916.336 5106.2040
INSERT
8
POINT
62
2
2
CROSS
10
916.3226            
20
5106.1904           
30
54.3381             
41
0.002
42
0.002
43
0.002
50
0.0
0
TEXT
8
CODE
62
3
7
STD
40
0.25
41
1.0
50
0.0
51
0.0
10
916.3226            
20
5106.1904           
30
54.3381             
1
 CALCADA
0
TEXT
8
PT_ID
62
3
7
STD
40
0.25
41
1.0
50
0.0
51
0.0
10
916.3226            
20
5106.1904           
30
54.3381             
1
 153
0
TEXT
8
HEIGHT
62
3
7
STD
40
0.25
41
1.0
50
0.0
51
0.0
10
916.3226            
20
5106.1904           
30
54.3381             
1
 54.338
0
TEXT
8
CO_ORDS
62
3
7
STD
40
0.25
41
1.0
50
0.0
51
0.0
10
916.3226            
20
5106.1904           
30
54.3381             
1
 916.323 5106.1900
INSERT
8
POINT
62
2
2
CROSS
10
914.2489            
20
5106.0193           
30
54.3617             
41
0.002
42
0.002
43
0.002
50
0.0
0
TEXT
8
CODE
62
3
7
STD
40
0.25
41
1.0
50
0.0
51
0.0
10
914.2489            
20
5106.0193           
30
54.3617             
1
 CALCADA
0
TEXT
8
PT_ID
62
3
7
STD
40
0.25
41
1.0
50
0.0
51
0.0
10
914.2489            
20
5106.0193           
30
54.3617             
1
 154
0
TEXT
8
HEIGHT
62
3
7
STD
40
0.25
41
1.0
50
0.0
51
0.0
10
914.2489            
20
5106.0193           
30
54.3617             
1
 54.362
0
TEXT
8
CO_ORDS
62
3
7
STD
40
0.25
41
1.0
50
0.0
51
0.0
10
914.2489            
20
5106.0193           
30
54.3617             
1
 914.249 5106.0190
INSERT
8
POINT
62
2
2
CROSS
10
916.9800            
20
5101.8599           
30
54.2264             
41
0.002
42
0.002
43
0.002
50
0.0
0
TEXT
8
CODE
62
3
7
STD
40
0.25
41
1.0
50
0.0
51
0.0
10
916.9800            
20
5101.8599           
30
54.2264             
1
 CALCADA
0
TEXT
8
PT_ID
62
3
7
STD
40
0.25
41
1.0
50
0.0
51
0.0
10
916.9800            
20
5101.8599           
30
54.2264             
1
 155
0
TEXT
8
HEIGHT
62
3
7
STD
40
0.25
41
1.0
50
0.0
51
0.0
10
916.9800            
20
5101.8599           
30
54.2264             
1
 54.226
0
TEXT
8
CO_ORDS
62
3
7
STD
40
0.25
41
1.0
50
0.0
51
0.0
10
916.9800            
20
5101.8599           
30
54.2264             
1
 916.980 5101.8600
INSERT
8
POINT
62
2
2
CROSS
10
916.8137            
20
5101.8747           
30
54.3001             
41
0.002
42
0.002
43
0.002
50
0.0
0
TEXT
8
CODE
62
3
7
STD
40
0.25
41
1.0
50
0.0
51
0.0
10
916.8137            
20
5101.8747           
30
54.3001             
1
 CALCADA
0
TEXT
8
PT_ID
62
3
7
STD
40
0.25
41
1.0
50
0.0
51
0.0
10
916.8137            
20
5101.8747           
30
54.3001             
1
 156
0
TEXT
8
HEIGHT
62
3
7
STD
40
0.25
41
1.0
50
0.0
51
0.0
10
916.8137            
20
5101.8747           
30
54.3001             
1
 54.300
0
TEXT
8
CO_ORDS
62
3
7
STD
40
0.25
41
1.0
50
0.0
51
0.0
10
916.8137            
20
5101.8747           
30
54.3001             
1
 916.814 5101.8750
INSERT
8
POINT
62
2
2
CROSS
10
914.7461            
20
5101.6550           
30
54.3034             
41
0.002
42
0.002
43
0.002
50
0.0
0
TEXT
8
CODE
62
3
7
STD
40
0.25
41
1.0
50
0.0
51
0.0
10
914.7461            
20
5101.6550           
30
54.3034             
1
 CALCADA
0
TEXT
8
PT_ID
62
3
7
STD
40
0.25
41
1.0
50
0.0
51
0.0
10
914.7461            
20
5101.6550           
30
54.3034             
1
 157
0
TEXT
8
HEIGHT
62
3
7
STD
40
0.25
41
1.0
50
0.0
51
0.0
10
914.7461            
20
5101.6550           
30
54.3034             
1
 54.303
0
TEXT
8
CO_ORDS
62
3
7
STD
40
0.25
41
1.0
50
0.0
51
0.0
10
914.7461            
20
5101.6550           
30
54.3034             
1
 914.746 5101.6550
INSERT
8
POINT
62
2
2
CROSS
10
917.3237            
20
5097.4609           
30
54.1526             
41
0.002
42
0.002
43
0.002
50
0.0
0
TEXT
8
CODE
62
3
7
STD
40
0.25
41
1.0
50
0.0
51
0.0
10
917.3237            
20
5097.4609           
30
54.1526             
1
 CALCADA
0
TEXT
8
PT_ID
62
3
7
STD
40
0.25
41
1.0
50
0.0
51
0.0
10
917.3237            
20
5097.4609           
30
54.1526             
1
 158
0
TEXT
8
HEIGHT
62
3
7
STD
40
0.25
41
1.0
50
0.0
51
0.0
10
917.3237            
20
5097.4609           
30
54.1526             
1
 54.153
0
TEXT
8
CO_ORDS
62
3
7
STD
40
0.25
41
1.0
50
0.0
51
0.0
10
917.3237            
20
5097.4609           
30
54.1526             
1
 917.324 5097.4610
INSERT
8
POINT
62
2
2
CROSS
10
917.2927            
20
5097.4540           
30
54.2297             
41
0.002
42
0.002
43
0.002
50
0.0
0
TEXT
8
CODE
62
3
7
STD
40
0.25
41
1.0
50
0.0
51
0.0
10
917.2927            
20
5097.4540           
30
54.2297             
1
 CALCADA
0
TEXT
8
PT_ID
62
3
7
STD
40
0.25
41
1.0
50
0.0
51
0.0
10
917.2927            
20
5097.4540           
30
54.2297             
1
 159
0
TEXT
8
HEIGHT
62
3
7
STD
40
0.25
41
1.0
50
0.0
51
0.0
10
917.2927            
20
5097.4540           
30
54.2297             
1
 54.230
0
TEXT
8
CO_ORDS
62
3
7
STD
40
0.25
41
1.0
50
0.0
51
0.0
10
917.2927            
20
5097.4540           
30
54.2297             
1
 917.293 5097.4540
INSERT
8
POINT
62
2
2
CROSS
10
915.2673            
20
5097.0203           
30
54.2122             
41
0.002
42
0.002
43
0.002
50
0.0
0
TEXT
8
CODE
62
3
7
STD
40
0.25
41
1.0
50
0.0
51
0.0
10
915.2673            
20
5097.0203           
30
54.2122             
1
 CALCADA
0
TEXT
8
PT_ID
62
3
7
STD
40
0.25
41
1.0
50
0.0
51
0.0
10
915.2673            
20
5097.0203           
30
54.2122             
1
 160
0
TEXT
8
HEIGHT
62
3
7
STD
40
0.25
41
1.0
50
0.0
51
0.0
10
915.2673            
20
5097.0203           
30
54.2122             
1
 54.212
0
TEXT
8
CO_ORDS
62
3
7
STD
40
0.25
41
1.0
50
0.0
51
0.0
10
915.2673            
20
5097.0203           
30
54.2122             
1
 915.267 5097.0200
INSERT
8
POINT
62
2
2
CROSS
10
915.8860            
20
5092.4727           
30
54.1367             
41
0.002
42
0.002
43
0.002
50
0.0
0
TEXT
8
CODE
62
3
7
STD
40
0.25
41
1.0
50
0.0
51
0.0
10
915.8860            
20
5092.4727           
30
54.1367             
1
 CALCADA
0
TEXT
8
PT_ID
62
3
7
STD
40
0.25
41
1.0
50
0.0
51
0.0
10
915.8860            
20
5092.4727           
30
54.1367             
1
 161
0
TEXT
8
HEIGHT
62
3
7
STD
40
0.25
41
1.0
50
0.0
51
0.0
10
915.8860            
20
5092.4727           
30
54.1367             
1
 54.137
0
TEXT
8
CO_ORDS
62
3
7
STD
40
0.25
41
1.0
50
0.0
51
0.0
10
915.8860            
20
5092.4727           
30
54.1367             
1
 915.886 5092.4730
INSERT
8
POINT
62
2
2
CROSS
10
917.8061            
20
5092.7341           
30
54.1630             
41
0.002
42
0.002
43
0.002
50
0.0
0
TEXT
8
CODE
62
3
7
STD
40
0.25
41
1.0
50
0.0
51
0.0
10
917.8061            
20
5092.7341           
30
54.1630             
1
 CALCADA
0
TEXT
8
PT_ID
62
3
7
STD
40
0.25
41
1.0
50
0.0
51
0.0
10
917.8061            
20
5092.7341           
30
54.1630             
1
 162
0
TEXT
8
HEIGHT
62
3
7
STD
40
0.25
41
1.0
50
0.0
51
0.0
10
917.8061            
20
5092.7341           
30
54.1630             
1
 54.163
0
TEXT
8
CO_ORDS
62
3
7
STD
40
0.25
41
1.0
50
0.0
51
0.0
10
917.8061            
20
5092.7341           
30
54.1630             
1
 917.806 5092.7340
INSERT
8
POINT
62
2
2
CROSS
10
917.8604            
20
5092.7472           
30
54.0718             
41
0.002
42
0.002
43
0.002
50
0.0
0
TEXT
8
CODE
62
3
7
STD
40
0.25
41
1.0
50
0.0
51
0.0
10
917.8604            
20
5092.7472           
30
54.0718             
1
 CALCADA
0
TEXT
8
PT_ID
62
3
7
STD
40
0.25
41
1.0
50
0.0
51
0.0
10
917.8604            
20
5092.7472           
30
54.0718             
1
 163
0
TEXT
8
HEIGHT
62
3
7
STD
40
0.25
41
1.0
50
0.0
51
0.0
10
917.8604            
20
5092.7472           
30
54.0718             
1
 54.072
0
TEXT
8
CO_ORDS
62
3
7
STD
40
0.25
41
1.0
50
0.0
51
0.0
10
917.8604            
20
5092.7472           
30
54.0718             
1
 917.860 5092.7470
INSERT
8
POINT
62
2
2
CROSS
10
918.3460            
20
5088.0467           
30
53.9789             
41
0.002
42
0.002
43
0.002
50
0.0
0
TEXT
8
CODE
62
3
7
STD
40
0.25
41
1.0
50
0.0
51
0.0
10
918.3460            
20
5088.0467           
30
53.9789             
1
 CALCADA
0
TEXT
8
PT_ID
62
3
7
STD
40
0.25
41
1.0
50
0.0
51
0.0
10
918.3460            
20
5088.0467           
30
53.9789             
1
 164
0
TEXT
8
HEIGHT
62
3
7
STD
40
0.25
41
1.0
50
0.0
51
0.0
10
918.3460            
20
5088.0467           
30
53.9789             
1
 53.979
0
TEXT
8
CO_ORDS
62
3
7
STD
40
0.25
41
1.0
50
0.0
51
0.0
10
918.3460            
20
5088.0467           
30
53.9789             
1
 918.346 5088.0470
INSERT
8
POINT
62
2
2
CROSS
10
918.3058            
20
5088.0508           
30
54.0563             
41
0.002
42
0.002
43
0.002
50
0.0
0
TEXT
8
CODE
62
3
7
STD
40
0.25
41
1.0
50
0.0
51
0.0
10
918.3058            
20
5088.0508           
30
54.0563             
1
 CALCADA
0
TEXT
8
PT_ID
62
3
7
STD
40
0.25
41
1.0
50
0.0
51
0.0
10
918.3058            
20
5088.0508           
30
54.0563             
1
 165
0
TEXT
8
HEIGHT
62
3
7
STD
40
0.25
41
1.0
50
0.0
51
0.0
10
918.3058            
20
5088.0508           
30
54.0563             
1
 54.056
0
TEXT
8
CO_ORDS
62
3
7
STD
40
0.25
41
1.0
50
0.0
51
0.0
10
918.3058            
20
5088.0508           
30
54.0563             
1
 918.306 5088.0510
INSERT
8
POINT
62
2
2
CROSS
10
916.4318            
20
5087.4913           
30
54.0394             
41
0.002
42
0.002
43
0.002
50
0.0
0
TEXT
8
CODE
62
3
7
STD
40
0.25
41
1.0
50
0.0
51
0.0
10
916.4318            
20
5087.4913           
30
54.0394             
1
 CALCADA
0
TEXT
8
PT_ID
62
3
7
STD
40
0.25
41
1.0
50
0.0
51
0.0
10
916.4318            
20
5087.4913           
30
54.0394             
1
 166
0
TEXT
8
HEIGHT
62
3
7
STD
40
0.25
41
1.0
50
0.0
51
0.0
10
916.4318            
20
5087.4913           
30
54.0394             
1
 54.039
0
TEXT
8
CO_ORDS
62
3
7
STD
40
0.25
41
1.0
50
0.0
51
0.0
10
916.4318            
20
5087.4913           
30
54.0394             
1
 916.432 5087.4910
INSERT
8
POINT
62
2
2
CROSS
10
917.0540            
20
5083.3996           
30
53.9649             
41
0.002
42
0.002
43
0.002
50
0.0
0
TEXT
8
CODE
62
3
7
STD
40
0.25
41
1.0
50
0.0
51
0.0
10
917.0540            
20
5083.3996           
30
53.9649             
1
 CALCADA
0
TEXT
8
PT_ID
62
3
7
STD
40
0.25
41
1.0
50
0.0
51
0.0
10
917.0540            
20
5083.3996           
30
53.9649             
1
 167
0
TEXT
8
HEIGHT
62
3
7
STD
40
0.25
41
1.0
50
0.0
51
0.0
10
917.0540            
20
5083.3996           
30
53.9649             
1
 53.965
0
TEXT
8
CO_ORDS
62
3
7
STD
40
0.25
41
1.0
50
0.0
51
0.0
10
917.0540            
20
5083.3996           
30
53.9649             
1
 917.054 5083.4000
INSERT
8
POINT
62
2
2
CROSS
10
918.8290            
20
5083.6219           
30
53.9548             
41
0.002
42
0.002
43
0.002
50
0.0
0
TEXT
8
CODE
62
3
7
STD
40
0.25
41
1.0
50
0.0
51
0.0
10
918.8290            
20
5083.6219           
30
53.9548             
1
 CALCADA
0
TEXT
8
PT_ID
62
3
7
STD
40
0.25
41
1.0
50
0.0
51
0.0
10
918.8290            
20
5083.6219           
30
53.9548             
1
 168
0
TEXT
8
HEIGHT
62
3
7
STD
40
0.25
41
1.0
50
0.0
51
0.0
10
918.8290            
20
5083.6219           
30
53.9548             
1
 53.955
0
TEXT
8
CO_ORDS
62
3
7
STD
40
0.25
41
1.0
50
0.0
51
0.0
10
918.8290            
20
5083.6219           
30
53.9548             
1
 918.829 5083.6220
INSERT
8
POINT
62
2
2
CROSS
10
918.8585            
20
5083.6248           
30
53.8514             
41
0.002
42
0.002
43
0.002
50
0.0
0
TEXT
8
CODE
62
3
7
STD
40
0.25
41
1.0
50
0.0
51
0.0
10
918.8585            
20
5083.6248           
30
53.8514             
1
 CALCADA
0
TEXT
8
PT_ID
62
3
7
STD
40
0.25
41
1.0
50
0.0
51
0.0
10
918.8585            
20
5083.6248           
30
53.8514             
1
 169
0
TEXT
8
HEIGHT
62
3
7
STD
40
0.25
41
1.0
50
0.0
51
0.0
10
918.8585            
20
5083.6248           
30
53.8514             
1
 53.851
0
TEXT
8
CO_ORDS
62
3
7
STD
40
0.25
41
1.0
50
0.0
51
0.0
10
918.8585            
20
5083.6248           
30
53.8514             
1
 918.858 5083.6250
INSERT
8
POINT
62
2
2
CROSS
10
920.4939            
20
5076.4134           
30
53.7387             
41
0.002
42
0.002
43
0.002
50
0.0
0
TEXT
8
CODE
62
3
7
STD
40
0.25
41
1.0
50
0.0
51
0.0
10
920.4939            
20
5076.4134           
30
53.7387             
1
 CALCADA
0
TEXT
8
PT_ID
62
3
7
STD
40
0.25
41
1.0
50
0.0
51
0.0
10
920.4939            
20
5076.4134           
30
53.7387             
1
 170
0
TEXT
8
HEIGHT
62
3
7
STD
40
0.25
41
1.0
50
0.0
51
0.0
10
920.4939            
20
5076.4134           
30
53.7387             
1
 53.739
0
TEXT
8
CO_ORDS
62
3
7
STD
40
0.25
41
1.0
50
0.0
51
0.0
10
920.4939            
20
5076.4134           
30
53.7387             
1
 920.494 5076.4130
INSERT
8
POINT
62
2
2
CROSS
10
920.4784            
20
5076.4050           
30
53.8133             
41
0.002
42
0.002
43
0.002
50
0.0
0
TEXT
8
CODE
62
3
7
STD
40
0.25
41
1.0
50
0.0
51
0.0
10
920.4784            
20
5076.4050           
30
53.8133             
1
 CALCADA
0
TEXT
8
PT_ID
62
3
7
STD
40
0.25
41
1.0
50
0.0
51
0.0
10
920.4784            
20
5076.4050           
30
53.8133             
1
 171
0
TEXT
8
HEIGHT
62
3
7
STD
40
0.25
41
1.0
50
0.0
51
0.0
10
920.4784            
20
5076.4050           
30
53.8133             
1
 53.813
0
TEXT
8
CO_ORDS
62
3
7
STD
40
0.25
41
1.0
50
0.0
51
0.0
10
920.4784            
20
5076.4050           
30
53.8133             
1
 920.478 5076.4050
INSERT
8
POINT
62
2
2
CROSS
10
918.9016            
20
5075.9785           
30
53.8396             
41
0.002
42
0.002
43
0.002
50
0.0
0
TEXT
8
CODE
62
3
7
STD
40
0.25
41
1.0
50
0.0
51
0.0
10
918.9016            
20
5075.9785           
30
53.8396             
1
 CALCADA
0
TEXT
8
PT_ID
62
3
7
STD
40
0.25
41
1.0
50
0.0
51
0.0
10
918.9016            
20
5075.9785           
30
53.8396             
1
 172
0
TEXT
8
HEIGHT
62
3
7
STD
40
0.25
41
1.0
50
0.0
51
0.0
10
918.9016            
20
5075.9785           
30
53.8396             
1
 53.840
0
TEXT
8
CO_ORDS
62
3
7
STD
40
0.25
41
1.0
50
0.0
51
0.0
10
918.9016            
20
5075.9785           
30
53.8396             
1
 918.902 5075.9790
INSERT
8
POINT
62
2
2
CROSS
10
918.4549            
20
5075.8379           
30
53.9258             
41
0.002
42
0.002
43
0.002
50
0.0
0
TEXT
8
CODE
62
3
7
STD
40
0.25
41
1.0
50
0.0
51
0.0
10
918.4549            
20
5075.8379           
30
53.9258             
1
 CALCADA
0
TEXT
8
PT_ID
62
3
7
STD
40
0.25
41
1.0
50
0.0
51
0.0
10
918.4549            
20
5075.8379           
30
53.9258             
1
 173
0
TEXT
8
HEIGHT
62
3
7
STD
40
0.25
41
1.0
50
0.0
51
0.0
10
918.4549            
20
5075.8379           
30
53.9258             
1
 53.926
0
TEXT
8
CO_ORDS
62
3
7
STD
40
0.25
41
1.0
50
0.0
51
0.0
10
918.4549            
20
5075.8379           
30
53.9258             
1
 918.455 5075.8380
INSERT
8
POINT
62
2
2
CROSS
10
919.8085            
20
5072.3192           
30
53.7645             
41
0.002
42
0.002
43
0.002
50
0.0
0
TEXT
8
CODE
62
3
7
STD
40
0.25
41
1.0
50
0.0
51
0.0
10
919.8085            
20
5072.3192           
30
53.7645             
1
 CALCADA
0
TEXT
8
PT_ID
62
3
7
STD
40
0.25
41
1.0
50
0.0
51
0.0
10
919.8085            
20
5072.3192           
30
53.7645             
1
 174
0
TEXT
8
HEIGHT
62
3
7
STD
40
0.25
41
1.0
50
0.0
51
0.0
10
919.8085            
20
5072.3192           
30
53.7645             
1
 53.765
0
TEXT
8
CO_ORDS
62
3
7
STD
40
0.25
41
1.0
50
0.0
51
0.0
10
919.8085            
20
5072.3192           
30
53.7645             
1
 919.809 5072.3190
INSERT
8
POINT
62
2
2
CROSS
10
921.7745            
20
5073.1241           
30
53.7539             
41
0.002
42
0.002
43
0.002
50
0.0
0
TEXT
8
CODE
62
3
7
STD
40
0.25
41
1.0
50
0.0
51
0.0
10
921.7745            
20
5073.1241           
30
53.7539             
1
 CALCADA
0
TEXT
8
PT_ID
62
3
7
STD
40
0.25
41
1.0
50
0.0
51
0.0
10
921.7745            
20
5073.1241           
30
53.7539             
1
 175
0
TEXT
8
HEIGHT
62
3
7
STD
40
0.25
41
1.0
50
0.0
51
0.0
10
921.7745            
20
5073.1241           
30
53.7539             
1
 53.754
0
TEXT
8
CO_ORDS
62
3
7
STD
40
0.25
41
1.0
50
0.0
51
0.0
10
921.7745            
20
5073.1241           
30
53.7539             
1
 921.775 5073.1240
INSERT
8
POINT
62
2
2
CROSS
10
921.7877            
20
5073.1691           
30
53.6790             
41
0.002
42
0.002
43
0.002
50
0.0
0
TEXT
8
CODE
62
3
7
STD
40
0.25
41
1.0
50
0.0
51
0.0
10
921.7877            
20
5073.1691           
30
53.6790             
1
 CALCADA
0
TEXT
8
PT_ID
62
3
7
STD
40
0.25
41
1.0
50
0.0
51
0.0
10
921.7877            
20
5073.1691           
30
53.6790             
1
 176
0
TEXT
8
HEIGHT
62
3
7
STD
40
0.25
41
1.0
50
0.0
51
0.0
10
921.7877            
20
5073.1691           
30
53.6790             
1
 53.679
0
TEXT
8
CO_ORDS
62
3
7
STD
40
0.25
41
1.0
50
0.0
51
0.0
10
921.7877            
20
5073.1691           
30
53.6790             
1
 921.788 5073.1690
INSERT
8
POINT
62
2
2
CROSS
10
923.4694            
20
5069.4194           
30
53.5926             
41
0.002
42
0.002
43
0.002
50
0.0
0
TEXT
8
CODE
62
3
7
STD
40
0.25
41
1.0
50
0.0
51
0.0
10
923.4694            
20
5069.4194           
30
53.5926             
1
 CALCADA
0
TEXT
8
PT_ID
62
3
7
STD
40
0.25
41
1.0
50
0.0
51
0.0
10
923.4694            
20
5069.4194           
30
53.5926             
1
 177
0
TEXT
8
HEIGHT
62
3
7
STD
40
0.25
41
1.0
50
0.0
51
0.0
10
923.4694            
20
5069.4194           
30
53.5926             
1
 53.593
0
TEXT
8
CO_ORDS
62
3
7
STD
40
0.25
41
1.0
50
0.0
51
0.0
10
923.4694            
20
5069.4194           
30
53.5926             
1
 923.469 5069.4190
INSERT
8
POINT
62
2
2
CROSS
10
923.4387            
20
5069.3972           
30
53.6460             
41
0.002
42
0.002
43
0.002
50
0.0
0
TEXT
8
CODE
62
3
7
STD
40
0.25
41
1.0
50
0.0
51
0.0
10
923.4387            
20
5069.3972           
30
53.6460             
1
 CALCADA
0
TEXT
8
PT_ID
62
3
7
STD
40
0.25
41
1.0
50
0.0
51
0.0
10
923.4387            
20
5069.3972           
30
53.6460             
1
 178
0
TEXT
8
HEIGHT
62
3
7
STD
40
0.25
41
1.0
50
0.0
51
0.0
10
923.4387            
20
5069.3972           
30
53.6460             
1
 53.646
0
TEXT
8
CO_ORDS
62
3
7
STD
40
0.25
41
1.0
50
0.0
51
0.0
10
923.4387            
20
5069.3972           
30
53.6460             
1
 923.439 5069.3970
INSERT
8
POINT
62
2
2
CROSS
10
921.5645            
20
5068.3828           
30
53.6654             
41
0.002
42
0.002
43
0.002
50
0.0
0
TEXT
8
CODE
62
3
7
STD
40
0.25
41
1.0
50
0.0
51
0.0
10
921.5645            
20
5068.3828           
30
53.6654             
1
 CALCADA
0
TEXT
8
PT_ID
62
3
7
STD
40
0.25
41
1.0
50
0.0
51
0.0
10
921.5645            
20
5068.3828           
30
53.6654             
1
 179
0
TEXT
8
HEIGHT
62
3
7
STD
40
0.25
41
1.0
50
0.0
51
0.0
10
921.5645            
20
5068.3828           
30
53.6654             
1
 53.665
0
TEXT
8
CO_ORDS
62
3
7
STD
40
0.25
41
1.0
50
0.0
51
0.0
10
921.5645            
20
5068.3828           
30
53.6654             
1
 921.564 5068.3830
INSERT
8
POINT
62
2
2
CROSS
10
923.5965            
20
5064.6198           
30
53.5722             
41
0.002
42
0.002
43
0.002
50
0.0
0
TEXT
8
CODE
62
3
7
STD
40
0.25
41
1.0
50
0.0
51
0.0
10
923.5965            
20
5064.6198           
30
53.5722             
1
 CALCADA
0
TEXT
8
PT_ID
62
3
7
STD
40
0.25
41
1.0
50
0.0
51
0.0
10
923.5965            
20
5064.6198           
30
53.5722             
1
 180
0
TEXT
8
HEIGHT
62
3
7
STD
40
0.25
41
1.0
50
0.0
51
0.0
10
923.5965            
20
5064.6198           
30
53.5722             
1
 53.572
0
TEXT
8
CO_ORDS
62
3
7
STD
40
0.25
41
1.0
50
0.0
51
0.0
10
923.5965            
20
5064.6198           
30
53.5722             
1
 923.596 5064.6200
INSERT
8
POINT
62
2
2
CROSS
10
925.3803            
20
5065.7026           
30
53.5416             
41
0.002
42
0.002
43
0.002
50
0.0
0
TEXT
8
CODE
62
3
7
STD
40
0.25
41
1.0
50
0.0
51
0.0
10
925.3803            
20
5065.7026           
30
53.5416             
1
 CALCADA
0
TEXT
8
PT_ID
62
3
7
STD
40
0.25
41
1.0
50
0.0
51
0.0
10
925.3803            
20
5065.7026           
30
53.5416             
1
 181
0
TEXT
8
HEIGHT
62
3
7
STD
40
0.25
41
1.0
50
0.0
51
0.0
10
925.3803            
20
5065.7026           
30
53.5416             
1
 53.542
0
TEXT
8
CO_ORDS
62
3
7
STD
40
0.25
41
1.0
50
0.0
51
0.0
10
925.3803            
20
5065.7026           
30
53.5416             
1
 925.380 5065.7030
INSERT
8
POINT
62
2
2
CROSS
10
925.4007            
20
5065.7287           
30
53.4671             
41
0.002
42
0.002
43
0.002
50
0.0
0
TEXT
8
CODE
62
3
7
STD
40
0.25
41
1.0
50
0.0
51
0.0
10
925.4007            
20
5065.7287           
30
53.4671             
1
 CALCADA
0
TEXT
8
PT_ID
62
3
7
STD
40
0.25
41
1.0
50
0.0
51
0.0
10
925.4007            
20
5065.7287           
30
53.4671             
1
 182
0
TEXT
8
HEIGHT
62
3
7
STD
40
0.25
41
1.0
50
0.0
51
0.0
10
925.4007            
20
5065.7287           
30
53.4671             
1
 53.467
0
TEXT
8
CO_ORDS
62
3
7
STD
40
0.25
41
1.0
50
0.0
51
0.0
10
925.4007            
20
5065.7287           
30
53.4671             
1
 925.401 5065.7290
INSERT
8
POINT
62
2
2
CROSS
10
928.4026            
20
5060.4701           
30
53.3273             
41
0.002
42
0.002
43
0.002
50
0.0
0
TEXT
8
CODE
62
3
7
STD
40
0.25
41
1.0
50
0.0
51
0.0
10
928.4026            
20
5060.4701           
30
53.3273             
1
 CALCADA
0
TEXT
8
PT_ID
62
3
7
STD
40
0.25
41
1.0
50
0.0
51
0.0
10
928.4026            
20
5060.4701           
30
53.3273             
1
 183
0
TEXT
8
HEIGHT
62
3
7
STD
40
0.25
41
1.0
50
0.0
51
0.0
10
928.4026            
20
5060.4701           
30
53.3273             
1
 53.327
0
TEXT
8
CO_ORDS
62
3
7
STD
40
0.25
41
1.0
50
0.0
51
0.0
10
928.4026            
20
5060.4701           
30
53.3273             
1
 928.403 5060.4700
INSERT
8
POINT
62
2
2
CROSS
10
928.3810            
20
5060.4407           
30
53.3813             
41
0.002
42
0.002
43
0.002
50
0.0
0
TEXT
8
CODE
62
3
7
STD
40
0.25
41
1.0
50
0.0
51
0.0
10
928.3810            
20
5060.4407           
30
53.3813             
1
 CALCADA
0
TEXT
8
PT_ID
62
3
7
STD
40
0.25
41
1.0
50
0.0
51
0.0
10
928.3810            
20
5060.4407           
30
53.3813             
1
 184
0
TEXT
8
HEIGHT
62
3
7
STD
40
0.25
41
1.0
50
0.0
51
0.0
10
928.3810            
20
5060.4407           
30
53.3813             
1
 53.381
0
TEXT
8
CO_ORDS
62
3
7
STD
40
0.25
41
1.0
50
0.0
51
0.0
10
928.3810            
20
5060.4407           
30
53.3813             
1
 928.381 5060.4410
INSERT
8
POINT
62
2
2
CROSS
10
926.5672            
20
5059.2576           
30
53.4788             
41
0.002
42
0.002
43
0.002
50
0.0
0
TEXT
8
CODE
62
3
7
STD
40
0.25
41
1.0
50
0.0
51
0.0
10
926.5672            
20
5059.2576           
30
53.4788             
1
 CALCADA
0
TEXT
8
PT_ID
62
3
7
STD
40
0.25
41
1.0
50
0.0
51
0.0
10
926.5672            
20
5059.2576           
30
53.4788             
1
 185
0
TEXT
8
HEIGHT
62
3
7
STD
40
0.25
41
1.0
50
0.0
51
0.0
10
926.5672            
20
5059.2576           
30
53.4788             
1
 53.479
0
TEXT
8
CO_ORDS
62
3
7
STD
40
0.25
41
1.0
50
0.0
51
0.0
10
926.5672            
20
5059.2576           
30
53.4788             
1
 926.567 5059.2580
INSERT
8
POINT
62
2
2
CROSS
10
929.2111            
20
5055.6986           
30
53.3793             
41
0.002
42
0.002
43
0.002
50
0.0
0
TEXT
8
CODE
62
3
7
STD
40
0.25
41
1.0
50
0.0
51
0.0
10
929.2111            
20
5055.6986           
30
53.3793             
1
 CALCADA
0
TEXT
8
PT_ID
62
3
7
STD
40
0.25
41
1.0
50
0.0
51
0.0
10
929.2111            
20
5055.6986           
30
53.3793             
1
 186
0
TEXT
8
HEIGHT
62
3
7
STD
40
0.25
41
1.0
50
0.0
51
0.0
10
929.2111            
20
5055.6986           
30
53.3793             
1
 53.379
0
TEXT
8
CO_ORDS
62
3
7
STD
40
0.25
41
1.0
50
0.0
51
0.0
10
929.2111            
20
5055.6986           
30
53.3793             
1
 929.211 5055.6990
INSERT
8
POINT
62
2
2
CROSS
10
930.9409            
20
5057.2284           
30
53.3005             
41
0.002
42
0.002
43
0.002
50
0.0
0
TEXT
8
CODE
62
3
7
STD
40
0.25
41
1.0
50
0.0
51
0.0
10
930.9409            
20
5057.2284           
30
53.3005             
1
 CALCADA
0
TEXT
8
PT_ID
62
3
7
STD
40
0.25
41
1.0
50
0.0
51
0.0
10
930.9409            
20
5057.2284           
30
53.3005             
1
 187
0
TEXT
8
HEIGHT
62
3
7
STD
40
0.25
41
1.0
50
0.0
51
0.0
10
930.9409            
20
5057.2284           
30
53.3005             
1
 53.300
0
TEXT
8
CO_ORDS
62
3
7
STD
40
0.25
41
1.0
50
0.0
51
0.0
10
930.9409            
20
5057.2284           
30
53.3005             
1
 930.941 5057.2280
INSERT
8
POINT
62
2
2
CROSS
10
930.9531            
20
5057.2427           
30
53.2411             
41
0.002
42
0.002
43
0.002
50
0.0
0
TEXT
8
CODE
62
3
7
STD
40
0.25
41
1.0
50
0.0
51
0.0
10
930.9531            
20
5057.2427           
30
53.2411             
1
 CALCADA
0
TEXT
8
PT_ID
62
3
7
STD
40
0.25
41
1.0
50
0.0
51
0.0
10
930.9531            
20
5057.2427           
30
53.2411             
1
 188
0
TEXT
8
HEIGHT
62
3
7
STD
40
0.25
41
1.0
50
0.0
51
0.0
10
930.9531            
20
5057.2427           
30
53.2411             
1
 53.241
0
TEXT
8
CO_ORDS
62
3
7
STD
40
0.25
41
1.0
50
0.0
51
0.0
10
930.9531            
20
5057.2427           
30
53.2411             
1
 930.953 5057.2430
INSERT
8
POINT
62
2
2
CROSS
10
933.7963            
20
5054.0524           
30
53.1436             
41
0.002
42
0.002
43
0.002
50
0.0
0
TEXT
8
CODE
62
3
7
STD
40
0.25
41
1.0
50
0.0
51
0.0
10
933.7963            
20
5054.0524           
30
53.1436             
1
 CALCADA
0
TEXT
8
PT_ID
62
3
7
STD
40
0.25
41
1.0
50
0.0
51
0.0
10
933.7963            
20
5054.0524           
30
53.1436             
1
 189
0
TEXT
8
HEIGHT
62
3
7
STD
40
0.25
41
1.0
50
0.0
51
0.0
10
933.7963            
20
5054.0524           
30
53.1436             
1
 53.144
0
TEXT
8
CO_ORDS
62
3
7
STD
40
0.25
41
1.0
50
0.0
51
0.0
10
933.7963            
20
5054.0524           
30
53.1436             
1
 933.796 5054.0520
INSERT
8
POINT
62
2
2
CROSS
10
933.8054            
20
5054.0059           
30
53.2193             
41
0.002
42
0.002
43
0.002
50
0.0
0
TEXT
8
CODE
62
3
7
STD
40
0.25
41
1.0
50
0.0
51
0.0
10
933.8054            
20
5054.0059           
30
53.2193             
1
 CALCADA
0
TEXT
8
PT_ID
62
3
7
STD
40
0.25
41
1.0
50
0.0
51
0.0
10
933.8054            
20
5054.0059           
30
53.2193             
1
 190
0
TEXT
8
HEIGHT
62
3
7
STD
40
0.25
41
1.0
50
0.0
51
0.0
10
933.8054            
20
5054.0059           
30
53.2193             
1
 53.219
0
TEXT
8
CO_ORDS
62
3
7
STD
40
0.25
41
1.0
50
0.0
51
0.0
10
933.8054            
20
5054.0059           
30
53.2193             
1
 933.805 5054.0060
INSERT
8
POINT
62
2
2
CROSS
10
932.1433            
20
5052.1475           
30
53.2757             
41
0.002
42
0.002
43
0.002
50
0.0
0
TEXT
8
CODE
62
3
7
STD
40
0.25
41
1.0
50
0.0
51
0.0
10
932.1433            
20
5052.1475           
30
53.2757             
1
 CALCADA
0
TEXT
8
PT_ID
62
3
7
STD
40
0.25
41
1.0
50
0.0
51
0.0
10
932.1433            
20
5052.1475           
30
53.2757             
1
 191
0
TEXT
8
HEIGHT
62
3
7
STD
40
0.25
41
1.0
50
0.0
51
0.0
10
932.1433            
20
5052.1475           
30
53.2757             
1
 53.276
0
TEXT
8
CO_ORDS
62
3
7
STD
40
0.25
41
1.0
50
0.0
51
0.0
10
932.1433            
20
5052.1475           
30
53.2757             
1
 932.143 5052.1470
INSERT
8
POINT
62
2
2
CROSS
10
936.7822            
20
5048.6491           
30
53.2085             
41
0.002
42
0.002
43
0.002
50
0.0
0
TEXT
8
CODE
62
3
7
STD
40
0.25
41
1.0
50
0.0
51
0.0
10
936.7822            
20
5048.6491           
30
53.2085             
1
 CALCADA
0
TEXT
8
PT_ID
62
3
7
STD
40
0.25
41
1.0
50
0.0
51
0.0
10
936.7822            
20
5048.6491           
30
53.2085             
1
 192
0
TEXT
8
HEIGHT
62
3
7
STD
40
0.25
41
1.0
50
0.0
51
0.0
10
936.7822            
20
5048.6491           
30
53.2085             
1
 53.208
0
TEXT
8
CO_ORDS
62
3
7
STD
40
0.25
41
1.0
50
0.0
51
0.0
10
936.7822            
20
5048.6491           
30
53.2085             
1
 936.782 5048.6490
INSERT
8
POINT
62
2
2
CROSS
10
937.9981            
20
5050.3111           
30
53.1037             
41
0.002
42
0.002
43
0.002
50
0.0
0
TEXT
8
CODE
62
3
7
STD
40
0.25
41
1.0
50
0.0
51
0.0
10
937.9981            
20
5050.3111           
30
53.1037             
1
 CALCADA
0
TEXT
8
PT_ID
62
3
7
STD
40
0.25
41
1.0
50
0.0
51
0.0
10
937.9981            
20
5050.3111           
30
53.1037             
1
 193
0
TEXT
8
HEIGHT
62
3
7
STD
40
0.25
41
1.0
50
0.0
51
0.0
10
937.9981            
20
5050.3111           
30
53.1037             
1
 53.104
0
TEXT
8
CO_ORDS
62
3
7
STD
40
0.25
41
1.0
50
0.0
51
0.0
10
937.9981            
20
5050.3111           
30
53.1037             
1
 937.998 5050.3110
INSERT
8
POINT
62
2
2
CROSS
10
938.0145            
20
5050.3297           
30
53.0274             
41
0.002
42
0.002
43
0.002
50
0.0
0
TEXT
8
CODE
62
3
7
STD
40
0.25
41
1.0
50
0.0
51
0.0
10
938.0145            
20
5050.3297           
30
53.0274             
1
 CALCADA
0
TEXT
8
PT_ID
62
3
7
STD
40
0.25
41
1.0
50
0.0
51
0.0
10
938.0145            
20
5050.3297           
30
53.0274             
1
 194
0
TEXT
8
HEIGHT
62
3
7
STD
40
0.25
41
1.0
50
0.0
51
0.0
10
938.0145            
20
5050.3297           
30
53.0274             
1
 53.027
0
TEXT
8
CO_ORDS
62
3
7
STD
40
0.25
41
1.0
50
0.0
51
0.0
10
938.0145            
20
5050.3297           
30
53.0274             
1
 938.014 5050.3300
INSERT
8
POINT
62
2
2
CROSS
10
941.2757            
20
5047.4844           
30
52.8806             
41
0.002
42
0.002
43
0.002
50
0.0
0
TEXT
8
CODE
62
3
7
STD
40
0.25
41
1.0
50
0.0
51
0.0
10
941.2757            
20
5047.4844           
30
52.8806             
1
 CALCADA
0
TEXT
8
PT_ID
62
3
7
STD
40
0.25
41
1.0
50
0.0
51
0.0
10
941.2757            
20
5047.4844           
30
52.8806             
1
 195
0
TEXT
8
HEIGHT
62
3
7
STD
40
0.25
41
1.0
50
0.0
51
0.0
10
941.2757            
20
5047.4844           
30
52.8806             
1
 52.881
0
TEXT
8
CO_ORDS
62
3
7
STD
40
0.25
41
1.0
50
0.0
51
0.0
10
941.2757            
20
5047.4844           
30
52.8806             
1
 941.276 5047.4840
INSERT
8
POINT
62
2
2
CROSS
10
941.2455            
20
5047.4463           
30
52.9546             
41
0.002
42
0.002
43
0.002
50
0.0
0
TEXT
8
CODE
62
3
7
STD
40
0.25
41
1.0
50
0.0
51
0.0
10
941.2455            
20
5047.4463           
30
52.9546             
1
 CALCADA
0
TEXT
8
PT_ID
62
3
7
STD
40
0.25
41
1.0
50
0.0
51
0.0
10
941.2455            
20
5047.4463           
30
52.9546             
1
 196
0
TEXT
8
HEIGHT
62
3
7
STD
40
0.25
41
1.0
50
0.0
51
0.0
10
941.2455            
20
5047.4463           
30
52.9546             
1
 52.955
0
TEXT
8
CO_ORDS
62
3
7
STD
40
0.25
41
1.0
50
0.0
51
0.0
10
941.2455            
20
5047.4463           
30
52.9546             
1
 941.246 5047.4460
INSERT
8
POINT
62
2
2
CROSS
10
939.0489            
20
5046.1561           
30
53.0510             
41
0.002
42
0.002
43
0.002
50
0.0
0
TEXT
8
CODE
62
3
7
STD
40
0.25
41
1.0
50
0.0
51
0.0
10
939.0489            
20
5046.1561           
30
53.0510             
1
 CALCADA
0
TEXT
8
PT_ID
62
3
7
STD
40
0.25
41
1.0
50
0.0
51
0.0
10
939.0489            
20
5046.1561           
30
53.0510             
1
 197
0
TEXT
8
HEIGHT
62
3
7
STD
40
0.25
41
1.0
50
0.0
51
0.0
10
939.0489            
20
5046.1561           
30
53.0510             
1
 53.051
0
TEXT
8
CO_ORDS
62
3
7
STD
40
0.25
41
1.0
50
0.0
51
0.0
10
939.0489            
20
5046.1561           
30
53.0510             
1
 939.049 5046.1560
INSERT
8
POINT
62
2
2
CROSS
10
942.7138            
20
5043.7770           
30
52.9286             
41
0.002
42
0.002
43
0.002
50
0.0
0
TEXT
8
CODE
62
3
7
STD
40
0.25
41
1.0
50
0.0
51
0.0
10
942.7138            
20
5043.7770           
30
52.9286             
1
 CALCADA
0
TEXT
8
PT_ID
62
3
7
STD
40
0.25
41
1.0
50
0.0
51
0.0
10
942.7138            
20
5043.7770           
30
52.9286             
1
 198
0
TEXT
8
HEIGHT
62
3
7
STD
40
0.25
41
1.0
50
0.0
51
0.0
10
942.7138            
20
5043.7770           
30
52.9286             
1
 52.929
0
TEXT
8
CO_ORDS
62
3
7
STD
40
0.25
41
1.0
50
0.0
51
0.0
10
942.7138            
20
5043.7770           
30
52.9286             
1
 942.714 5043.7770
INSERT
8
POINT
62
2
2
CROSS
10
943.6983            
20
5045.7592           
30
52.8715             
41
0.002
42
0.002
43
0.002
50
0.0
0
TEXT
8
CODE
62
3
7
STD
40
0.25
41
1.0
50
0.0
51
0.0
10
943.6983            
20
5045.7592           
30
52.8715             
1
 CALCADA
0
TEXT
8
PT_ID
62
3
7
STD
40
0.25
41
1.0
50
0.0
51
0.0
10
943.6983            
20
5045.7592           
30
52.8715             
1
 199
0
TEXT
8
HEIGHT
62
3
7
STD
40
0.25
41
1.0
50
0.0
51
0.0
10
943.6983            
20
5045.7592           
30
52.8715             
1
 52.872
0
TEXT
8
CO_ORDS
62
3
7
STD
40
0.25
41
1.0
50
0.0
51
0.0
10
943.6983            
20
5045.7592           
30
52.8715             
1
 943.698 5045.7590
INSERT
8
POINT
62
2
2
CROSS
10
943.7017            
20
5045.7828           
30
52.8183             
41
0.002
42
0.002
43
0.002
50
0.0
0
TEXT
8
CODE
62
3
7
STD
40
0.25
41
1.0
50
0.0
51
0.0
10
943.7017            
20
5045.7828           
30
52.8183             
1
 CALCADA
0
TEXT
8
PT_ID
62
3
7
STD
40
0.25
41
1.0
50
0.0
51
0.0
10
943.7017            
20
5045.7828           
30
52.8183             
1
 200
0
TEXT
8
HEIGHT
62
3
7
STD
40
0.25
41
1.0
50
0.0
51
0.0
10
943.7017            
20
5045.7828           
30
52.8183             
1
 52.818
0
TEXT
8
CO_ORDS
62
3
7
STD
40
0.25
41
1.0
50
0.0
51
0.0
10
943.7017            
20
5045.7828           
30
52.8183             
1
 943.702 5045.7830
INSERT
8
POINT
62
2
2
CROSS
10
946.8767            
20
5043.6724           
30
52.7099             
41
0.002
42
0.002
43
0.002
50
0.0
0
TEXT
8
CODE
62
3
7
STD
40
0.25
41
1.0
50
0.0
51
0.0
10
946.8767            
20
5043.6724           
30
52.7099             
1
 CALCADA
0
TEXT
8
PT_ID
62
3
7
STD
40
0.25
41
1.0
50
0.0
51
0.0
10
946.8767            
20
5043.6724           
30
52.7099             
1
 201
0
TEXT
8
HEIGHT
62
3
7
STD
40
0.25
41
1.0
50
0.0
51
0.0
10
946.8767            
20
5043.6724           
30
52.7099             
1
 52.710
0
TEXT
8
CO_ORDS
62
3
7
STD
40
0.25
41
1.0
50
0.0
51
0.0
10
946.8767            
20
5043.6724           
30
52.7099             
1
 946.877 5043.6720
INSERT
8
POINT
62
2
2
CROSS
10
946.8420            
20
5043.6036           
30
52.8036             
41
0.002
42
0.002
43
0.002
50
0.0
0
TEXT
8
CODE
62
3
7
STD
40
0.25
41
1.0
50
0.0
51
0.0
10
946.8420            
20
5043.6036           
30
52.8036             
1
 CALCADA
0
TEXT
8
PT_ID
62
3
7
STD
40
0.25
41
1.0
50
0.0
51
0.0
10
946.8420            
20
5043.6036           
30
52.8036             
1
 202
0
TEXT
8
HEIGHT
62
3
7
STD
40
0.25
41
1.0
50
0.0
51
0.0
10
946.8420            
20
5043.6036           
30
52.8036             
1
 52.804
0
TEXT
8
CO_ORDS
62
3
7
STD
40
0.25
41
1.0
50
0.0
51
0.0
10
946.8420            
20
5043.6036           
30
52.8036             
1
 946.842 5043.6040
INSERT
8
POINT
62
2
2
CROSS
10
945.7463            
20
5041.9005           
30
52.8404             
41
0.002
42
0.002
43
0.002
50
0.0
0
TEXT
8
CODE
62
3
7
STD
40
0.25
41
1.0
50
0.0
51
0.0
10
945.7463            
20
5041.9005           
30
52.8404             
1
 CALCADA
0
TEXT
8
PT_ID
62
3
7
STD
40
0.25
41
1.0
50
0.0
51
0.0
10
945.7463            
20
5041.9005           
30
52.8404             
1
 203
0
TEXT
8
HEIGHT
62
3
7
STD
40
0.25
41
1.0
50
0.0
51
0.0
10
945.7463            
20
5041.9005           
30
52.8404             
1
 52.840
0
TEXT
8
CO_ORDS
62
3
7
STD
40
0.25
41
1.0
50
0.0
51
0.0
10
945.7463            
20
5041.9005           
30
52.8404             
1
 945.746 5041.9000
INSERT
8
POINT
62
2
2
CROSS
10
949.4700            
20
5039.2624           
30
52.8079             
41
0.002
42
0.002
43
0.002
50
0.0
0
TEXT
8
CODE
62
3
7
STD
40
0.25
41
1.0
50
0.0
51
0.0
10
949.4700            
20
5039.2624           
30
52.8079             
1
 CALCADA
0
TEXT
8
PT_ID
62
3
7
STD
40
0.25
41
1.0
50
0.0
51
0.0
10
949.4700            
20
5039.2624           
30
52.8079             
1
 204
0
TEXT
8
HEIGHT
62
3
7
STD
40
0.25
41
1.0
50
0.0
51
0.0
10
949.4700            
20
5039.2624           
30
52.8079             
1
 52.808
0
TEXT
8
CO_ORDS
62
3
7
STD
40
0.25
41
1.0
50
0.0
51
0.0
10
949.4700            
20
5039.2624           
30
52.8079             
1
 949.470 5039.2620
INSERT
8
POINT
62
2
2
CROSS
10
950.5816            
20
5041.1817           
30
52.7494             
41
0.002
42
0.002
43
0.002
50
0.0
0
TEXT
8
CODE
62
3
7
STD
40
0.25
41
1.0
50
0.0
51
0.0
10
950.5816            
20
5041.1817           
30
52.7494             
1
 CALCADA
0
TEXT
8
PT_ID
62
3
7
STD
40
0.25
41
1.0
50
0.0
51
0.0
10
950.5816            
20
5041.1817           
30
52.7494             
1
 205
0
TEXT
8
HEIGHT
62
3
7
STD
40
0.25
41
1.0
50
0.0
51
0.0
10
950.5816            
20
5041.1817           
30
52.7494             
1
 52.749
0
TEXT
8
CO_ORDS
62
3
7
STD
40
0.25
41
1.0
50
0.0
51
0.0
10
950.5816            
20
5041.1817           
30
52.7494             
1
 950.582 5041.1820
INSERT
8
POINT
62
2
2
CROSS
10
950.6269            
20
5041.1962           
30
52.6522             
41
0.002
42
0.002
43
0.002
50
0.0
0
TEXT
8
CODE
62
3
7
STD
40
0.25
41
1.0
50
0.0
51
0.0
10
950.6269            
20
5041.1962           
30
52.6522             
1
 CALCADA
0
TEXT
8
PT_ID
62
3
7
STD
40
0.25
41
1.0
50
0.0
51
0.0
10
950.6269            
20
5041.1962           
30
52.6522             
1
 206
0
TEXT
8
HEIGHT
62
3
7
STD
40
0.25
41
1.0
50
0.0
51
0.0
10
950.6269            
20
5041.1962           
30
52.6522             
1
 52.652
0
TEXT
8
CO_ORDS
62
3
7
STD
40
0.25
41
1.0
50
0.0
51
0.0
10
950.6269            
20
5041.1962           
30
52.6522             
1
 950.627 5041.1960
INSERT
8
POINT
62
2
2
CROSS
10
954.4244            
20
5038.7248           
30
52.5979             
41
0.002
42
0.002
43
0.002
50
0.0
0
TEXT
8
CODE
62
3
7
STD
40
0.25
41
1.0
50
0.0
51
0.0
10
954.4244            
20
5038.7248           
30
52.5979             
1
 CALCADA
0
TEXT
8
PT_ID
62
3
7
STD
40
0.25
41
1.0
50
0.0
51
0.0
10
954.4244            
20
5038.7248           
30
52.5979             
1
 207
0
TEXT
8
HEIGHT
62
3
7
STD
40
0.25
41
1.0
50
0.0
51
0.0
10
954.4244            
20
5038.7248           
30
52.5979             
1
 52.598
0
TEXT
8
CO_ORDS
62
3
7
STD
40
0.25
41
1.0
50
0.0
51
0.0
10
954.4244            
20
5038.7248           
30
52.5979             
1
 954.424 5038.7250
INSERT
8
POINT
62
2
2
CROSS
10
954.3473            
20
5038.6967           
30
52.7297             
41
0.002
42
0.002
43
0.002
50
0.0
0
TEXT
8
CODE
62
3
7
STD
40
0.25
41
1.0
50
0.0
51
0.0
10
954.3473            
20
5038.6967           
30
52.7297             
1
 CALCADA
0
TEXT
8
PT_ID
62
3
7
STD
40
0.25
41
1.0
50
0.0
51
0.0
10
954.3473            
20
5038.6967           
30
52.7297             
1
 208
0
TEXT
8
HEIGHT
62
3
7
STD
40
0.25
41
1.0
50
0.0
51
0.0
10
954.3473            
20
5038.6967           
30
52.7297             
1
 52.730
0
TEXT
8
CO_ORDS
62
3
7
STD
40
0.25
41
1.0
50
0.0
51
0.0
10
954.3473            
20
5038.6967           
30
52.7297             
1
 954.347 5038.6970
INSERT
8
POINT
62
2
2
CROSS
10
953.2811            
20
5036.7798           
30
52.7414             
41
0.002
42
0.002
43
0.002
50
0.0
0
TEXT
8
CODE
62
3
7
STD
40
0.25
41
1.0
50
0.0
51
0.0
10
953.2811            
20
5036.7798           
30
52.7414             
1
 CALCADA
0
TEXT
8
PT_ID
62
3
7
STD
40
0.25
41
1.0
50
0.0
51
0.0
10
953.2811            
20
5036.7798           
30
52.7414             
1
 209
0
TEXT
8
HEIGHT
62
3
7
STD
40
0.25
41
1.0
50
0.0
51
0.0
10
953.2811            
20
5036.7798           
30
52.7414             
1
 52.741
0
TEXT
8
CO_ORDS
62
3
7
STD
40
0.25
41
1.0
50
0.0
51
0.0
10
953.2811            
20
5036.7798           
30
52.7414             
1
 953.281 5036.7800
INSERT
8
POINT
62
2
2
CROSS
10
957.1483            
20
5034.2993           
30
52.6592             
41
0.002
42
0.002
43
0.002
50
0.0
0
TEXT
8
CODE
62
3
7
STD
40
0.25
41
1.0
50
0.0
51
0.0
10
957.1483            
20
5034.2993           
30
52.6592             
1
 CALCADA
0
TEXT
8
PT_ID
62
3
7
STD
40
0.25
41
1.0
50
0.0
51
0.0
10
957.1483            
20
5034.2993           
30
52.6592             
1
 210
0
TEXT
8
HEIGHT
62
3
7
STD
40
0.25
41
1.0
50
0.0
51
0.0
10
957.1483            
20
5034.2993           
30
52.6592             
1
 52.659
0
TEXT
8
CO_ORDS
62
3
7
STD
40
0.25
41
1.0
50
0.0
51
0.0
10
957.1483            
20
5034.2993           
30
52.6592             
1
 957.148 5034.2990
INSERT
8
POINT
62
2
2
CROSS
10
958.1940            
20
5036.1776           
30
52.6187             
41
0.002
42
0.002
43
0.002
50
0.0
0
TEXT
8
CODE
62
3
7
STD
40
0.25
41
1.0
50
0.0
51
0.0
10
958.1940            
20
5036.1776           
30
52.6187             
1
 CALCADA
0
TEXT
8
PT_ID
62
3
7
STD
40
0.25
41
1.0
50
0.0
51
0.0
10
958.1940            
20
5036.1776           
30
52.6187             
1
 211
0
TEXT
8
HEIGHT
62
3
7
STD
40
0.25
41
1.0
50
0.0
51
0.0
10
958.1940            
20
5036.1776           
30
52.6187             
1
 52.619
0
TEXT
8
CO_ORDS
62
3
7
STD
40
0.25
41
1.0
50
0.0
51
0.0
10
958.1940            
20
5036.1776           
30
52.6187             
1
 958.194 5036.1780
INSERT
8
POINT
62
2
2
CROSS
10
958.2262            
20
5036.2076           
30
52.4546             
41
0.002
42
0.002
43
0.002
50
0.0
0
TEXT
8
CODE
62
3
7
STD
40
0.25
41
1.0
50
0.0
51
0.0
10
958.2262            
20
5036.2076           
30
52.4546             
1
 CALCADA
0
TEXT
8
PT_ID
62
3
7
STD
40
0.25
41
1.0
50
0.0
51
0.0
10
958.2262            
20
5036.2076           
30
52.4546             
1
 212
0
TEXT
8
HEIGHT
62
3
7
STD
40
0.25
41
1.0
50
0.0
51
0.0
10
958.2262            
20
5036.2076           
30
52.4546             
1
 52.455
0
TEXT
8
CO_ORDS
62
3
7
STD
40
0.25
41
1.0
50
0.0
51
0.0
10
958.2262            
20
5036.2076           
30
52.4546             
1
 958.226 5036.2080
INSERT
8
POINT
62
2
2
CROSS
10
961.8954            
20
5033.7197           
30
52.3082             
41
0.002
42
0.002
43
0.002
50
0.0
0
TEXT
8
CODE
62
3
7
STD
40
0.25
41
1.0
50
0.0
51
0.0
10
961.8954            
20
5033.7197           
30
52.3082             
1
 CALCADA
0
TEXT
8
PT_ID
62
3
7
STD
40
0.25
41
1.0
50
0.0
51
0.0
10
961.8954            
20
5033.7197           
30
52.3082             
1
 213
0
TEXT
8
HEIGHT
62
3
7
STD
40
0.25
41
1.0
50
0.0
51
0.0
10
961.8954            
20
5033.7197           
30
52.3082             
1
 52.308
0
TEXT
8
CO_ORDS
62
3
7
STD
40
0.25
41
1.0
50
0.0
51
0.0
10
961.8954            
20
5033.7197           
30
52.3082             
1
 961.895 5033.7200
INSERT
8
POINT
62
2
2
CROSS
10
961.8467            
20
5033.6891           
30
52.5180             
41
0.002
42
0.002
43
0.002
50
0.0
0
TEXT
8
CODE
62
3
7
STD
40
0.25
41
1.0
50
0.0
51
0.0
10
961.8467            
20
5033.6891           
30
52.5180             
1
 CALCADA
0
TEXT
8
PT_ID
62
3
7
STD
40
0.25
41
1.0
50
0.0
51
0.0
10
961.8467            
20
5033.6891           
30
52.5180             
1
 214
0
TEXT
8
HEIGHT
62
3
7
STD
40
0.25
41
1.0
50
0.0
51
0.0
10
961.8467            
20
5033.6891           
30
52.5180             
1
 52.518
0
TEXT
8
CO_ORDS
62
3
7
STD
40
0.25
41
1.0
50
0.0
51
0.0
10
961.8467            
20
5033.6891           
30
52.5180             
1
 961.847 5033.6890
INSERT
8
POINT
62
2
2
CROSS
10
960.6051            
20
5032.0341           
30
52.5298             
41
0.002
42
0.002
43
0.002
50
0.0
0
TEXT
8
CODE
62
3
7
STD
40
0.25
41
1.0
50
0.0
51
0.0
10
960.6051            
20
5032.0341           
30
52.5298             
1
 CALCADA
0
TEXT
8
PT_ID
62
3
7
STD
40
0.25
41
1.0
50
0.0
51
0.0
10
960.6051            
20
5032.0341           
30
52.5298             
1
 215
0
TEXT
8
HEIGHT
62
3
7
STD
40
0.25
41
1.0
50
0.0
51
0.0
10
960.6051            
20
5032.0341           
30
52.5298             
1
 52.530
0
TEXT
8
CO_ORDS
62
3
7
STD
40
0.25
41
1.0
50
0.0
51
0.0
10
960.6051            
20
5032.0341           
30
52.5298             
1
 960.605 5032.0340
INSERT
8
POINT
62
2
2
CROSS
10
964.2653            
20
5029.2649           
30
52.3664             
41
0.002
42
0.002
43
0.002
50
0.0
0
TEXT
8
CODE
62
3
7
STD
40
0.25
41
1.0
50
0.0
51
0.0
10
964.2653            
20
5029.2649           
30
52.3664             
1
 CALCADA
0
TEXT
8
PT_ID
62
3
7
STD
40
0.25
41
1.0
50
0.0
51
0.0
10
964.2653            
20
5029.2649           
30
52.3664             
1
 216
0
TEXT
8
HEIGHT
62
3
7
STD
40
0.25
41
1.0
50
0.0
51
0.0
10
964.2653            
20
5029.2649           
30
52.3664             
1
 52.366
0
TEXT
8
CO_ORDS
62
3
7
STD
40
0.25
41
1.0
50
0.0
51
0.0
10
964.2653            
20
5029.2649           
30
52.3664             
1
 964.265 5029.2650
INSERT
8
POINT
62
2
2
CROSS
10
965.4670            
20
5030.8265           
30
52.3336             
41
0.002
42
0.002
43
0.002
50
0.0
0
TEXT
8
CODE
62
3
7
STD
40
0.25
41
1.0
50
0.0
51
0.0
10
965.4670            
20
5030.8265           
30
52.3336             
1
 CALCADA
0
TEXT
8
PT_ID
62
3
7
STD
40
0.25
41
1.0
50
0.0
51
0.0
10
965.4670            
20
5030.8265           
30
52.3336             
1
 217
0
TEXT
8
HEIGHT
62
3
7
STD
40
0.25
41
1.0
50
0.0
51
0.0
10
965.4670            
20
5030.8265           
30
52.3336             
1
 52.334
0
TEXT
8
CO_ORDS
62
3
7
STD
40
0.25
41
1.0
50
0.0
51
0.0
10
965.4670            
20
5030.8265           
30
52.3336             
1
 965.467 5030.8260
INSERT
8
POINT
62
2
2
CROSS
10
965.4917            
20
5030.8576           
30
52.1431             
41
0.002
42
0.002
43
0.002
50
0.0
0
TEXT
8
CODE
62
3
7
STD
40
0.25
41
1.0
50
0.0
51
0.0
10
965.4917            
20
5030.8576           
30
52.1431             
1
 CALCADA
0
TEXT
8
PT_ID
62
3
7
STD
40
0.25
41
1.0
50
0.0
51
0.0
10
965.4917            
20
5030.8576           
30
52.1431             
1
 218
0
TEXT
8
HEIGHT
62
3
7
STD
40
0.25
41
1.0
50
0.0
51
0.0
10
965.4917            
20
5030.8576           
30
52.1431             
1
 52.143
0
TEXT
8
CO_ORDS
62
3
7
STD
40
0.25
41
1.0
50
0.0
51
0.0
10
965.4917            
20
5030.8576           
30
52.1431             
1
 965.492 5030.8580
INSERT
8
POINT
62
2
2
CROSS
10
949.5209            
20
5041.4203           
30
52.8009             
41
0.002
42
0.002
43
0.002
50
0.0
0
TEXT
8
CODE
62
3
7
STD
40
0.25
41
1.0
50
0.0
51
0.0
10
949.5209            
20
5041.4203           
30
52.8009             
1
 POSTE
0
TEXT
8
PT_ID
62
3
7
STD
40
0.25
41
1.0
50
0.0
51
0.0
10
949.5209            
20
5041.4203           
30
52.8009             
1
 219
0
TEXT
8
HEIGHT
62
3
7
STD
40
0.25
41
1.0
50
0.0
51
0.0
10
949.5209            
20
5041.4203           
30
52.8009             
1
 52.801
0
TEXT
8
CO_ORDS
62
3
7
STD
40
0.25
41
1.0
50
0.0
51
0.0
10
949.5209            
20
5041.4203           
30
52.8009             
1
 949.521 5041.4200
INSERT
8
POINT
62
2
2
CROSS
10
932.8220            
20
5054.1535           
30
53.1841             
41
0.002
42
0.002
43
0.002
50
0.0
0
TEXT
8
CODE
62
3
7
STD
40
0.25
41
1.0
50
0.0
51
0.0
10
932.8220            
20
5054.1535           
30
53.1841             
1
 POSTE
0
TEXT
8
PT_ID
62
3
7
STD
40
0.25
41
1.0
50
0.0
51
0.0
10
932.8220            
20
5054.1535           
30
53.1841             
1
 220
0
TEXT
8
HEIGHT
62
3
7
STD
40
0.25
41
1.0
50
0.0
51
0.0
10
932.8220            
20
5054.1535           
30
53.1841             
1
 53.184
0
TEXT
8
CO_ORDS
62
3
7
STD
40
0.25
41
1.0
50
0.0
51
0.0
10
932.8220            
20
5054.1535           
30
53.1841             
1
 932.822 5054.1540
INSERT
8
POINT
62
2
2
CROSS
10
1004.9924           
20
4943.7771           
30
43.2751             
41
0.002
42
0.002
43
0.002
50
0.0
0
TEXT
8
CODE
62
3
7
STD
40
0.25
41
1.0
50
0.0
51
0.0
10
1004.9924           
20
4943.7771           
30
43.2751             
1
 AUX
0
TEXT
8
PT_ID
62
3
7
STD
40
0.25
41
1.0
50
0.0
51
0.0
10
1004.9924           
20
4943.7771           
30
43.2751             
1
 221
0
TEXT
8
HEIGHT
62
3
7
STD
40
0.25
41
1.0
50
0.0
51
0.0
10
1004.9924           
20
4943.7771           
30
43.2751             
1
 43.275
0
TEXT
8
CO_ORDS
62
3
7
STD
40
0.25
41
1.0
50
0.0
51
0.0
10
1004.9924           
20
4943.7771           
30
43.2751             
1
 1004.992 4943.7770
INSERT
8
POINT
62
2
2
CROSS
10
981.1142            
20
5028.1357           
30
51.7594             
41
0.002
42
0.002
43
0.002
50
0.0
0
TEXT
8
CODE
62
3
7
STD
40
0.25
41
1.0
50
0.0
51
0.0
10
981.1142            
20
5028.1357           
30
51.7594             
1
 MF
0
TEXT
8
PT_ID
62
3
7
STD
40
0.25
41
1.0
50
0.0
51
0.0
10
981.1142            
20
5028.1357           
30
51.7594             
1
 222
0
TEXT
8
HEIGHT
62
3
7
STD
40
0.25
41
1.0
50
0.0
51
0.0
10
981.1142            
20
5028.1357           
30
51.7594             
1
 51.759
0
TEXT
8
CO_ORDS
62
3
7
STD
40
0.25
41
1.0
50
0.0
51
0.0
10
981.1142            
20
5028.1357           
30
51.7594             
1
 981.114 5028.1360
INSERT
8
POINT
62
2
2
CROSS
10
981.1687            
20
5028.1332           
30
51.9709             
41
0.002
42
0.002
43
0.002
50
0.0
0
TEXT
8
CODE
62
3
7
STD
40
0.25
41
1.0
50
0.0
51
0.0
10
981.1687            
20
5028.1332           
30
51.9709             
1
 MF
0
TEXT
8
PT_ID
62
3
7
STD
40
0.25
41
1.0
50
0.0
51
0.0
10
981.1687            
20
5028.1332           
30
51.9709             
1
 223
0
TEXT
8
HEIGHT
62
3
7
STD
40
0.25
41
1.0
50
0.0
51
0.0
10
981.1687            
20
5028.1332           
30
51.9709             
1
 51.971
0
TEXT
8
CO_ORDS
62
3
7
STD
40
0.25
41
1.0
50
0.0
51
0.0
10
981.1687            
20
5028.1332           
30
51.9709             
1
 981.169 5028.1330
INSERT
8
POINT
62
2
2
CROSS
10
983.2547            
20
5024.3620           
30
51.5431             
41
0.002
42
0.002
43
0.002
50
0.0
0
TEXT
8
CODE
62
3
7
STD
40
0.25
41
1.0
50
0.0
51
0.0
10
983.2547            
20
5024.3620           
30
51.5431             
1
 MF
0
TEXT
8
PT_ID
62
3
7
STD
40
0.25
41
1.0
50
0.0
51
0.0
10
983.2547            
20
5024.3620           
30
51.5431             
1
 224
0
TEXT
8
HEIGHT
62
3
7
STD
40
0.25
41
1.0
50
0.0
51
0.0
10
983.2547            
20
5024.3620           
30
51.5431             
1
 51.543
0
TEXT
8
CO_ORDS
62
3
7
STD
40
0.25
41
1.0
50
0.0
51
0.0
10
983.2547            
20
5024.3620           
30
51.5431             
1
 983.255 5024.3620
INSERT
8
POINT
62
2
2
CROSS
10
983.3014            
20
5024.3557           
30
51.7372             
41
0.002
42
0.002
43
0.002
50
0.0
0
TEXT
8
CODE
62
3
7
STD
40
0.25
41
1.0
50
0.0
51
0.0
10
983.3014            
20
5024.3557           
30
51.7372             
1
 MF
0
TEXT
8
PT_ID
62
3
7
STD
40
0.25
41
1.0
50
0.0
51
0.0
10
983.3014            
20
5024.3557           
30
51.7372             
1
 225
0
TEXT
8
HEIGHT
62
3
7
STD
40
0.25
41
1.0
50
0.0
51
0.0
10
983.3014            
20
5024.3557           
30
51.7372             
1
 51.737
0
TEXT
8
CO_ORDS
62
3
7
STD
40
0.25
41
1.0
50
0.0
51
0.0
10
983.3014            
20
5024.3557           
30
51.7372             
1
 983.301 5024.3560
INSERT
8
POINT
62
2
2
CROSS
10
985.4612            
20
5020.3624           
30
51.2924             
41
0.002
42
0.002
43
0.002
50
0.0
0
TEXT
8
CODE
62
3
7
STD
40
0.25
41
1.0
50
0.0
51
0.0
10
985.4612            
20
5020.3624           
30
51.2924             
1
 MF
0
TEXT
8
PT_ID
62
3
7
STD
40
0.25
41
1.0
50
0.0
51
0.0
10
985.4612            
20
5020.3624           
30
51.2924             
1
 226
0
TEXT
8
HEIGHT
62
3
7
STD
40
0.25
41
1.0
50
0.0
51
0.0
10
985.4612            
20
5020.3624           
30
51.2924             
1
 51.292
0
TEXT
8
CO_ORDS
62
3
7
STD
40
0.25
41
1.0
50
0.0
51
0.0
10
985.4612            
20
5020.3624           
30
51.2924             
1
 985.461 5020.3620
INSERT
8
POINT
62
2
2
CROSS
10
985.5168            
20
5020.3771           
30
51.3935             
41
0.002
42
0.002
43
0.002
50
0.0
0
TEXT
8
CODE
62
3
7
STD
40
0.25
41
1.0
50
0.0
51
0.0
10
985.5168            
20
5020.3771           
30
51.3935             
1
 MF
0
TEXT
8
PT_ID
62
3
7
STD
40
0.25
41
1.0
50
0.0
51
0.0
10
985.5168            
20
5020.3771           
30
51.3935             
1
 227
0
TEXT
8
HEIGHT
62
3
7
STD
40
0.25
41
1.0
50
0.0
51
0.0
10
985.5168            
20
5020.3771           
30
51.3935             
1
 51.393
0
TEXT
8
CO_ORDS
62
3
7
STD
40
0.25
41
1.0
50
0.0
51
0.0
10
985.5168            
20
5020.3771           
30
51.3935             
1
 985.517 5020.3770
INSERT
8
POINT
62
2
2
CROSS
10
987.6442            
20
5016.3107           
30
51.0157             
41
0.002
42
0.002
43
0.002
50
0.0
0
TEXT
8
CODE
62
3
7
STD
40
0.25
41
1.0
50
0.0
51
0.0
10
987.6442            
20
5016.3107           
30
51.0157             
1
 MF
0
TEXT
8
PT_ID
62
3
7
STD
40
0.25
41
1.0
50
0.0
51
0.0
10
987.6442            
20
5016.3107           
30
51.0157             
1
 228
0
TEXT
8
HEIGHT
62
3
7
STD
40
0.25
41
1.0
50
0.0
51
0.0
10
987.6442            
20
5016.3107           
30
51.0157             
1
 51.016
0
TEXT
8
CO_ORDS
62
3
7
STD
40
0.25
41
1.0
50
0.0
51
0.0
10
987.6442            
20
5016.3107           
30
51.0157             
1
 987.644 5016.3110
INSERT
8
POINT
62
2
2
CROSS
10
987.7229            
20
5016.2661           
30
51.2029             
41
0.002
42
0.002
43
0.002
50
0.0
0
TEXT
8
CODE
62
3
7
STD
40
0.25
41
1.0
50
0.0
51
0.0
10
987.7229            
20
5016.2661           
30
51.2029             
1
 MF
0
TEXT
8
PT_ID
62
3
7
STD
40
0.25
41
1.0
50
0.0
51
0.0
10
987.7229            
20
5016.2661           
30
51.2029             
1
 229
0
TEXT
8
HEIGHT
62
3
7
STD
40
0.25
41
1.0
50
0.0
51
0.0
10
987.7229            
20
5016.2661           
30
51.2029             
1
 51.203
0
TEXT
8
CO_ORDS
62
3
7
STD
40
0.25
41
1.0
50
0.0
51
0.0
10
987.7229            
20
5016.2661           
30
51.2029             
1
 987.723 5016.2660
INSERT
8
POINT
62
2
2
CROSS
10
989.8306            
20
5012.1537           
30
50.6891             
41
0.002
42
0.002
43
0.002
50
0.0
0
TEXT
8
CODE
62
3
7
STD
40
0.25
41
1.0
50
0.0
51
0.0
10
989.8306            
20
5012.1537           
30
50.6891             
1
 MF
0
TEXT
8
PT_ID
62
3
7
STD
40
0.25
41
1.0
50
0.0
51
0.0
10
989.8306            
20
5012.1537           
30
50.6891             
1
 230
0
TEXT
8
HEIGHT
62
3
7
STD
40
0.25
41
1.0
50
0.0
51
0.0
10
989.8306            
20
5012.1537           
30
50.6891             
1
 50.689
0
TEXT
8
CO_ORDS
62
3
7
STD
40
0.25
41
1.0
50
0.0
51
0.0
10
989.8306            
20
5012.1537           
30
50.6891             
1
 989.831 5012.1540
INSERT
8
POINT
62
2
2
CROSS
10
989.6904            
20
5012.5100           
30
50.9145             
41
0.002
42
0.002
43
0.002
50
0.0
0
TEXT
8
CODE
62
3
7
STD
40
0.25
41
1.0
50
0.0
51
0.0
10
989.6904            
20
5012.5100           
30
50.9145             
1
 MF
0
TEXT
8
PT_ID
62
3
7
STD
40
0.25
41
1.0
50
0.0
51
0.0
10
989.6904            
20
5012.5100           
30
50.9145             
1
 231
0
TEXT
8
HEIGHT
62
3
7
STD
40
0.25
41
1.0
50
0.0
51
0.0
10
989.6904            
20
5012.5100           
30
50.9145             
1
 50.914
0
TEXT
8
CO_ORDS
62
3
7
STD
40
0.25
41
1.0
50
0.0
51
0.0
10
989.6904            
20
5012.5100           
30
50.9145             
1
 989.690 5012.5100
INSERT
8
POINT
62
2
2
CROSS
10
991.7562            
20
5008.5801           
30
50.4456             
41
0.002
42
0.002
43
0.002
50
0.0
0
TEXT
8
CODE
62
3
7
STD
40
0.25
41
1.0
50
0.0
51
0.0
10
991.7562            
20
5008.5801           
30
50.4456             
1
 MF
0
TEXT
8
PT_ID
62
3
7
STD
40
0.25
41
1.0
50
0.0
51
0.0
10
991.7562            
20
5008.5801           
30
50.4456             
1
 232
0
TEXT
8
HEIGHT
62
3
7
STD
40
0.25
41
1.0
50
0.0
51
0.0
10
991.7562            
20
5008.5801           
30
50.4456             
1
 50.446
0
TEXT
8
CO_ORDS
62
3
7
STD
40
0.25
41
1.0
50
0.0
51
0.0
10
991.7562            
20
5008.5801           
30
50.4456             
1
 991.756 5008.5800
INSERT
8
POINT
62
2
2
CROSS
10
991.8215            
20
5008.5648           
30
50.6353             
41
0.002
42
0.002
43
0.002
50
0.0
0
TEXT
8
CODE
62
3
7
STD
40
0.25
41
1.0
50
0.0
51
0.0
10
991.8215            
20
5008.5648           
30
50.6353             
1
 MF
0
TEXT
8
PT_ID
62
3
7
STD
40
0.25
41
1.0
50
0.0
51
0.0
10
991.8215            
20
5008.5648           
30
50.6353             
1
 233
0
TEXT
8
HEIGHT
62
3
7
STD
40
0.25
41
1.0
50
0.0
51
0.0
10
991.8215            
20
5008.5648           
30
50.6353             
1
 50.635
0
TEXT
8
CO_ORDS
62
3
7
STD
40
0.25
41
1.0
50
0.0
51
0.0
10
991.8215            
20
5008.5648           
30
50.6353             
1
 991.822 5008.5650
INSERT
8
POINT
62
2
2
CROSS
10
993.7128            
20
5004.6718           
30
50.1459             
41
0.002
42
0.002
43
0.002
50
0.0
0
TEXT
8
CODE
62
3
7
STD
40
0.25
41
1.0
50
0.0
51
0.0
10
993.7128            
20
5004.6718           
30
50.1459             
1
 MF
0
TEXT
8
PT_ID
62
3
7
STD
40
0.25
41
1.0
50
0.0
51
0.0
10
993.7128            
20
5004.6718           
30
50.1459             
1
 234
0
TEXT
8
HEIGHT
62
3
7
STD
40
0.25
41
1.0
50
0.0
51
0.0
10
993.7128            
20
5004.6718           
30
50.1459             
1
 50.146
0
TEXT
8
CO_ORDS
62
3
7
STD
40
0.25
41
1.0
50
0.0
51
0.0
10
993.7128            
20
5004.6718           
30
50.1459             
1
 993.713 5004.6720
INSERT
8
POINT
62
2
2
CROSS
10
996.0696            
20
4999.8936           
30
49.8119             
41
0.002
42
0.002
43
0.002
50
0.0
0
TEXT
8
CODE
62
3
7
STD
40
0.25
41
1.0
50
0.0
51
0.0
10
996.0696            
20
4999.8936           
30
49.8119             
1
 MF
0
TEXT
8
PT_ID
62
3
7
STD
40
0.25
41
1.0
50
0.0
51
0.0
10
996.0696            
20
4999.8936           
30
49.8119             
1
 235
0
TEXT
8
HEIGHT
62
3
7
STD
40
0.25
41
1.0
50
0.0
51
0.0
10
996.0696            
20
4999.8936           
30
49.8119             
1
 49.812
0
TEXT
8
CO_ORDS
62
3
7
STD
40
0.25
41
1.0
50
0.0
51
0.0
10
996.0696            
20
4999.8936           
30
49.8119             
1
 996.070 4999.8940
INSERT
8
POINT
62
2
2
CROSS
10
996.2627            
20
4999.8842           
30
49.9498             
41
0.002
42
0.002
43
0.002
50
0.0
0
TEXT
8
CODE
62
3
7
STD
40
0.25
41
1.0
50
0.0
51
0.0
10
996.2627            
20
4999.8842           
30
49.9498             
1
 MF
0
TEXT
8
PT_ID
62
3
7
STD
40
0.25
41
1.0
50
0.0
51
0.0
10
996.2627            
20
4999.8842           
30
49.9498             
1
 236
0
TEXT
8
HEIGHT
62
3
7
STD
40
0.25
41
1.0
50
0.0
51
0.0
10
996.2627            
20
4999.8842           
30
49.9498             
1
 49.950
0
TEXT
8
CO_ORDS
62
3
7
STD
40
0.25
41
1.0
50
0.0
51
0.0
10
996.2627            
20
4999.8842           
30
49.9498             
1
 996.263 4999.8840
INSERT
8
POINT
62
2
2
CROSS
10
997.9576            
20
4995.7393           
30
49.4526             
41
0.002
42
0.002
43
0.002
50
0.0
0
TEXT
8
CODE
62
3
7
STD
40
0.25
41
1.0
50
0.0
51
0.0
10
997.9576            
20
4995.7393           
30
49.4526             
1
 MF
0
TEXT
8
PT_ID
62
3
7
STD
40
0.25
41
1.0
50
0.0
51
0.0
10
997.9576            
20
4995.7393           
30
49.4526             
1
 237
0
TEXT
8
HEIGHT
62
3
7
STD
40
0.25
41
1.0
50
0.0
51
0.0
10
997.9576            
20
4995.7393           
30
49.4526             
1
 49.453
0
TEXT
8
CO_ORDS
62
3
7
STD
40
0.25
41
1.0
50
0.0
51
0.0
10
997.9576            
20
4995.7393           
30
49.4526             
1
 997.958 4995.7390
INSERT
8
POINT
62
2
2
CROSS
10
998.0760            
20
4995.7089           
30
49.6398             
41
0.002
42
0.002
43
0.002
50
0.0
0
TEXT
8
CODE
62
3
7
STD
40
0.25
41
1.0
50
0.0
51
0.0
10
998.0760            
20
4995.7089           
30
49.6398             
1
 MF
0
TEXT
8
PT_ID
62
3
7
STD
40
0.25
41
1.0
50
0.0
51
0.0
10
998.0760            
20
4995.7089           
30
49.6398             
1
 238
0
TEXT
8
HEIGHT
62
3
7
STD
40
0.25
41
1.0
50
0.0
51
0.0
10
998.0760            
20
4995.7089           
30
49.6398             
1
 49.640
0
TEXT
8
CO_ORDS
62
3
7
STD
40
0.25
41
1.0
50
0.0
51
0.0
10
998.0760            
20
4995.7089           
30
49.6398             
1
 998.076 4995.7090
INSERT
8
POINT
62
2
2
CROSS
10
999.6907            
20
4991.6345           
30
49.0812             
41
0.002
42
0.002
43
0.002
50
0.0
0
TEXT
8
CODE
62
3
7
STD
40
0.25
41
1.0
50
0.0
51
0.0
10
999.6907            
20
4991.6345           
30
49.0812             
1
 MF
0
TEXT
8
PT_ID
62
3
7
STD
40
0.25
41
1.0
50
0.0
51
0.0
10
999.6907            
20
4991.6345           
30
49.0812             
1
 239
0
TEXT
8
HEIGHT
62
3
7
STD
40
0.25
41
1.0
50
0.0
51
0.0
10
999.6907            
20
4991.6345           
30
49.0812             
1
 49.081
0
TEXT
8
CO_ORDS
62
3
7
STD
40
0.25
41
1.0
50
0.0
51
0.0
10
999.6907            
20
4991.6345           
30
49.0812             
1
 999.691 4991.6350
INSERT
8
POINT
62
2
2
CROSS
10
999.7330            
20
4991.6800           
30
49.2694             
41
0.002
42
0.002
43
0.002
50
0.0
0
TEXT
8
CODE
62
3
7
STD
40
0.25
41
1.0
50
0.0
51
0.0
10
999.7330            
20
4991.6800           
30
49.2694             
1
 MF
0
TEXT
8
PT_ID
62
3
7
STD
40
0.25
41
1.0
50
0.0
51
0.0
10
999.7330            
20
4991.6800           
30
49.2694             
1
 240
0
TEXT
8
HEIGHT
62
3
7
STD
40
0.25
41
1.0
50
0.0
51
0.0
10
999.7330            
20
4991.6800           
30
49.2694             
1
 49.269
0
TEXT
8
CO_ORDS
62
3
7
STD
40
0.25
41
1.0
50
0.0
51
0.0
10
999.7330            
20
4991.6800           
30
49.2694             
1
 999.733 4991.6800
INSERT
8
POINT
62
2
2
CROSS
10
1000.9751           
20
4987.5701           
30
48.6824             
41
0.002
42
0.002
43
0.002
50
0.0
0
TEXT
8
CODE
62
3
7
STD
40
0.25
41
1.0
50
0.0
51
0.0
10
1000.9751           
20
4987.5701           
30
48.6824             
1
 MF
0
TEXT
8
PT_ID
62
3
7
STD
40
0.25
41
1.0
50
0.0
51
0.0
10
1000.9751           
20
4987.5701           
30
48.6824             
1
 241
0
TEXT
8
HEIGHT
62
3
7
STD
40
0.25
41
1.0
50
0.0
51
0.0
10
1000.9751           
20
4987.5701           
30
48.6824             
1
 48.682
0
TEXT
8
CO_ORDS
62
3
7
STD
40
0.25
41
1.0
50
0.0
51
0.0
10
1000.9751           
20
4987.5701           
30
48.6824             
1
 1000.975 4987.5700
INSERT
8
POINT
62
2
2
CROSS
10
1001.0887           
20
4987.5562           
30
48.8743             
41
0.002
42
0.002
43
0.002
50
0.0
0
TEXT
8
CODE
62
3
7
STD
40
0.25
41
1.0
50
0.0
51
0.0
10
1001.0887           
20
4987.5562           
30
48.8743             
1
 MF
0
TEXT
8
PT_ID
62
3
7
STD
40
0.25
41
1.0
50
0.0
51
0.0
10
1001.0887           
20
4987.5562           
30
48.8743             
1
 242
0
TEXT
8
HEIGHT
62
3
7
STD
40
0.25
41
1.0
50
0.0
51
0.0
10
1001.0887           
20
4987.5562           
30
48.8743             
1
 48.874
0
TEXT
8
CO_ORDS
62
3
7
STD
40
0.25
41
1.0
50
0.0
51
0.0
10
1001.0887           
20
4987.5562           
30
48.8743             
1
 1001.089 4987.5560
INSERT
8
POINT
62
2
2
CROSS
10
1002.5708           
20
4981.6849           
30
48.1054             
41
0.002
42
0.002
43
0.002
50
0.0
0
TEXT
8
CODE
62
3
7
STD
40
0.25
41
1.0
50
0.0
51
0.0
10
1002.5708           
20
4981.6849           
30
48.1054             
1
 MF
0
TEXT
8
PT_ID
62
3
7
STD
40
0.25
41
1.0
50
0.0
51
0.0
10
1002.5708           
20
4981.6849           
30
48.1054             
1
 243
0
TEXT
8
HEIGHT
62
3
7
STD
40
0.25
41
1.0
50
0.0
51
0.0
10
1002.5708           
20
4981.6849           
30
48.1054             
1
 48.105
0
TEXT
8
CO_ORDS
62
3
7
STD
40
0.25
41
1.0
50
0.0
51
0.0
10
1002.5708           
20
4981.6849           
30
48.1054             
1
 1002.571 4981.6850
INSERT
8
POINT
62
2
2
CROSS
10
1002.7408           
20
4981.6761           
30
48.2827             
41
0.002
42
0.002
43
0.002
50
0.0
0
TEXT
8
CODE
62
3
7
STD
40
0.25
41
1.0
50
0.0
51
0.0
10
1002.7408           
20
4981.6761           
30
48.2827             
1
 MF
0
TEXT
8
PT_ID
62
3
7
STD
40
0.25
41
1.0
50
0.0
51
0.0
10
1002.7408           
20
4981.6761           
30
48.2827             
1
 244
0
TEXT
8
HEIGHT
62
3
7
STD
40
0.25
41
1.0
50
0.0
51
0.0
10
1002.7408           
20
4981.6761           
30
48.2827             
1
 48.283
0
TEXT
8
CO_ORDS
62
3
7
STD
40
0.25
41
1.0
50
0.0
51
0.0
10
1002.7408           
20
4981.6761           
30
48.2827             
1
 1002.741 4981.6760
INSERT
8
POINT
62
2
2
CROSS
10
1003.3538           
20
4977.3896           
30
47.6974             
41
0.002
42
0.002
43
0.002
50
0.0
0
TEXT
8
CODE
62
3
7
STD
40
0.25
41
1.0
50
0.0
51
0.0
10
1003.3538           
20
4977.3896           
30
47.6974             
1
 MF
0
TEXT
8
PT_ID
62
3
7
STD
40
0.25
41
1.0
50
0.0
51
0.0
10
1003.3538           
20
4977.3896           
30
47.6974             
1
 245
0
TEXT
8
HEIGHT
62
3
7
STD
40
0.25
41
1.0
50
0.0
51
0.0
10
1003.3538           
20
4977.3896           
30
47.6974             
1
 47.697
0
TEXT
8
CO_ORDS
62
3
7
STD
40
0.25
41
1.0
50
0.0
51
0.0
10
1003.3538           
20
4977.3896           
30
47.6974             
1
 1003.354 4977.3900
INSERT
8
POINT
62
2
2
CROSS
10
1003.4716           
20
4977.3945           
30
47.8856             
41
0.002
42
0.002
43
0.002
50
0.0
0
TEXT
8
CODE
62
3
7
STD
40
0.25
41
1.0
50
0.0
51
0.0
10
1003.4716           
20
4977.3945           
30
47.8856             
1
 MF
0
TEXT
8
PT_ID
62
3
7
STD
40
0.25
41
1.0
50
0.0
51
0.0
10
1003.4716           
20
4977.3945           
30
47.8856             
1
 246
0
TEXT
8
HEIGHT
62
3
7
STD
40
0.25
41
1.0
50
0.0
51
0.0
10
1003.4716           
20
4977.3945           
30
47.8856             
1
 47.886
0
TEXT
8
CO_ORDS
62
3
7
STD
40
0.25
41
1.0
50
0.0
51
0.0
10
1003.4716           
20
4977.3945           
30
47.8856             
1
 1003.472 4977.3940
INSERT
8
POINT
62
2
2
CROSS
10
1003.6535           
20
4973.1980           
30
47.3083             
41
0.002
42
0.002
43
0.002
50
0.0
0
TEXT
8
CODE
62
3
7
STD
40
0.25
41
1.0
50
0.0
51
0.0
10
1003.6535           
20
4973.1980           
30
47.3083             
1
 MF
0
TEXT
8
PT_ID
62
3
7
STD
40
0.25
41
1.0
50
0.0
51
0.0
10
1003.6535           
20
4973.1980           
30
47.3083             
1
 247
0
TEXT
8
HEIGHT
62
3
7
STD
40
0.25
41
1.0
50
0.0
51
0.0
10
1003.6535           
20
4973.1980           
30
47.3083             
1
 47.308
0
TEXT
8
CO_ORDS
62
3
7
STD
40
0.25
41
1.0
50
0.0
51
0.0
10
1003.6535           
20
4973.1980           
30
47.3083             
1
 1003.654 4973.1980
INSERT
8
POINT
62
2
2
CROSS
10
1004.3027           
20
4968.6814           
30
46.7770             
41
0.002
42
0.002
43
0.002
50
0.0
0
TEXT
8
CODE
62
3
7
STD
40
0.25
41
1.0
50
0.0
51
0.0
10
1004.3027           
20
4968.6814           
30
46.7770             
1
 MF
0
TEXT
8
PT_ID
62
3
7
STD
40
0.25
41
1.0
50
0.0
51
0.0
10
1004.3027           
20
4968.6814           
30
46.7770             
1
 248
0
TEXT
8
HEIGHT
62
3
7
STD
40
0.25
41
1.0
50
0.0
51
0.0
10
1004.3027           
20
4968.6814           
30
46.7770             
1
 46.777
0
TEXT
8
CO_ORDS
62
3
7
STD
40
0.25
41
1.0
50
0.0
51
0.0
10
1004.3027           
20
4968.6814           
30
46.7770             
1
 1004.303 4968.6810
INSERT
8
POINT
62
2
2
CROSS
10
1004.4346           
20
4968.7121           
30
46.9598             
41
0.002
42
0.002
43
0.002
50
0.0
0
TEXT
8
CODE
62
3
7
STD
40
0.25
41
1.0
50
0.0
51
0.0
10
1004.4346           
20
4968.7121           
30
46.9598             
1
 MF
0
TEXT
8
PT_ID
62
3
7
STD
40
0.25
41
1.0
50
0.0
51
0.0
10
1004.4346           
20
4968.7121           
30
46.9598             
1
 249
0
TEXT
8
HEIGHT
62
3
7
STD
40
0.25
41
1.0
50
0.0
51
0.0
10
1004.4346           
20
4968.7121           
30
46.9598             
1
 46.960
0
TEXT
8
CO_ORDS
62
3
7
STD
40
0.25
41
1.0
50
0.0
51
0.0
10
1004.4346           
20
4968.7121           
30
46.9598             
1
 1004.435 4968.7120
INSERT
8
POINT
62
2
2
CROSS
10
1004.5780           
20
4964.5932           
30
46.2581             
41
0.002
42
0.002
43
0.002
50
0.0
0
TEXT
8
CODE
62
3
7
STD
40
0.25
41
1.0
50
0.0
51
0.0
10
1004.5780           
20
4964.5932           
30
46.2581             
1
 MF
0
TEXT
8
PT_ID
62
3
7
STD
40
0.25
41
1.0
50
0.0
51
0.0
10
1004.5780           
20
4964.5932           
30
46.2581             
1
 250
0
TEXT
8
HEIGHT
62
3
7
STD
40
0.25
41
1.0
50
0.0
51
0.0
10
1004.5780           
20
4964.5932           
30
46.2581             
1
 46.258
0
TEXT
8
CO_ORDS
62
3
7
STD
40
0.25
41
1.0
50
0.0
51
0.0
10
1004.5780           
20
4964.5932           
30
46.2581             
1
 1004.578 4964.5930
INSERT
8
POINT
62
2
2
CROSS
10
1004.6981           
20
4964.6052           
30
46.4296             
41
0.002
42
0.002
43
0.002
50
0.0
0
TEXT
8
CODE
62
3
7
STD
40
0.25
41
1.0
50
0.0
51
0.0
10
1004.6981           
20
4964.6052           
30
46.4296             
1
 MF
0
TEXT
8
PT_ID
62
3
7
STD
40
0.25
41
1.0
50
0.0
51
0.0
10
1004.6981           
20
4964.6052           
30
46.4296             
1
 251
0
TEXT
8
HEIGHT
62
3
7
STD
40
0.25
41
1.0
50
0.0
51
0.0
10
1004.6981           
20
4964.6052           
30
46.4296             
1
 46.430
0
TEXT
8
CO_ORDS
62
3
7
STD
40
0.25
41
1.0
50
0.0
51
0.0
10
1004.6981           
20
4964.6052           
30
46.4296             
1
 1004.698 4964.6050
INSERT
8
POINT
62
2
2
CROSS
10
1004.5830           
20
4960.3147           
30
45.6691             
41
0.002
42
0.002
43
0.002
50
0.0
0
TEXT
8
CODE
62
3
7
STD
40
0.25
41
1.0
50
0.0
51
0.0
10
1004.5830           
20
4960.3147           
30
45.6691             
1
 MF
0
TEXT
8
PT_ID
62
3
7
STD
40
0.25
41
1.0
50
0.0
51
0.0
10
1004.5830           
20
4960.3147           
30
45.6691             
1
 252
0
TEXT
8
HEIGHT
62
3
7
STD
40
0.25
41
1.0
50
0.0
51
0.0
10
1004.5830           
20
4960.3147           
30
45.6691             
1
 45.669
0
TEXT
8
CO_ORDS
62
3
7
STD
40
0.25
41
1.0
50
0.0
51
0.0
10
1004.5830           
20
4960.3147           
30
45.6691             
1
 1004.583 4960.3150
INSERT
8
POINT
62
2
2
CROSS
10
1004.7178           
20
4960.3375           
30
45.8502             
41
0.002
42
0.002
43
0.002
50
0.0
0
TEXT
8
CODE
62
3
7
STD
40
0.25
41
1.0
50
0.0
51
0.0
10
1004.7178           
20
4960.3375           
30
45.8502             
1
 MF
0
TEXT
8
PT_ID
62
3
7
STD
40
0.25
41
1.0
50
0.0
51
0.0
10
1004.7178           
20
4960.3375           
30
45.8502             
1
 253
0
TEXT
8
HEIGHT
62
3
7
STD
40
0.25
41
1.0
50
0.0
51
0.0
10
1004.7178           
20
4960.3375           
30
45.8502             
1
 45.850
0
TEXT
8
CO_ORDS
62
3
7
STD
40
0.25
41
1.0
50
0.0
51
0.0
10
1004.7178           
20
4960.3375           
30
45.8502             
1
 1004.718 4960.3380
INSERT
8
POINT
62
2
2
CROSS
10
1004.6140           
20
4956.1585           
30
45.0550             
41
0.002
42
0.002
43
0.002
50
0.0
0
TEXT
8
CODE
62
3
7
STD
40
0.25
41
1.0
50
0.0
51
0.0
10
1004.6140           
20
4956.1585           
30
45.0550             
1
 MF
0
TEXT
8
PT_ID
62
3
7
STD
40
0.25
41
1.0
50
0.0
51
0.0
10
1004.6140           
20
4956.1585           
30
45.0550             
1
 254
0
TEXT
8
HEIGHT
62
3
7
STD
40
0.25
41
1.0
50
0.0
51
0.0
10
1004.6140           
20
4956.1585           
30
45.0550             
1
 45.055
0
TEXT
8
CO_ORDS
62
3
7
STD
40
0.25
41
1.0
50
0.0
51
0.0
10
1004.6140           
20
4956.1585           
30
45.0550             
1
 1004.614 4956.1590
INSERT
8
POINT
62
2
2
CROSS
10
1004.7667           
20
4956.0872           
30
45.2492             
41
0.002
42
0.002
43
0.002
50
0.0
0
TEXT
8
CODE
62
3
7
STD
40
0.25
41
1.0
50
0.0
51
0.0
10
1004.7667           
20
4956.0872           
30
45.2492             
1
 MF
0
TEXT
8
PT_ID
62
3
7
STD
40
0.25
41
1.0
50
0.0
51
0.0
10
1004.7667           
20
4956.0872           
30
45.2492             
1
 255
0
TEXT
8
HEIGHT
62
3
7
STD
40
0.25
41
1.0
50
0.0
51
0.0
10
1004.7667           
20
4956.0872           
30
45.2492             
1
 45.249
0
TEXT
8
CO_ORDS
62
3
7
STD
40
0.25
41
1.0
50
0.0
51
0.0
10
1004.7667           
20
4956.0872           
30
45.2492             
1
 1004.767 4956.0870
INSERT
8
POINT
62
2
2
CROSS
10
1004.5217           
20
4952.1357           
30
44.4439             
41
0.002
42
0.002
43
0.002
50
0.0
0
TEXT
8
CODE
62
3
7
STD
40
0.25
41
1.0
50
0.0
51
0.0
10
1004.5217           
20
4952.1357           
30
44.4439             
1
 MF
0
TEXT
8
PT_ID
62
3
7
STD
40
0.25
41
1.0
50
0.0
51
0.0
10
1004.5217           
20
4952.1357           
30
44.4439             
1
 256
0
TEXT
8
HEIGHT
62
3
7
STD
40
0.25
41
1.0
50
0.0
51
0.0
10
1004.5217           
20
4952.1357           
30
44.4439             
1
 44.444
0
TEXT
8
CO_ORDS
62
3
7
STD
40
0.25
41
1.0
50
0.0
51
0.0
10
1004.5217           
20
4952.1357           
30
44.4439             
1
 1004.522 4952.1360
INSERT
8
POINT
62
2
2
CROSS
10
1004.6142           
20
4952.1127           
30
44.6311             
41
0.002
42
0.002
43
0.002
50
0.0
0
TEXT
8
CODE
62
3
7
STD
40
0.25
41
1.0
50
0.0
51
0.0
10
1004.6142           
20
4952.1127           
30
44.6311             
1
 MF
0
TEXT
8
PT_ID
62
3
7
STD
40
0.25
41
1.0
50
0.0
51
0.0
10
1004.6142           
20
4952.1127           
30
44.6311             
1
 257
0
TEXT
8
HEIGHT
62
3
7
STD
40
0.25
41
1.0
50
0.0
51
0.0
10
1004.6142           
20
4952.1127           
30
44.6311             
1
 44.631
0
TEXT
8
CO_ORDS
62
3
7
STD
40
0.25
41
1.0
50
0.0
51
0.0
10
1004.6142           
20
4952.1127           
30
44.6311             
1
 1004.614 4952.1130
INSERT
8
POINT
62
2
2
CROSS
10
1004.4238           
20
4948.1984           
30
43.8248             
41
0.002
42
0.002
43
0.002
50
0.0
0
TEXT
8
CODE
62
3
7
STD
40
0.25
41
1.0
50
0.0
51
0.0
10
1004.4238           
20
4948.1984           
30
43.8248             
1
 MF
0
TEXT
8
PT_ID
62
3
7
STD
40
0.25
41
1.0
50
0.0
51
0.0
10
1004.4238           
20
4948.1984           
30
43.8248             
1
 258
0
TEXT
8
HEIGHT
62
3
7
STD
40
0.25
41
1.0
50
0.0
51
0.0
10
1004.4238           
20
4948.1984           
30
43.8248             
1
 43.825
0
TEXT
8
CO_ORDS
62
3
7
STD
40
0.25
41
1.0
50
0.0
51
0.0
10
1004.4238           
20
4948.1984           
30
43.8248             
1
 1004.424 4948.1980
INSERT
8
POINT
62
2
2
CROSS
10
1004.4741           
20
4948.2291           
30
43.9871             
41
0.002
42
0.002
43
0.002
50
0.0
0
TEXT
8
CODE
62
3
7
STD
40
0.25
41
1.0
50
0.0
51
0.0
10
1004.4741           
20
4948.2291           
30
43.9871             
1
 MF
0
TEXT
8
PT_ID
62
3
7
STD
40
0.25
41
1.0
50
0.0
51
0.0
10
1004.4741           
20
4948.2291           
30
43.9871             
1
 259
0
TEXT
8
HEIGHT
62
3
7
STD
40
0.25
41
1.0
50
0.0
51
0.0
10
1004.4741           
20
4948.2291           
30
43.9871             
1
 43.987
0
TEXT
8
CO_ORDS
62
3
7
STD
40
0.25
41
1.0
50
0.0
51
0.0
10
1004.4741           
20
4948.2291           
30
43.9871             
1
 1004.474 4948.2290
INSERT
8
POINT
62
2
2
CROSS
10
1004.1299           
20
4944.1900           
30
43.1222             
41
0.002
42
0.002
43
0.002
50
0.0
0
TEXT
8
CODE
62
3
7
STD
40
0.25
41
1.0
50
0.0
51
0.0
10
1004.1299           
20
4944.1900           
30
43.1222             
1
 MF
0
TEXT
8
PT_ID
62
3
7
STD
40
0.25
41
1.0
50
0.0
51
0.0
10
1004.1299           
20
4944.1900           
30
43.1222             
1
 260
0
TEXT
8
HEIGHT
62
3
7
STD
40
0.25
41
1.0
50
0.0
51
0.0
10
1004.1299           
20
4944.1900           
30
43.1222             
1
 43.122
0
TEXT
8
CO_ORDS
62
3
7
STD
40
0.25
41
1.0
50
0.0
51
0.0
10
1004.1299           
20
4944.1900           
30
43.1222             
1
 1004.130 4944.1900
INSERT
8
POINT
62
2
2
CROSS
10
1004.2294           
20
4944.1706           
30
43.3059             
41
0.002
42
0.002
43
0.002
50
0.0
0
TEXT
8
CODE
62
3
7
STD
40
0.25
41
1.0
50
0.0
51
0.0
10
1004.2294           
20
4944.1706           
30
43.3059             
1
 MF
0
TEXT
8
PT_ID
62
3
7
STD
40
0.25
41
1.0
50
0.0
51
0.0
10
1004.2294           
20
4944.1706           
30
43.3059             
1
 261
0
TEXT
8
HEIGHT
62
3
7
STD
40
0.25
41
1.0
50
0.0
51
0.0
10
1004.2294           
20
4944.1706           
30
43.3059             
1
 43.306
0
TEXT
8
CO_ORDS
62
3
7
STD
40
0.25
41
1.0
50
0.0
51
0.0
10
1004.2294           
20
4944.1706           
30
43.3059             
1
 1004.229 4944.1710
INSERT
8
POINT
62
2
2
CROSS
10
1003.5389           
20
4939.9204           
30
42.3865             
41
0.002
42
0.002
43
0.002
50
0.0
0
TEXT
8
CODE
62
3
7
STD
40
0.25
41
1.0
50
0.0
51
0.0
10
1003.5389           
20
4939.9204           
30
42.3865             
1
 MF
0
TEXT
8
PT_ID
62
3
7
STD
40
0.25
41
1.0
50
0.0
51
0.0
10
1003.5389           
20
4939.9204           
30
42.3865             
1
 262
0
TEXT
8
HEIGHT
62
3
7
STD
40
0.25
41
1.0
50
0.0
51
0.0
10
1003.5389           
20
4939.9204           
30
42.3865             
1
 42.387
0
TEXT
8
CO_ORDS
62
3
7
STD
40
0.25
41
1.0
50
0.0
51
0.0
10
1003.5389           
20
4939.9204           
30
42.3865             
1
 1003.539 4939.9200
INSERT
8
POINT
62
2
2
CROSS
10
1003.6797           
20
4939.9497           
30
42.5847             
41
0.002
42
0.002
43
0.002
50
0.0
0
TEXT
8
CODE
62
3
7
STD
40
0.25
41
1.0
50
0.0
51
0.0
10
1003.6797           
20
4939.9497           
30
42.5847             
1
 MF
0
TEXT
8
PT_ID
62
3
7
STD
40
0.25
41
1.0
50
0.0
51
0.0
10
1003.6797           
20
4939.9497           
30
42.5847             
1
 263
0
TEXT
8
HEIGHT
62
3
7
STD
40
0.25
41
1.0
50
0.0
51
0.0
10
1003.6797           
20
4939.9497           
30
42.5847             
1
 42.585
0
TEXT
8
CO_ORDS
62
3
7
STD
40
0.25
41
1.0
50
0.0
51
0.0
10
1003.6797           
20
4939.9497           
30
42.5847             
1
 1003.680 4939.9500
INSERT
8
POINT
62
2
2
CROSS
10
1002.8016           
20
4935.9741           
30
41.7467             
41
0.002
42
0.002
43
0.002
50
0.0
0
TEXT
8
CODE
62
3
7
STD
40
0.25
41
1.0
50
0.0
51
0.0
10
1002.8016           
20
4935.9741           
30
41.7467             
1
 MF
0
TEXT
8
PT_ID
62
3
7
STD
40
0.25
41
1.0
50
0.0
51
0.0
10
1002.8016           
20
4935.9741           
30
41.7467             
1
 264
0
TEXT
8
HEIGHT
62
3
7
STD
40
0.25
41
1.0
50
0.0
51
0.0
10
1002.8016           
20
4935.9741           
30
41.7467             
1
 41.747
0
TEXT
8
CO_ORDS
62
3
7
STD
40
0.25
41
1.0
50
0.0
51
0.0
10
1002.8016           
20
4935.9741           
30
41.7467             
1
 1002.802 4935.9740
INSERT
8
POINT
62
2
2
CROSS
10
1002.9729           
20
4935.9799           
30
41.9409             
41
0.002
42
0.002
43
0.002
50
0.0
0
TEXT
8
CODE
62
3
7
STD
40
0.25
41
1.0
50
0.0
51
0.0
10
1002.9729           
20
4935.9799           
30
41.9409             
1
 MF
0
TEXT
8
PT_ID
62
3
7
STD
40
0.25
41
1.0
50
0.0
51
0.0
10
1002.9729           
20
4935.9799           
30
41.9409             
1
 265
0
TEXT
8
HEIGHT
62
3
7
STD
40
0.25
41
1.0
50
0.0
51
0.0
10
1002.9729           
20
4935.9799           
30
41.9409             
1
 41.941
0
TEXT
8
CO_ORDS
62
3
7
STD
40
0.25
41
1.0
50
0.0
51
0.0
10
1002.9729           
20
4935.9799           
30
41.9409             
1
 1002.973 4935.9800
INSERT
8
POINT
62
2
2
CROSS
10
992.6153            
20
5007.5555           
30
50.5067             
41
0.002
42
0.002
43
0.002
50
0.0
0
TEXT
8
CODE
62
3
7
STD
40
0.25
41
1.0
50
0.0
51
0.0
10
992.6153            
20
5007.5555           
30
50.5067             
1
 POSTE
0
TEXT
8
PT_ID
62
3
7
STD
40
0.25
41
1.0
50
0.0
51
0.0
10
992.6153            
20
5007.5555           
30
50.5067             
1
 266
0
TEXT
8
HEIGHT
62
3
7
STD
40
0.25
41
1.0
50
0.0
51
0.0
10
992.6153            
20
5007.5555           
30
50.5067             
1
 50.507
0
TEXT
8
CO_ORDS
62
3
7
STD
40
0.25
41
1.0
50
0.0
51
0.0
10
992.6153            
20
5007.5555           
30
50.5067             
1
 992.615 5007.5560
INSERT
8
POINT
62
2
2
CROSS
10
968.7765            
20
5027.5702           
30
51.9551             
41
0.002
42
0.002
43
0.002
50
0.0
0
TEXT
8
CODE
62
3
7
STD
40
0.25
41
1.0
50
0.0
51
0.0
10
968.7765            
20
5027.5702           
30
51.9551             
1
 CALCADA
0
TEXT
8
PT_ID
62
3
7
STD
40
0.25
41
1.0
50
0.0
51
0.0
10
968.7765            
20
5027.5702           
30
51.9551             
1
 267
0
TEXT
8
HEIGHT
62
3
7
STD
40
0.25
41
1.0
50
0.0
51
0.0
10
968.7765            
20
5027.5702           
30
51.9551             
1
 51.955
0
TEXT
8
CO_ORDS
62
3
7
STD
40
0.25
41
1.0
50
0.0
51
0.0
10
968.7765            
20
5027.5702           
30
51.9551             
1
 968.777 5027.5700
INSERT
8
POINT
62
2
2
CROSS
10
968.7503            
20
5027.5574           
30
52.1507             
41
0.002
42
0.002
43
0.002
50
0.0
0
TEXT
8
CODE
62
3
7
STD
40
0.25
41
1.0
50
0.0
51
0.0
10
968.7503            
20
5027.5574           
30
52.1507             
1
 CALCADA
0
TEXT
8
PT_ID
62
3
7
STD
40
0.25
41
1.0
50
0.0
51
0.0
10
968.7503            
20
5027.5574           
30
52.1507             
1
 268
0
TEXT
8
HEIGHT
62
3
7
STD
40
0.25
41
1.0
50
0.0
51
0.0
10
968.7503            
20
5027.5574           
30
52.1507             
1
 52.151
0
TEXT
8
CO_ORDS
62
3
7
STD
40
0.25
41
1.0
50
0.0
51
0.0
10
968.7503            
20
5027.5574           
30
52.1507             
1
 968.750 5027.5570
INSERT
8
POINT
62
2
2
CROSS
10
967.7047            
20
5026.4804           
30
52.1805             
41
0.002
42
0.002
43
0.002
50
0.0
0
TEXT
8
CODE
62
3
7
STD
40
0.25
41
1.0
50
0.0
51
0.0
10
967.7047            
20
5026.4804           
30
52.1805             
1
 CALCADA
0
TEXT
8
PT_ID
62
3
7
STD
40
0.25
41
1.0
50
0.0
51
0.0
10
967.7047            
20
5026.4804           
30
52.1805             
1
 269
0
TEXT
8
HEIGHT
62
3
7
STD
40
0.25
41
1.0
50
0.0
51
0.0
10
967.7047            
20
5026.4804           
30
52.1805             
1
 52.180
0
TEXT
8
CO_ORDS
62
3
7
STD
40
0.25
41
1.0
50
0.0
51
0.0
10
967.7047            
20
5026.4804           
30
52.1805             
1
 967.705 5026.4800
INSERT
8
POINT
62
2
2
CROSS
10
969.9000            
20
5023.2574           
30
51.9924             
41
0.002
42
0.002
43
0.002
50
0.0
0
TEXT
8
CODE
62
3
7
STD
40
0.25
41
1.0
50
0.0
51
0.0
10
969.9000            
20
5023.2574           
30
51.9924             
1
 CALCADA
0
TEXT
8
PT_ID
62
3
7
STD
40
0.25
41
1.0
50
0.0
51
0.0
10
969.9000            
20
5023.2574           
30
51.9924             
1
 270
0
TEXT
8
HEIGHT
62
3
7
STD
40
0.25
41
1.0
50
0.0
51
0.0
10
969.9000            
20
5023.2574           
30
51.9924             
1
 51.992
0
TEXT
8
CO_ORDS
62
3
7
STD
40
0.25
41
1.0
50
0.0
51
0.0
10
969.9000            
20
5023.2574           
30
51.9924             
1
 969.900 5023.2570
INSERT
8
POINT
62
2
2
CROSS
10
971.5132            
20
5024.5843           
30
51.9567             
41
0.002
42
0.002
43
0.002
50
0.0
0
TEXT
8
CODE
62
3
7
STD
40
0.25
41
1.0
50
0.0
51
0.0
10
971.5132            
20
5024.5843           
30
51.9567             
1
 CALCADA
0
TEXT
8
PT_ID
62
3
7
STD
40
0.25
41
1.0
50
0.0
51
0.0
10
971.5132            
20
5024.5843           
30
51.9567             
1
 271
0
TEXT
8
HEIGHT
62
3
7
STD
40
0.25
41
1.0
50
0.0
51
0.0
10
971.5132            
20
5024.5843           
30
51.9567             
1
 51.957
0
TEXT
8
CO_ORDS
62
3
7
STD
40
0.25
41
1.0
50
0.0
51
0.0
10
971.5132            
20
5024.5843           
30
51.9567             
1
 971.513 5024.5840
INSERT
8
POINT
62
2
2
CROSS
10
971.5366            
20
5024.6512           
30
51.7517             
41
0.002
42
0.002
43
0.002
50
0.0
0
TEXT
8
CODE
62
3
7
STD
40
0.25
41
1.0
50
0.0
51
0.0
10
971.5366            
20
5024.6512           
30
51.7517             
1
 CALCADA
0
TEXT
8
PT_ID
62
3
7
STD
40
0.25
41
1.0
50
0.0
51
0.0
10
971.5366            
20
5024.6512           
30
51.7517             
1
 272
0
TEXT
8
HEIGHT
62
3
7
STD
40
0.25
41
1.0
50
0.0
51
0.0
10
971.5366            
20
5024.6512           
30
51.7517             
1
 51.752
0
TEXT
8
CO_ORDS
62
3
7
STD
40
0.25
41
1.0
50
0.0
51
0.0
10
971.5366            
20
5024.6512           
30
51.7517             
1
 971.537 5024.6510
INSERT
8
POINT
62
2
2
CROSS
10
974.4369            
20
5021.1569           
30
51.5028             
41
0.002
42
0.002
43
0.002
50
0.0
0
TEXT
8
CODE
62
3
7
STD
40
0.25
41
1.0
50
0.0
51
0.0
10
974.4369            
20
5021.1569           
30
51.5028             
1
 CALCADA
0
TEXT
8
PT_ID
62
3
7
STD
40
0.25
41
1.0
50
0.0
51
0.0
10
974.4369            
20
5021.1569           
30
51.5028             
1
 273
0
TEXT
8
HEIGHT
62
3
7
STD
40
0.25
41
1.0
50
0.0
51
0.0
10
974.4369            
20
5021.1569           
30
51.5028             
1
 51.503
0
TEXT
8
CO_ORDS
62
3
7
STD
40
0.25
41
1.0
50
0.0
51
0.0
10
974.4369            
20
5021.1569           
30
51.5028             
1
 974.437 5021.1570
INSERT
8
POINT
62
2
2
CROSS
10
974.3622            
20
5021.1479           
30
51.7151             
41
0.002
42
0.002
43
0.002
50
0.0
0
TEXT
8
CODE
62
3
7
STD
40
0.25
41
1.0
50
0.0
51
0.0
10
974.3622            
20
5021.1479           
30
51.7151             
1
 CALCADA
0
TEXT
8
PT_ID
62
3
7
STD
40
0.25
41
1.0
50
0.0
51
0.0
10
974.3622            
20
5021.1479           
30
51.7151             
1
 274
0
TEXT
8
HEIGHT
62
3
7
STD
40
0.25
41
1.0
50
0.0
51
0.0
10
974.3622            
20
5021.1479           
30
51.7151             
1
 51.715
0
TEXT
8
CO_ORDS
62
3
7
STD
40
0.25
41
1.0
50
0.0
51
0.0
10
974.3622            
20
5021.1479           
30
51.7151             
1
 974.362 5021.1480
INSERT
8
POINT
62
2
2
CROSS
10
972.7541            
20
5019.4699           
30
51.7914             
41
0.002
42
0.002
43
0.002
50
0.0
0
TEXT
8
CODE
62
3
7
STD
40
0.25
41
1.0
50
0.0
51
0.0
10
972.7541            
20
5019.4699           
30
51.7914             
1
 CALCADA
0
TEXT
8
PT_ID
62
3
7
STD
40
0.25
41
1.0
50
0.0
51
0.0
10
972.7541            
20
5019.4699           
30
51.7914             
1
 275
0
TEXT
8
HEIGHT
62
3
7
STD
40
0.25
41
1.0
50
0.0
51
0.0
10
972.7541            
20
5019.4699           
30
51.7914             
1
 51.791
0
TEXT
8
CO_ORDS
62
3
7
STD
40
0.25
41
1.0
50
0.0
51
0.0
10
972.7541            
20
5019.4699           
30
51.7914             
1
 972.754 5019.4700
INSERT
8
POINT
62
2
2
CROSS
10
975.2007            
20
5015.8801           
30
51.5236             
41
0.002
42
0.002
43
0.002
50
0.0
0
TEXT
8
CODE
62
3
7
STD
40
0.25
41
1.0
50
0.0
51
0.0
10
975.2007            
20
5015.8801           
30
51.5236             
1
 CALCADA
0
TEXT
8
PT_ID
62
3
7
STD
40
0.25
41
1.0
50
0.0
51
0.0
10
975.2007            
20
5015.8801           
30
51.5236             
1
 276
0
TEXT
8
HEIGHT
62
3
7
STD
40
0.25
41
1.0
50
0.0
51
0.0
10
975.2007            
20
5015.8801           
30
51.5236             
1
 51.524
0
TEXT
8
CO_ORDS
62
3
7
STD
40
0.25
41
1.0
50
0.0
51
0.0
10
975.2007            
20
5015.8801           
30
51.5236             
1
 975.201 5015.8800
INSERT
8
POINT
62
2
2
CROSS
10
977.3633            
20
5016.8898           
30
51.4396             
41
0.002
42
0.002
43
0.002
50
0.0
0
TEXT
8
CODE
62
3
7
STD
40
0.25
41
1.0
50
0.0
51
0.0
10
977.3633            
20
5016.8898           
30
51.4396             
1
 CALCADA
0
TEXT
8
PT_ID
62
3
7
STD
40
0.25
41
1.0
50
0.0
51
0.0
10
977.3633            
20
5016.8898           
30
51.4396             
1
 277
0
TEXT
8
HEIGHT
62
3
7
STD
40
0.25
41
1.0
50
0.0
51
0.0
10
977.3633            
20
5016.8898           
30
51.4396             
1
 51.440
0
TEXT
8
CO_ORDS
62
3
7
STD
40
0.25
41
1.0
50
0.0
51
0.0
10
977.3633            
20
5016.8898           
30
51.4396             
1
 977.363 5016.8900
INSERT
8
POINT
62
2
2
CROSS
10
977.4164            
20
5016.9234           
30
51.2397             
41
0.002
42
0.002
43
0.002
50
0.0
0
TEXT
8
CODE
62
3
7
STD
40
0.25
41
1.0
50
0.0
51
0.0
10
977.4164            
20
5016.9234           
30
51.2397             
1
 CALCADA
0
TEXT
8
PT_ID
62
3
7
STD
40
0.25
41
1.0
50
0.0
51
0.0
10
977.4164            
20
5016.9234           
30
51.2397             
1
 278
0
TEXT
8
HEIGHT
62
3
7
STD
40
0.25
41
1.0
50
0.0
51
0.0
10
977.4164            
20
5016.9234           
30
51.2397             
1
 51.240
0
TEXT
8
CO_ORDS
62
3
7
STD
40
0.25
41
1.0
50
0.0
51
0.0
10
977.4164            
20
5016.9234           
30
51.2397             
1
 977.416 5016.9230
INSERT
8
POINT
62
2
2
CROSS
10
979.8047            
20
5013.2291           
30
50.9994             
41
0.002
42
0.002
43
0.002
50
0.0
0
TEXT
8
CODE
62
3
7
STD
40
0.25
41
1.0
50
0.0
51
0.0
10
979.8047            
20
5013.2291           
30
50.9994             
1
 CALCADA
0
TEXT
8
PT_ID
62
3
7
STD
40
0.25
41
1.0
50
0.0
51
0.0
10
979.8047            
20
5013.2291           
30
50.9994             
1
 279
0
TEXT
8
HEIGHT
62
3
7
STD
40
0.25
41
1.0
50
0.0
51
0.0
10
979.8047            
20
5013.2291           
30
50.9994             
1
 50.999
0
TEXT
8
CO_ORDS
62
3
7
STD
40
0.25
41
1.0
50
0.0
51
0.0
10
979.8047            
20
5013.2291           
30
50.9994             
1
 979.805 5013.2290
INSERT
8
POINT
62
2
2
CROSS
10
979.7495            
20
5013.1899           
30
51.2039             
41
0.002
42
0.002
43
0.002
50
0.0
0
TEXT
8
CODE
62
3
7
STD
40
0.25
41
1.0
50
0.0
51
0.0
10
979.7495            
20
5013.1899           
30
51.2039             
1
 CALCADA
0
TEXT
8
PT_ID
62
3
7
STD
40
0.25
41
1.0
50
0.0
51
0.0
10
979.7495            
20
5013.1899           
30
51.2039             
1
 280
0
TEXT
8
HEIGHT
62
3
7
STD
40
0.25
41
1.0
50
0.0
51
0.0
10
979.7495            
20
5013.1899           
30
51.2039             
1
 51.204
0
TEXT
8
CO_ORDS
62
3
7
STD
40
0.25
41
1.0
50
0.0
51
0.0
10
979.7495            
20
5013.1899           
30
51.2039             
1
 979.750 5013.1900
INSERT
8
POINT
62
2
2
CROSS
10
978.0692            
20
5011.8270           
30
51.2449             
41
0.002
42
0.002
43
0.002
50
0.0
0
TEXT
8
CODE
62
3
7
STD
40
0.25
41
1.0
50
0.0
51
0.0
10
978.0692            
20
5011.8270           
30
51.2449             
1
 CALCADA
0
TEXT
8
PT_ID
62
3
7
STD
40
0.25
41
1.0
50
0.0
51
0.0
10
978.0692            
20
5011.8270           
30
51.2449             
1
 281
0
TEXT
8
HEIGHT
62
3
7
STD
40
0.25
41
1.0
50
0.0
51
0.0
10
978.0692            
20
5011.8270           
30
51.2449             
1
 51.245
0
TEXT
8
CO_ORDS
62
3
7
STD
40
0.25
41
1.0
50
0.0
51
0.0
10
978.0692            
20
5011.8270           
30
51.2449             
1
 978.069 5011.8270
INSERT
8
POINT
62
2
2
CROSS
10
980.2892            
20
5008.1367           
30
50.9360             
41
0.002
42
0.002
43
0.002
50
0.0
0
TEXT
8
CODE
62
3
7
STD
40
0.25
41
1.0
50
0.0
51
0.0
10
980.2892            
20
5008.1367           
30
50.9360             
1
 CALCADA
0
TEXT
8
PT_ID
62
3
7
STD
40
0.25
41
1.0
50
0.0
51
0.0
10
980.2892            
20
5008.1367           
30
50.9360             
1
 282
0
TEXT
8
HEIGHT
62
3
7
STD
40
0.25
41
1.0
50
0.0
51
0.0
10
980.2892            
20
5008.1367           
30
50.9360             
1
 50.936
0
TEXT
8
CO_ORDS
62
3
7
STD
40
0.25
41
1.0
50
0.0
51
0.0
10
980.2892            
20
5008.1367           
30
50.9360             
1
 980.289 5008.1370
INSERT
8
POINT
62
2
2
CROSS
10
982.2664            
20
5008.9555           
30
50.8762             
41
0.002
42
0.002
43
0.002
50
0.0
0
TEXT
8
CODE
62
3
7
STD
40
0.25
41
1.0
50
0.0
51
0.0
10
982.2664            
20
5008.9555           
30
50.8762             
1
 CALCADA
0
TEXT
8
PT_ID
62
3
7
STD
40
0.25
41
1.0
50
0.0
51
0.0
10
982.2664            
20
5008.9555           
30
50.8762             
1
 283
0
TEXT
8
HEIGHT
62
3
7
STD
40
0.25
41
1.0
50
0.0
51
0.0
10
982.2664            
20
5008.9555           
30
50.8762             
1
 50.876
0
TEXT
8
CO_ORDS
62
3
7
STD
40
0.25
41
1.0
50
0.0
51
0.0
10
982.2664            
20
5008.9555           
30
50.8762             
1
 982.266 5008.9550
INSERT
8
POINT
62
2
2
CROSS
10
982.3669            
20
5008.9831           
30
50.6728             
41
0.002
42
0.002
43
0.002
50
0.0
0
TEXT
8
CODE
62
3
7
STD
40
0.25
41
1.0
50
0.0
51
0.0
10
982.3669            
20
5008.9831           
30
50.6728             
1
 CALCADA
0
TEXT
8
PT_ID
62
3
7
STD
40
0.25
41
1.0
50
0.0
51
0.0
10
982.3669            
20
5008.9831           
30
50.6728             
1
 284
0
TEXT
8
HEIGHT
62
3
7
STD
40
0.25
41
1.0
50
0.0
51
0.0
10
982.3669            
20
5008.9831           
30
50.6728             
1
 50.673
0
TEXT
8
CO_ORDS
62
3
7
STD
40
0.25
41
1.0
50
0.0
51
0.0
10
982.3669            
20
5008.9831           
30
50.6728             
1
 982.367 5008.9830
INSERT
8
POINT
62
2
2
CROSS
10
984.3020            
20
5005.3603           
30
50.3566             
41
0.002
42
0.002
43
0.002
50
0.0
0
TEXT
8
CODE
62
3
7
STD
40
0.25
41
1.0
50
0.0
51
0.0
10
984.3020            
20
5005.3603           
30
50.3566             
1
 CALCADA
0
TEXT
8
PT_ID
62
3
7
STD
40
0.25
41
1.0
50
0.0
51
0.0
10
984.3020            
20
5005.3603           
30
50.3566             
1
 285
0
TEXT
8
HEIGHT
62
3
7
STD
40
0.25
41
1.0
50
0.0
51
0.0
10
984.3020            
20
5005.3603           
30
50.3566             
1
 50.357
0
TEXT
8
CO_ORDS
62
3
7
STD
40
0.25
41
1.0
50
0.0
51
0.0
10
984.3020            
20
5005.3603           
30
50.3566             
1
 984.302 5005.3600
INSERT
8
POINT
62
2
2
CROSS
10
984.1666            
20
5005.4849           
30
50.5336             
41
0.002
42
0.002
43
0.002
50
0.0
0
TEXT
8
CODE
62
3
7
STD
40
0.25
41
1.0
50
0.0
51
0.0
10
984.1666            
20
5005.4849           
30
50.5336             
1
 CALCADA
0
TEXT
8
PT_ID
62
3
7
STD
40
0.25
41
1.0
50
0.0
51
0.0
10
984.1666            
20
5005.4849           
30
50.5336             
1
 286
0
TEXT
8
HEIGHT
62
3
7
STD
40
0.25
41
1.0
50
0.0
51
0.0
10
984.1666            
20
5005.4849           
30
50.5336             
1
 50.534
0
TEXT
8
CO_ORDS
62
3
7
STD
40
0.25
41
1.0
50
0.0
51
0.0
10
984.1666            
20
5005.4849           
30
50.5336             
1
 984.167 5005.4850
INSERT
8
POINT
62
2
2
CROSS
10
982.4103            
20
5004.5365           
30
50.5743             
41
0.002
42
0.002
43
0.002
50
0.0
0
TEXT
8
CODE
62
3
7
STD
40
0.25
41
1.0
50
0.0
51
0.0
10
982.4103            
20
5004.5365           
30
50.5743             
1
 CALCADA
0
TEXT
8
PT_ID
62
3
7
STD
40
0.25
41
1.0
50
0.0
51
0.0
10
982.4103            
20
5004.5365           
30
50.5743             
1
 287
0
TEXT
8
HEIGHT
62
3
7
STD
40
0.25
41
1.0
50
0.0
51
0.0
10
982.4103            
20
5004.5365           
30
50.5743             
1
 50.574
0
TEXT
8
CO_ORDS
62
3
7
STD
40
0.25
41
1.0
50
0.0
51
0.0
10
982.4103            
20
5004.5365           
30
50.5743             
1
 982.410 5004.5370
INSERT
8
POINT
62
2
2
CROSS
10
984.3692            
20
5000.7020           
30
50.2070             
41
0.002
42
0.002
43
0.002
50
0.0
0
TEXT
8
CODE
62
3
7
STD
40
0.25
41
1.0
50
0.0
51
0.0
10
984.3692            
20
5000.7020           
30
50.2070             
1
 CALCADA
0
TEXT
8
PT_ID
62
3
7
STD
40
0.25
41
1.0
50
0.0
51
0.0
10
984.3692            
20
5000.7020           
30
50.2070             
1
 288
0
TEXT
8
HEIGHT
62
3
7
STD
40
0.25
41
1.0
50
0.0
51
0.0
10
984.3692            
20
5000.7020           
30
50.2070             
1
 50.207
0
TEXT
8
CO_ORDS
62
3
7
STD
40
0.25
41
1.0
50
0.0
51
0.0
10
984.3692            
20
5000.7020           
30
50.2070             
1
 984.369 5000.7020
INSERT
8
POINT
62
2
2
CROSS
10
986.3849            
20
5001.3987           
30
50.0916             
41
0.002
42
0.002
43
0.002
50
0.0
0
TEXT
8
CODE
62
3
7
STD
40
0.25
41
1.0
50
0.0
51
0.0
10
986.3849            
20
5001.3987           
30
50.0916             
1
 CALCADA
0
TEXT
8
PT_ID
62
3
7
STD
40
0.25
41
1.0
50
0.0
51
0.0
10
986.3849            
20
5001.3987           
30
50.0916             
1
 289
0
TEXT
8
HEIGHT
62
3
7
STD
40
0.25
41
1.0
50
0.0
51
0.0
10
986.3849            
20
5001.3987           
30
50.0916             
1
 50.092
0
TEXT
8
CO_ORDS
62
3
7
STD
40
0.25
41
1.0
50
0.0
51
0.0
10
986.3849            
20
5001.3987           
30
50.0916             
1
 986.385 5001.3990
INSERT
8
POINT
62
2
2
CROSS
10
986.6436            
20
5001.6178           
30
50.0257             
41
0.002
42
0.002
43
0.002
50
0.0
0
TEXT
8
CODE
62
3
7
STD
40
0.25
41
1.0
50
0.0
51
0.0
10
986.6436            
20
5001.6178           
30
50.0257             
1
 CALCADA
0
TEXT
8
PT_ID
62
3
7
STD
40
0.25
41
1.0
50
0.0
51
0.0
10
986.6436            
20
5001.6178           
30
50.0257             
1
 290
0
TEXT
8
HEIGHT
62
3
7
STD
40
0.25
41
1.0
50
0.0
51
0.0
10
986.6436            
20
5001.6178           
30
50.0257             
1
 50.026
0
TEXT
8
CO_ORDS
62
3
7
STD
40
0.25
41
1.0
50
0.0
51
0.0
10
986.6436            
20
5001.6178           
30
50.0257             
1
 986.644 5001.6180
INSERT
8
POINT
62
2
2
CROSS
10
988.4634            
20
4997.2824           
30
49.6960             
41
0.002
42
0.002
43
0.002
50
0.0
0
TEXT
8
CODE
62
3
7
STD
40
0.25
41
1.0
50
0.0
51
0.0
10
988.4634            
20
4997.2824           
30
49.6960             
1
 CALCADA
0
TEXT
8
PT_ID
62
3
7
STD
40
0.25
41
1.0
50
0.0
51
0.0
10
988.4634            
20
4997.2824           
30
49.6960             
1
 291
0
TEXT
8
HEIGHT
62
3
7
STD
40
0.25
41
1.0
50
0.0
51
0.0
10
988.4634            
20
4997.2824           
30
49.6960             
1
 49.696
0
TEXT
8
CO_ORDS
62
3
7
STD
40
0.25
41
1.0
50
0.0
51
0.0
10
988.4634            
20
4997.2824           
30
49.6960             
1
 988.463 4997.2820
INSERT
8
POINT
62
2
2
CROSS
10
988.4109            
20
4997.2501           
30
49.8921             
41
0.002
42
0.002
43
0.002
50
0.0
0
TEXT
8
CODE
62
3
7
STD
40
0.25
41
1.0
50
0.0
51
0.0
10
988.4109            
20
4997.2501           
30
49.8921             
1
 CALCADA
0
TEXT
8
PT_ID
62
3
7
STD
40
0.25
41
1.0
50
0.0
51
0.0
10
988.4109            
20
4997.2501           
30
49.8921             
1
 292
0
TEXT
8
HEIGHT
62
3
7
STD
40
0.25
41
1.0
50
0.0
51
0.0
10
988.4109            
20
4997.2501           
30
49.8921             
1
 49.892
0
TEXT
8
CO_ORDS
62
3
7
STD
40
0.25
41
1.0
50
0.0
51
0.0
10
988.4109            
20
4997.2501           
30
49.8921             
1
 988.411 4997.2500
INSERT
8
POINT
62
2
2
CROSS
10
986.7277            
20
4996.1574           
30
49.9477             
41
0.002
42
0.002
43
0.002
50
0.0
0
TEXT
8
CODE
62
3
7
STD
40
0.25
41
1.0
50
0.0
51
0.0
10
986.7277            
20
4996.1574           
30
49.9477             
1
 CALCADA
0
TEXT
8
PT_ID
62
3
7
STD
40
0.25
41
1.0
50
0.0
51
0.0
10
986.7277            
20
4996.1574           
30
49.9477             
1
 293
0
TEXT
8
HEIGHT
62
3
7
STD
40
0.25
41
1.0
50
0.0
51
0.0
10
986.7277            
20
4996.1574           
30
49.9477             
1
 49.948
0
TEXT
8
CO_ORDS
62
3
7
STD
40
0.25
41
1.0
50
0.0
51
0.0
10
986.7277            
20
4996.1574           
30
49.9477             
1
 986.728 4996.1570
INSERT
8
POINT
62
2
2
CROSS
10
989.2730            
20
4995.5222           
30
49.5386             
41
0.002
42
0.002
43
0.002
50
0.0
0
TEXT
8
CODE
62
3
7
STD
40
0.25
41
1.0
50
0.0
51
0.0
10
989.2730            
20
4995.5222           
30
49.5386             
1
 CALCADA
0
TEXT
8
PT_ID
62
3
7
STD
40
0.25
41
1.0
50
0.0
51
0.0
10
989.2730            
20
4995.5222           
30
49.5386             
1
 294
0
TEXT
8
HEIGHT
62
3
7
STD
40
0.25
41
1.0
50
0.0
51
0.0
10
989.2730            
20
4995.5222           
30
49.5386             
1
 49.539
0
TEXT
8
CO_ORDS
62
3
7
STD
40
0.25
41
1.0
50
0.0
51
0.0
10
989.2730            
20
4995.5222           
30
49.5386             
1
 989.273 4995.5220
INSERT
8
POINT
62
2
2
CROSS
10
989.2275            
20
4995.5021           
30
49.7435             
41
0.002
42
0.002
43
0.002
50
0.0
0
TEXT
8
CODE
62
3
7
STD
40
0.25
41
1.0
50
0.0
51
0.0
10
989.2275            
20
4995.5021           
30
49.7435             
1
 CALCADA
0
TEXT
8
PT_ID
62
3
7
STD
40
0.25
41
1.0
50
0.0
51
0.0
10
989.2275            
20
4995.5021           
30
49.7435             
1
 295
0
TEXT
8
HEIGHT
62
3
7
STD
40
0.25
41
1.0
50
0.0
51
0.0
10
989.2275            
20
4995.5021           
30
49.7435             
1
 49.744
0
TEXT
8
CO_ORDS
62
3
7
STD
40
0.25
41
1.0
50
0.0
51
0.0
10
989.2275            
20
4995.5021           
30
49.7435             
1
 989.228 4995.5020
INSERT
8
POINT
62
2
2
CROSS
10
987.5259            
20
4994.4652           
30
49.8112             
41
0.002
42
0.002
43
0.002
50
0.0
0
TEXT
8
CODE
62
3
7
STD
40
0.25
41
1.0
50
0.0
51
0.0
10
987.5259            
20
4994.4652           
30
49.8112             
1
 CALCADA
0
TEXT
8
PT_ID
62
3
7
STD
40
0.25
41
1.0
50
0.0
51
0.0
10
987.5259            
20
4994.4652           
30
49.8112             
1
 296
0
TEXT
8
HEIGHT
62
3
7
STD
40
0.25
41
1.0
50
0.0
51
0.0
10
987.5259            
20
4994.4652           
30
49.8112             
1
 49.811
0
TEXT
8
CO_ORDS
62
3
7
STD
40
0.25
41
1.0
50
0.0
51
0.0
10
987.5259            
20
4994.4652           
30
49.8112             
1
 987.526 4994.4650
INSERT
8
POINT
62
2
2
CROSS
10
989.8621            
20
4989.4084           
30
49.3203             
41
0.002
42
0.002
43
0.002
50
0.0
0
TEXT
8
CODE
62
3
7
STD
40
0.25
41
1.0
50
0.0
51
0.0
10
989.8621            
20
4989.4084           
30
49.3203             
1
 CALCADA
0
TEXT
8
PT_ID
62
3
7
STD
40
0.25
41
1.0
50
0.0
51
0.0
10
989.8621            
20
4989.4084           
30
49.3203             
1
 297
0
TEXT
8
HEIGHT
62
3
7
STD
40
0.25
41
1.0
50
0.0
51
0.0
10
989.8621            
20
4989.4084           
30
49.3203             
1
 49.320
0
TEXT
8
CO_ORDS
62
3
7
STD
40
0.25
41
1.0
50
0.0
51
0.0
10
989.8621            
20
4989.4084           
30
49.3203             
1
 989.862 4989.4080
INSERT
8
POINT
62
2
2
CROSS
10
991.4848            
20
4990.4313           
30
49.2704             
41
0.002
42
0.002
43
0.002
50
0.0
0
TEXT
8
CODE
62
3
7
STD
40
0.25
41
1.0
50
0.0
51
0.0
10
991.4848            
20
4990.4313           
30
49.2704             
1
 CALCADA
0
TEXT
8
PT_ID
62
3
7
STD
40
0.25
41
1.0
50
0.0
51
0.0
10
991.4848            
20
4990.4313           
30
49.2704             
1
 298
0
TEXT
8
HEIGHT
62
3
7
STD
40
0.25
41
1.0
50
0.0
51
0.0
10
991.4848            
20
4990.4313           
30
49.2704             
1
 49.270
0
TEXT
8
CO_ORDS
62
3
7
STD
40
0.25
41
1.0
50
0.0
51
0.0
10
991.4848            
20
4990.4313           
30
49.2704             
1
 991.485 4990.4310
INSERT
8
POINT
62
2
2
CROSS
10
991.5405            
20
4990.4306           
30
49.0575             
41
0.002
42
0.002
43
0.002
50
0.0
0
TEXT
8
CODE
62
3
7
STD
40
0.25
41
1.0
50
0.0
51
0.0
10
991.5405            
20
4990.4306           
30
49.0575             
1
 CALCADA
0
TEXT
8
PT_ID
62
3
7
STD
40
0.25
41
1.0
50
0.0
51
0.0
10
991.5405            
20
4990.4306           
30
49.0575             
1
 299
0
TEXT
8
HEIGHT
62
3
7
STD
40
0.25
41
1.0
50
0.0
51
0.0
10
991.5405            
20
4990.4306           
30
49.0575             
1
 49.058
0
TEXT
8
CO_ORDS
62
3
7
STD
40
0.25
41
1.0
50
0.0
51
0.0
10
991.5405            
20
4990.4306           
30
49.0575             
1
 991.540 4990.4310
INSERT
8
POINT
62
2
2
CROSS
10
993.0192            
20
4986.4574           
30
48.6754             
41
0.002
42
0.002
43
0.002
50
0.0
0
TEXT
8
CODE
62
3
7
STD
40
0.25
41
1.0
50
0.0
51
0.0
10
993.0192            
20
4986.4574           
30
48.6754             
1
 CALCADA
0
TEXT
8
PT_ID
62
3
7
STD
40
0.25
41
1.0
50
0.0
51
0.0
10
993.0192            
20
4986.4574           
30
48.6754             
1
 300
0
TEXT
8
HEIGHT
62
3
7
STD
40
0.25
41
1.0
50
0.0
51
0.0
10
993.0192            
20
4986.4574           
30
48.6754             
1
 48.675
0
TEXT
8
CO_ORDS
62
3
7
STD
40
0.25
41
1.0
50
0.0
51
0.0
10
993.0192            
20
4986.4574           
30
48.6754             
1
 993.019 4986.4570
INSERT
8
POINT
62
2
2
CROSS
10
992.9589            
20
4986.4594           
30
48.8865             
41
0.002
42
0.002
43
0.002
50
0.0
0
TEXT
8
CODE
62
3
7
STD
40
0.25
41
1.0
50
0.0
51
0.0
10
992.9589            
20
4986.4594           
30
48.8865             
1
 CALCADA
0
TEXT
8
PT_ID
62
3
7
STD
40
0.25
41
1.0
50
0.0
51
0.0
10
992.9589            
20
4986.4594           
30
48.8865             
1
 301
0
TEXT
8
HEIGHT
62
3
7
STD
40
0.25
41
1.0
50
0.0
51
0.0
10
992.9589            
20
4986.4594           
30
48.8865             
1
 48.887
0
TEXT
8
CO_ORDS
62
3
7
STD
40
0.25
41
1.0
50
0.0
51
0.0
10
992.9589            
20
4986.4594           
30
48.8865             
1
 992.959 4986.4590
INSERT
8
POINT
62
2
2
CROSS
10
991.2071            
20
4985.9697           
30
48.9287             
41
0.002
42
0.002
43
0.002
50
0.0
0
TEXT
8
CODE
62
3
7
STD
40
0.25
41
1.0
50
0.0
51
0.0
10
991.2071            
20
4985.9697           
30
48.9287             
1
 CALCADA
0
TEXT
8
PT_ID
62
3
7
STD
40
0.25
41
1.0
50
0.0
51
0.0
10
991.2071            
20
4985.9697           
30
48.9287             
1
 302
0
TEXT
8
HEIGHT
62
3
7
STD
40
0.25
41
1.0
50
0.0
51
0.0
10
991.2071            
20
4985.9697           
30
48.9287             
1
 48.929
0
TEXT
8
CO_ORDS
62
3
7
STD
40
0.25
41
1.0
50
0.0
51
0.0
10
991.2071            
20
4985.9697           
30
48.9287             
1
 991.207 4985.9700
INSERT
8
POINT
62
2
2
CROSS
10
991.9002            
20
4984.1516           
30
48.7116             
41
0.002
42
0.002
43
0.002
50
0.0
0
TEXT
8
CODE
62
3
7
STD
40
0.25
41
1.0
50
0.0
51
0.0
10
991.9002            
20
4984.1516           
30
48.7116             
1
 MURO
0
TEXT
8
PT_ID
62
3
7
STD
40
0.25
41
1.0
50
0.0
51
0.0
10
991.9002            
20
4984.1516           
30
48.7116             
1
 303
0
TEXT
8
HEIGHT
62
3
7
STD
40
0.25
41
1.0
50
0.0
51
0.0
10
991.9002            
20
4984.1516           
30
48.7116             
1
 48.712
0
TEXT
8
CO_ORDS
62
3
7
STD
40
0.25
41
1.0
50
0.0
51
0.0
10
991.9002            
20
4984.1516           
30
48.7116             
1
 991.900 4984.1520
INSERT
8
POINT
62
2
2
CROSS
10
989.1608            
20
4991.2003           
30
49.5517             
41
0.002
42
0.002
43
0.002
50
0.0
0
TEXT
8
CODE
62
3
7
STD
40
0.25
41
1.0
50
0.0
51
0.0
10
989.1608            
20
4991.2003           
30
49.5517             
1
 MURO
0
TEXT
8
PT_ID
62
3
7
STD
40
0.25
41
1.0
50
0.0
51
0.0
10
989.1608            
20
4991.2003           
30
49.5517             
1
 304
0
TEXT
8
HEIGHT
62
3
7
STD
40
0.25
41
1.0
50
0.0
51
0.0
10
989.1608            
20
4991.2003           
30
49.5517             
1
 49.552
0
TEXT
8
CO_ORDS
62
3
7
STD
40
0.25
41
1.0
50
0.0
51
0.0
10
989.1608            
20
4991.2003           
30
49.5517             
1
 989.161 4991.2000
INSERT
8
POINT
62
2
2
CROSS
10
997.4344            
20
4909.1015           
30
40.7861             
41
0.002
42
0.002
43
0.002
50
0.0
0
TEXT
8
CODE
62
3
7
STD
40
0.25
41
1.0
50
0.0
51
0.0
10
997.4344            
20
4909.1015           
30
40.7861             
1
 AUX
0
TEXT
8
PT_ID
62
3
7
STD
40
0.25
41
1.0
50
0.0
51
0.0
10
997.4344            
20
4909.1015           
30
40.7861             
1
 305
0
TEXT
8
HEIGHT
62
3
7
STD
40
0.25
41
1.0
50
0.0
51
0.0
10
997.4344            
20
4909.1015           
30
40.7861             
1
 40.786
0
TEXT
8
CO_ORDS
62
3
7
STD
40
0.25
41
1.0
50
0.0
51
0.0
10
997.4344            
20
4909.1015           
30
40.7861             
1
 997.434 4909.1020
INSERT
8
POINT
62
2
2
CROSS
10
994.0998            
20
4982.8280           
30
48.2803             
41
0.002
42
0.002
43
0.002
50
0.0
0
TEXT
8
CODE
62
3
7
STD
40
0.25
41
1.0
50
0.0
51
0.0
10
994.0998            
20
4982.8280           
30
48.2803             
1
 CALCADA
0
TEXT
8
PT_ID
62
3
7
STD
40
0.25
41
1.0
50
0.0
51
0.0
10
994.0998            
20
4982.8280           
30
48.2803             
1
 306
0
TEXT
8
HEIGHT
62
3
7
STD
40
0.25
41
1.0
50
0.0
51
0.0
10
994.0998            
20
4982.8280           
30
48.2803             
1
 48.280
0
TEXT
8
CO_ORDS
62
3
7
STD
40
0.25
41
1.0
50
0.0
51
0.0
10
994.0998            
20
4982.8280           
30
48.2803             
1
 994.100 4982.8280
INSERT
8
POINT
62
2
2
CROSS
10
994.0494            
20
4982.8012           
30
48.4778             
41
0.002
42
0.002
43
0.002
50
0.0
0
TEXT
8
CODE
62
3
7
STD
40
0.25
41
1.0
50
0.0
51
0.0
10
994.0494            
20
4982.8012           
30
48.4778             
1
 CALCADA
0
TEXT
8
PT_ID
62
3
7
STD
40
0.25
41
1.0
50
0.0
51
0.0
10
994.0494            
20
4982.8012           
30
48.4778             
1
 307
0
TEXT
8
HEIGHT
62
3
7
STD
40
0.25
41
1.0
50
0.0
51
0.0
10
994.0494            
20
4982.8012           
30
48.4778             
1
 48.478
0
TEXT
8
CO_ORDS
62
3
7
STD
40
0.25
41
1.0
50
0.0
51
0.0
10
994.0494            
20
4982.8012           
30
48.4778             
1
 994.049 4982.8010
INSERT
8
POINT
62
2
2
CROSS
10
992.3688            
20
4982.0759           
30
48.4998             
41
0.002
42
0.002
43
0.002
50
0.0
0
TEXT
8
CODE
62
3
7
STD
40
0.25
41
1.0
50
0.0
51
0.0
10
992.3688            
20
4982.0759           
30
48.4998             
1
 CALCADA
0
TEXT
8
PT_ID
62
3
7
STD
40
0.25
41
1.0
50
0.0
51
0.0
10
992.3688            
20
4982.0759           
30
48.4998             
1
 308
0
TEXT
8
HEIGHT
62
3
7
STD
40
0.25
41
1.0
50
0.0
51
0.0
10
992.3688            
20
4982.0759           
30
48.4998             
1
 48.500
0
TEXT
8
CO_ORDS
62
3
7
STD
40
0.25
41
1.0
50
0.0
51
0.0
10
992.3688            
20
4982.0759           
30
48.4998             
1
 992.369 4982.0760
INSERT
8
POINT
62
2
2
CROSS
10
994.9862            
20
4978.4199           
30
48.0222             
41
0.002
42
0.002
43
0.002
50
0.0
0
TEXT
8
CODE
62
3
7
STD
40
0.25
41
1.0
50
0.0
51
0.0
10
994.9862            
20
4978.4199           
30
48.0222             
1
 CALCADA
0
TEXT
8
PT_ID
62
3
7
STD
40
0.25
41
1.0
50
0.0
51
0.0
10
994.9862            
20
4978.4199           
30
48.0222             
1
 309
0
TEXT
8
HEIGHT
62
3
7
STD
40
0.25
41
1.0
50
0.0
51
0.0
10
994.9862            
20
4978.4199           
30
48.0222             
1
 48.022
0
TEXT
8
CO_ORDS
62
3
7
STD
40
0.25
41
1.0
50
0.0
51
0.0
10
994.9862            
20
4978.4199           
30
48.0222             
1
 994.986 4978.4200
INSERT
8
POINT
62
2
2
CROSS
10
995.0530            
20
4978.4539           
30
47.8180             
41
0.002
42
0.002
43
0.002
50
0.0
0
TEXT
8
CODE
62
3
7
STD
40
0.25
41
1.0
50
0.0
51
0.0
10
995.0530            
20
4978.4539           
30
47.8180             
1
 CALCADA
0
TEXT
8
PT_ID
62
3
7
STD
40
0.25
41
1.0
50
0.0
51
0.0
10
995.0530            
20
4978.4539           
30
47.8180             
1
 310
0
TEXT
8
HEIGHT
62
3
7
STD
40
0.25
41
1.0
50
0.0
51
0.0
10
995.0530            
20
4978.4539           
30
47.8180             
1
 47.818
0
TEXT
8
CO_ORDS
62
3
7
STD
40
0.25
41
1.0
50
0.0
51
0.0
10
995.0530            
20
4978.4539           
30
47.8180             
1
 995.053 4978.4540
INSERT
8
POINT
62
2
2
CROSS
10
995.7161            
20
4974.4053           
30
47.3215             
41
0.002
42
0.002
43
0.002
50
0.0
0
TEXT
8
CODE
62
3
7
STD
40
0.25
41
1.0
50
0.0
51
0.0
10
995.7161            
20
4974.4053           
30
47.3215             
1
 CALCADA
0
TEXT
8
PT_ID
62
3
7
STD
40
0.25
41
1.0
50
0.0
51
0.0
10
995.7161            
20
4974.4053           
30
47.3215             
1
 311
0
TEXT
8
HEIGHT
62
3
7
STD
40
0.25
41
1.0
50
0.0
51
0.0
10
995.7161            
20
4974.4053           
30
47.3215             
1
 47.321
0
TEXT
8
CO_ORDS
62
3
7
STD
40
0.25
41
1.0
50
0.0
51
0.0
10
995.7161            
20
4974.4053           
30
47.3215             
1
 995.716 4974.4050
INSERT
8
POINT
62
2
2
CROSS
10
995.6614            
20
4974.3657           
30
47.5537             
41
0.002
42
0.002
43
0.002
50
0.0
0
TEXT
8
CODE
62
3
7
STD
40
0.25
41
1.0
50
0.0
51
0.0
10
995.6614            
20
4974.3657           
30
47.5537             
1
 CALCADA
0
TEXT
8
PT_ID
62
3
7
STD
40
0.25
41
1.0
50
0.0
51
0.0
10
995.6614            
20
4974.3657           
30
47.5537             
1
 312
0
TEXT
8
HEIGHT
62
3
7
STD
40
0.25
41
1.0
50
0.0
51
0.0
10
995.6614            
20
4974.3657           
30
47.5537             
1
 47.554
0
TEXT
8
CO_ORDS
62
3
7
STD
40
0.25
41
1.0
50
0.0
51
0.0
10
995.6614            
20
4974.3657           
30
47.5537             
1
 995.661 4974.3660
INSERT
8
POINT
62
2
2
CROSS
10
993.4371            
20
4973.7550           
30
47.5839             
41
0.002
42
0.002
43
0.002
50
0.0
0
TEXT
8
CODE
62
3
7
STD
40
0.25
41
1.0
50
0.0
51
0.0
10
993.4371            
20
4973.7550           
30
47.5839             
1
 CALCADA
0
TEXT
8
PT_ID
62
3
7
STD
40
0.25
41
1.0
50
0.0
51
0.0
10
993.4371            
20
4973.7550           
30
47.5839             
1
 313
0
TEXT
8
HEIGHT
62
3
7
STD
40
0.25
41
1.0
50
0.0
51
0.0
10
993.4371            
20
4973.7550           
30
47.5839             
1
 47.584
0
TEXT
8
CO_ORDS
62
3
7
STD
40
0.25
41
1.0
50
0.0
51
0.0
10
993.4371            
20
4973.7550           
30
47.5839             
1
 993.437 4973.7550
INSERT
8
POINT
62
2
2
CROSS
10
993.8929            
20
4970.1480           
30
47.1526             
41
0.002
42
0.002
43
0.002
50
0.0
0
TEXT
8
CODE
62
3
7
STD
40
0.25
41
1.0
50
0.0
51
0.0
10
993.8929            
20
4970.1480           
30
47.1526             
1
 CALCADA
0
TEXT
8
PT_ID
62
3
7
STD
40
0.25
41
1.0
50
0.0
51
0.0
10
993.8929            
20
4970.1480           
30
47.1526             
1
 314
0
TEXT
8
HEIGHT
62
3
7
STD
40
0.25
41
1.0
50
0.0
51
0.0
10
993.8929            
20
4970.1480           
30
47.1526             
1
 47.153
0
TEXT
8
CO_ORDS
62
3
7
STD
40
0.25
41
1.0
50
0.0
51
0.0
10
993.8929            
20
4970.1480           
30
47.1526             
1
 993.893 4970.1480
INSERT
8
POINT
62
2
2
CROSS
10
996.1131            
20
4970.1528           
30
47.0956             
41
0.002
42
0.002
43
0.002
50
0.0
0
TEXT
8
CODE
62
3
7
STD
40
0.25
41
1.0
50
0.0
51
0.0
10
996.1131            
20
4970.1528           
30
47.0956             
1
 CALCADA
0
TEXT
8
PT_ID
62
3
7
STD
40
0.25
41
1.0
50
0.0
51
0.0
10
996.1131            
20
4970.1528           
30
47.0956             
1
 315
0
TEXT
8
HEIGHT
62
3
7
STD
40
0.25
41
1.0
50
0.0
51
0.0
10
996.1131            
20
4970.1528           
30
47.0956             
1
 47.096
0
TEXT
8
CO_ORDS
62
3
7
STD
40
0.25
41
1.0
50
0.0
51
0.0
10
996.1131            
20
4970.1528           
30
47.0956             
1
 996.113 4970.1530
INSERT
8
POINT
62
2
2
CROSS
10
996.1436            
20
4970.2355           
30
46.8970             
41
0.002
42
0.002
43
0.002
50
0.0
0
TEXT
8
CODE
62
3
7
STD
40
0.25
41
1.0
50
0.0
51
0.0
10
996.1436            
20
4970.2355           
30
46.8970             
1
 CALCADA
0
TEXT
8
PT_ID
62
3
7
STD
40
0.25
41
1.0
50
0.0
51
0.0
10
996.1436            
20
4970.2355           
30
46.8970             
1
 316
0
TEXT
8
HEIGHT
62
3
7
STD
40
0.25
41
1.0
50
0.0
51
0.0
10
996.1436            
20
4970.2355           
30
46.8970             
1
 46.897
0
TEXT
8
CO_ORDS
62
3
7
STD
40
0.25
41
1.0
50
0.0
51
0.0
10
996.1436            
20
4970.2355           
30
46.8970             
1
 996.144 4970.2350
INSERT
8
POINT
62
2
2
CROSS
10
996.4934            
20
4966.0631           
30
46.3806             
41
0.002
42
0.002
43
0.002
50
0.0
0
TEXT
8
CODE
62
3
7
STD
40
0.25
41
1.0
50
0.0
51
0.0
10
996.4934            
20
4966.0631           
30
46.3806             
1
 CALCADA
0
TEXT
8
PT_ID
62
3
7
STD
40
0.25
41
1.0
50
0.0
51
0.0
10
996.4934            
20
4966.0631           
30
46.3806             
1
 317
0
TEXT
8
HEIGHT
62
3
7
STD
40
0.25
41
1.0
50
0.0
51
0.0
10
996.4934            
20
4966.0631           
30
46.3806             
1
 46.381
0
TEXT
8
CO_ORDS
62
3
7
STD
40
0.25
41
1.0
50
0.0
51
0.0
10
996.4934            
20
4966.0631           
30
46.3806             
1
 996.493 4966.0630
INSERT
8
POINT
62
2
2
CROSS
10
996.4072            
20
4966.0384           
30
46.5962             
41
0.002
42
0.002
43
0.002
50
0.0
0
TEXT
8
CODE
62
3
7
STD
40
0.25
41
1.0
50
0.0
51
0.0
10
996.4072            
20
4966.0384           
30
46.5962             
1
 CALCADA
0
TEXT
8
PT_ID
62
3
7
STD
40
0.25
41
1.0
50
0.0
51
0.0
10
996.4072            
20
4966.0384           
30
46.5962             
1
 318
0
TEXT
8
HEIGHT
62
3
7
STD
40
0.25
41
1.0
50
0.0
51
0.0
10
996.4072            
20
4966.0384           
30
46.5962             
1
 46.596
0
TEXT
8
CO_ORDS
62
3
7
STD
40
0.25
41
1.0
50
0.0
51
0.0
10
996.4072            
20
4966.0384           
30
46.5962             
1
 996.407 4966.0380
INSERT
8
POINT
62
2
2
CROSS
10
994.2528            
20
4965.7221           
30
46.5636             
41
0.002
42
0.002
43
0.002
50
0.0
0
TEXT
8
CODE
62
3
7
STD
40
0.25
41
1.0
50
0.0
51
0.0
10
994.2528            
20
4965.7221           
30
46.5636             
1
 CALCADA
0
TEXT
8
PT_ID
62
3
7
STD
40
0.25
41
1.0
50
0.0
51
0.0
10
994.2528            
20
4965.7221           
30
46.5636             
1
 319
0
TEXT
8
HEIGHT
62
3
7
STD
40
0.25
41
1.0
50
0.0
51
0.0
10
994.2528            
20
4965.7221           
30
46.5636             
1
 46.564
0
TEXT
8
CO_ORDS
62
3
7
STD
40
0.25
41
1.0
50
0.0
51
0.0
10
994.2528            
20
4965.7221           
30
46.5636             
1
 994.253 4965.7220
INSERT
8
POINT
62
2
2
CROSS
10
994.4631            
20
4961.2507           
30
45.9800             
41
0.002
42
0.002
43
0.002
50
0.0
0
TEXT
8
CODE
62
3
7
STD
40
0.25
41
1.0
50
0.0
51
0.0
10
994.4631            
20
4961.2507           
30
45.9800             
1
 CALCADA
0
TEXT
8
PT_ID
62
3
7
STD
40
0.25
41
1.0
50
0.0
51
0.0
10
994.4631            
20
4961.2507           
30
45.9800             
1
 320
0
TEXT
8
HEIGHT
62
3
7
STD
40
0.25
41
1.0
50
0.0
51
0.0
10
994.4631            
20
4961.2507           
30
45.9800             
1
 45.980
0
TEXT
8
CO_ORDS
62
3
7
STD
40
0.25
41
1.0
50
0.0
51
0.0
10
994.4631            
20
4961.2507           
30
45.9800             
1
 994.463 4961.2510
INSERT
8
POINT
62
2
2
CROSS
10
996.6572            
20
4961.5230           
30
45.9900             
41
0.002
42
0.002
43
0.002
50
0.0
0
TEXT
8
CODE
62
3
7
STD
40
0.25
41
1.0
50
0.0
51
0.0
10
996.6572            
20
4961.5230           
30
45.9900             
1
 CALCADA
0
TEXT
8
PT_ID
62
3
7
STD
40
0.25
41
1.0
50
0.0
51
0.0
10
996.6572            
20
4961.5230           
30
45.9900             
1
 321
0
TEXT
8
HEIGHT
62
3
7
STD
40
0.25
41
1.0
50
0.0
51
0.0
10
996.6572            
20
4961.5230           
30
45.9900             
1
 45.990
0
TEXT
8
CO_ORDS
62
3
7
STD
40
0.25
41
1.0
50
0.0
51
0.0
10
996.6572            
20
4961.5230           
30
45.9900             
1
 996.657 4961.5230
INSERT
8
POINT
62
2
2
CROSS
10
996.7172            
20
4961.5047           
30
45.7770             
41
0.002
42
0.002
43
0.002
50
0.0
0
TEXT
8
CODE
62
3
7
STD
40
0.25
41
1.0
50
0.0
51
0.0
10
996.7172            
20
4961.5047           
30
45.7770             
1
 CALCADA
0
TEXT
8
PT_ID
62
3
7
STD
40
0.25
41
1.0
50
0.0
51
0.0
10
996.7172            
20
4961.5047           
30
45.7770             
1
 322
0
TEXT
8
HEIGHT
62
3
7
STD
40
0.25
41
1.0
50
0.0
51
0.0
10
996.7172            
20
4961.5047           
30
45.7770             
1
 45.777
0
TEXT
8
CO_ORDS
62
3
7
STD
40
0.25
41
1.0
50
0.0
51
0.0
10
996.7172            
20
4961.5047           
30
45.7770             
1
 996.717 4961.5050
INSERT
8
POINT
62
2
2
CROSS
10
996.7492            
20
4957.2972           
30
45.1955             
41
0.002
42
0.002
43
0.002
50
0.0
0
TEXT
8
CODE
62
3
7
STD
40
0.25
41
1.0
50
0.0
51
0.0
10
996.7492            
20
4957.2972           
30
45.1955             
1
 CALCADA
0
TEXT
8
PT_ID
62
3
7
STD
40
0.25
41
1.0
50
0.0
51
0.0
10
996.7492            
20
4957.2972           
30
45.1955             
1
 323
0
TEXT
8
HEIGHT
62
3
7
STD
40
0.25
41
1.0
50
0.0
51
0.0
10
996.7492            
20
4957.2972           
30
45.1955             
1
 45.195
0
TEXT
8
CO_ORDS
62
3
7
STD
40
0.25
41
1.0
50
0.0
51
0.0
10
996.7492            
20
4957.2972           
30
45.1955             
1
 996.749 4957.2970
INSERT
8
POINT
62
2
2
CROSS
10
996.6943            
20
4957.2905           
30
45.4035             
41
0.002
42
0.002
43
0.002
50
0.0
0
TEXT
8
CODE
62
3
7
STD
40
0.25
41
1.0
50
0.0
51
0.0
10
996.6943            
20
4957.2905           
30
45.4035             
1
 CALCADA
0
TEXT
8
PT_ID
62
3
7
STD
40
0.25
41
1.0
50
0.0
51
0.0
10
996.6943            
20
4957.2905           
30
45.4035             
1
 324
0
TEXT
8
HEIGHT
62
3
7
STD
40
0.25
41
1.0
50
0.0
51
0.0
10
996.6943            
20
4957.2905           
30
45.4035             
1
 45.403
0
TEXT
8
CO_ORDS
62
3
7
STD
40
0.25
41
1.0
50
0.0
51
0.0
10
996.6943            
20
4957.2905           
30
45.4035             
1
 996.694 4957.2900
INSERT
8
POINT
62
2
2
CROSS
10
994.5477            
20
4957.3295           
30
45.4697             
41
0.002
42
0.002
43
0.002
50
0.0
0
TEXT
8
CODE
62
3
7
STD
40
0.25
41
1.0
50
0.0
51
0.0
10
994.5477            
20
4957.3295           
30
45.4697             
1
 CALCADA
0
TEXT
8
PT_ID
62
3
7
STD
40
0.25
41
1.0
50
0.0
51
0.0
10
994.5477            
20
4957.3295           
30
45.4697             
1
 325
0
TEXT
8
HEIGHT
62
3
7
STD
40
0.25
41
1.0
50
0.0
51
0.0
10
994.5477            
20
4957.3295           
30
45.4697             
1
 45.470
0
TEXT
8
CO_ORDS
62
3
7
STD
40
0.25
41
1.0
50
0.0
51
0.0
10
994.5477            
20
4957.3295           
30
45.4697             
1
 994.548 4957.3300
INSERT
8
POINT
62
2
2
CROSS
10
994.5623            
20
4953.3317           
30
44.8718             
41
0.002
42
0.002
43
0.002
50
0.0
0
TEXT
8
CODE
62
3
7
STD
40
0.25
41
1.0
50
0.0
51
0.0
10
994.5623            
20
4953.3317           
30
44.8718             
1
 CALCADA
0
TEXT
8
PT_ID
62
3
7
STD
40
0.25
41
1.0
50
0.0
51
0.0
10
994.5623            
20
4953.3317           
30
44.8718             
1
 326
0
TEXT
8
HEIGHT
62
3
7
STD
40
0.25
41
1.0
50
0.0
51
0.0
10
994.5623            
20
4953.3317           
30
44.8718             
1
 44.872
0
TEXT
8
CO_ORDS
62
3
7
STD
40
0.25
41
1.0
50
0.0
51
0.0
10
994.5623            
20
4953.3317           
30
44.8718             
1
 994.562 4953.3320
INSERT
8
POINT
62
2
2
CROSS
10
996.6274            
20
4953.4079           
30
44.8163             
41
0.002
42
0.002
43
0.002
50
0.0
0
TEXT
8
CODE
62
3
7
STD
40
0.25
41
1.0
50
0.0
51
0.0
10
996.6274            
20
4953.4079           
30
44.8163             
1
 CALCADA
0
TEXT
8
PT_ID
62
3
7
STD
40
0.25
41
1.0
50
0.0
51
0.0
10
996.6274            
20
4953.4079           
30
44.8163             
1
 327
0
TEXT
8
HEIGHT
62
3
7
STD
40
0.25
41
1.0
50
0.0
51
0.0
10
996.6274            
20
4953.4079           
30
44.8163             
1
 44.816
0
TEXT
8
CO_ORDS
62
3
7
STD
40
0.25
41
1.0
50
0.0
51
0.0
10
996.6274            
20
4953.4079           
30
44.8163             
1
 996.627 4953.4080
INSERT
8
POINT
62
2
2
CROSS
10
996.6802            
20
4953.4067           
30
44.5982             
41
0.002
42
0.002
43
0.002
50
0.0
0
TEXT
8
CODE
62
3
7
STD
40
0.25
41
1.0
50
0.0
51
0.0
10
996.6802            
20
4953.4067           
30
44.5982             
1
 CALCADA
0
TEXT
8
PT_ID
62
3
7
STD
40
0.25
41
1.0
50
0.0
51
0.0
10
996.6802            
20
4953.4067           
30
44.5982             
1
 328
0
TEXT
8
HEIGHT
62
3
7
STD
40
0.25
41
1.0
50
0.0
51
0.0
10
996.6802            
20
4953.4067           
30
44.5982             
1
 44.598
0
TEXT
8
CO_ORDS
62
3
7
STD
40
0.25
41
1.0
50
0.0
51
0.0
10
996.6802            
20
4953.4067           
30
44.5982             
1
 996.680 4953.4070
INSERT
8
POINT
62
2
2
CROSS
10
996.5086            
20
4949.1602           
30
43.9281             
41
0.002
42
0.002
43
0.002
50
0.0
0
TEXT
8
CODE
62
3
7
STD
40
0.25
41
1.0
50
0.0
51
0.0
10
996.5086            
20
4949.1602           
30
43.9281             
1
 CALCADA
0
TEXT
8
PT_ID
62
3
7
STD
40
0.25
41
1.0
50
0.0
51
0.0
10
996.5086            
20
4949.1602           
30
43.9281             
1
 329
0
TEXT
8
HEIGHT
62
3
7
STD
40
0.25
41
1.0
50
0.0
51
0.0
10
996.5086            
20
4949.1602           
30
43.9281             
1
 43.928
0
TEXT
8
CO_ORDS
62
3
7
STD
40
0.25
41
1.0
50
0.0
51
0.0
10
996.5086            
20
4949.1602           
30
43.9281             
1
 996.509 4949.1600
INSERT
8
POINT
62
2
2
CROSS
10
996.4630            
20
4949.3045           
30
44.1481             
41
0.002
42
0.002
43
0.002
50
0.0
0
TEXT
8
CODE
62
3
7
STD
40
0.25
41
1.0
50
0.0
51
0.0
10
996.4630            
20
4949.3045           
30
44.1481             
1
 CALCADA
0
TEXT
8
PT_ID
62
3
7
STD
40
0.25
41
1.0
50
0.0
51
0.0
10
996.4630            
20
4949.3045           
30
44.1481             
1
 330
0
TEXT
8
HEIGHT
62
3
7
STD
40
0.25
41
1.0
50
0.0
51
0.0
10
996.4630            
20
4949.3045           
30
44.1481             
1
 44.148
0
TEXT
8
CO_ORDS
62
3
7
STD
40
0.25
41
1.0
50
0.0
51
0.0
10
996.4630            
20
4949.3045           
30
44.1481             
1
 996.463 4949.3050
INSERT
8
POINT
62
2
2
CROSS
10
994.4424            
20
4949.2614           
30
44.2463             
41
0.002
42
0.002
43
0.002
50
0.0
0
TEXT
8
CODE
62
3
7
STD
40
0.25
41
1.0
50
0.0
51
0.0
10
994.4424            
20
4949.2614           
30
44.2463             
1
 CALCADA
0
TEXT
8
PT_ID
62
3
7
STD
40
0.25
41
1.0
50
0.0
51
0.0
10
994.4424            
20
4949.2614           
30
44.2463             
1
 331
0
TEXT
8
HEIGHT
62
3
7
STD
40
0.25
41
1.0
50
0.0
51
0.0
10
994.4424            
20
4949.2614           
30
44.2463             
1
 44.246
0
TEXT
8
CO_ORDS
62
3
7
STD
40
0.25
41
1.0
50
0.0
51
0.0
10
994.4424            
20
4949.2614           
30
44.2463             
1
 994.442 4949.2610
INSERT
8
POINT
62
2
2
CROSS
10
994.9870            
20
4945.4780           
30
43.5570             
41
0.002
42
0.002
43
0.002
50
0.0
0
TEXT
8
CODE
62
3
7
STD
40
0.25
41
1.0
50
0.0
51
0.0
10
994.9870            
20
4945.4780           
30
43.5570             
1
 POSTE
0
TEXT
8
PT_ID
62
3
7
STD
40
0.25
41
1.0
50
0.0
51
0.0
10
994.9870            
20
4945.4780           
30
43.5570             
1
 332
0
TEXT
8
HEIGHT
62
3
7
STD
40
0.25
41
1.0
50
0.0
51
0.0
10
994.9870            
20
4945.4780           
30
43.5570             
1
 43.557
0
TEXT
8
CO_ORDS
62
3
7
STD
40
0.25
41
1.0
50
0.0
51
0.0
10
994.9870            
20
4945.4780           
30
43.5570             
1
 994.987 4945.4780
INSERT
8
POINT
62
2
2
CROSS
10
993.5119            
20
4975.8585           
30
47.8312             
41
0.002
42
0.002
43
0.002
50
0.0
0
TEXT
8
CODE
62
3
7
STD
40
0.25
41
1.0
50
0.0
51
0.0
10
993.5119            
20
4975.8585           
30
47.8312             
1
 POSTE
0
TEXT
8
PT_ID
62
3
7
STD
40
0.25
41
1.0
50
0.0
51
0.0
10
993.5119            
20
4975.8585           
30
47.8312             
1
 333
0
TEXT
8
HEIGHT
62
3
7
STD
40
0.25
41
1.0
50
0.0
51
0.0
10
993.5119            
20
4975.8585           
30
47.8312             
1
 47.831
0
TEXT
8
CO_ORDS
62
3
7
STD
40
0.25
41
1.0
50
0.0
51
0.0
10
993.5119            
20
4975.8585           
30
47.8312             
1
 993.512 4975.8590
INSERT
8
POINT
62
2
2
CROSS
10
918.4291            
20
5075.8212           
30
53.9198             
41
0.002
42
0.002
43
0.002
50
0.0
0
TEXT
8
CODE
62
3
7
STD
40
0.25
41
1.0
50
0.0
51
0.0
10
918.4291            
20
5075.8212           
30
53.9198             
1
 MURO
0
TEXT
8
PT_ID
62
3
7
STD
40
0.25
41
1.0
50
0.0
51
0.0
10
918.4291            
20
5075.8212           
30
53.9198             
1
 334
0
TEXT
8
HEIGHT
62
3
7
STD
40
0.25
41
1.0
50
0.0
51
0.0
10
918.4291            
20
5075.8212           
30
53.9198             
1
 53.920
0
TEXT
8
CO_ORDS
62
3
7
STD
40
0.25
41
1.0
50
0.0
51
0.0
10
918.4291            
20
5075.8212           
30
53.9198             
1
 918.429 5075.8210
INSERT
8
POINT
62
2
2
CROSS
10
913.0361            
20
5074.5648           
30
53.8423             
41
0.002
42
0.002
43
0.002
50
0.0
0
TEXT
8
CODE
62
3
7
STD
40
0.25
41
1.0
50
0.0
51
0.0
10
913.0361            
20
5074.5648           
30
53.8423             
1
 MCERCA
0
TEXT
8
PT_ID
62
3
7
STD
40
0.25
41
1.0
50
0.0
51
0.0
10
913.0361            
20
5074.5648           
30
53.8423             
1
 335
0
TEXT
8
HEIGHT
62
3
7
STD
40
0.25
41
1.0
50
0.0
51
0.0
10
913.0361            
20
5074.5648           
30
53.8423             
1
 53.842
0
TEXT
8
CO_ORDS
62
3
7
STD
40
0.25
41
1.0
50
0.0
51
0.0
10
913.0361            
20
5074.5648           
30
53.8423             
1
 913.036 5074.5650
INSERT
8
POINT
62
2
2
CROSS
10
913.6032            
20
5069.4795           
30
53.5197             
41
0.002
42
0.002
43
0.002
50
0.0
0
TEXT
8
CODE
62
3
7
STD
40
0.25
41
1.0
50
0.0
51
0.0
10
913.6032            
20
5069.4795           
30
53.5197             
1
 CERCA
0
TEXT
8
PT_ID
62
3
7
STD
40
0.25
41
1.0
50
0.0
51
0.0
10
913.6032            
20
5069.4795           
30
53.5197             
1
 336
0
TEXT
8
HEIGHT
62
3
7
STD
40
0.25
41
1.0
50
0.0
51
0.0
10
913.6032            
20
5069.4795           
30
53.5197             
1
 53.520
0
TEXT
8
CO_ORDS
62
3
7
STD
40
0.25
41
1.0
50
0.0
51
0.0
10
913.6032            
20
5069.4795           
30
53.5197             
1
 913.603 5069.4800
INSERT
8
POINT
62
2
2
CROSS
10
914.1718            
20
5064.6654           
30
53.3363             
41
0.002
42
0.002
43
0.002
50
0.0
0
TEXT
8
CODE
62
3
7
STD
40
0.25
41
1.0
50
0.0
51
0.0
10
914.1718            
20
5064.6654           
30
53.3363             
1
 CERCA
0
TEXT
8
PT_ID
62
3
7
STD
40
0.25
41
1.0
50
0.0
51
0.0
10
914.1718            
20
5064.6654           
30
53.3363             
1
 337
0
TEXT
8
HEIGHT
62
3
7
STD
40
0.25
41
1.0
50
0.0
51
0.0
10
914.1718            
20
5064.6654           
30
53.3363             
1
 53.336
0
TEXT
8
CO_ORDS
62
3
7
STD
40
0.25
41
1.0
50
0.0
51
0.0
10
914.1718            
20
5064.6654           
30
53.3363             
1
 914.172 5064.6650
INSERT
8
POINT
62
2
2
CROSS
10
914.7750            
20
5059.6533           
30
53.3377             
41
0.002
42
0.002
43
0.002
50
0.0
0
TEXT
8
CODE
62
3
7
STD
40
0.25
41
1.0
50
0.0
51
0.0
10
914.7750            
20
5059.6533           
30
53.3377             
1
 CERCA
0
TEXT
8
PT_ID
62
3
7
STD
40
0.25
41
1.0
50
0.0
51
0.0
10
914.7750            
20
5059.6533           
30
53.3377             
1
 338
0
TEXT
8
HEIGHT
62
3
7
STD
40
0.25
41
1.0
50
0.0
51
0.0
10
914.7750            
20
5059.6533           
30
53.3377             
1
 53.338
0
TEXT
8
CO_ORDS
62
3
7
STD
40
0.25
41
1.0
50
0.0
51
0.0
10
914.7750            
20
5059.6533           
30
53.3377             
1
 914.775 5059.6530
INSERT
8
POINT
62
2
2
CROSS
10
915.3420            
20
5054.7847           
30
53.1251             
41
0.002
42
0.002
43
0.002
50
0.0
0
TEXT
8
CODE
62
3
7
STD
40
0.25
41
1.0
50
0.0
51
0.0
10
915.3420            
20
5054.7847           
30
53.1251             
1
 CERCA
0
TEXT
8
PT_ID
62
3
7
STD
40
0.25
41
1.0
50
0.0
51
0.0
10
915.3420            
20
5054.7847           
30
53.1251             
1
 339
0
TEXT
8
HEIGHT
62
3
7
STD
40
0.25
41
1.0
50
0.0
51
0.0
10
915.3420            
20
5054.7847           
30
53.1251             
1
 53.125
0
TEXT
8
CO_ORDS
62
3
7
STD
40
0.25
41
1.0
50
0.0
51
0.0
10
915.3420            
20
5054.7847           
30
53.1251             
1
 915.342 5054.7850
INSERT
8
POINT
62
2
2
CROSS
10
915.9185            
20
5049.8715           
30
52.8810             
41
0.002
42
0.002
43
0.002
50
0.0
0
TEXT
8
CODE
62
3
7
STD
40
0.25
41
1.0
50
0.0
51
0.0
10
915.9185            
20
5049.8715           
30
52.8810             
1
 CERCA
0
TEXT
8
PT_ID
62
3
7
STD
40
0.25
41
1.0
50
0.0
51
0.0
10
915.9185            
20
5049.8715           
30
52.8810             
1
 340
0
TEXT
8
HEIGHT
62
3
7
STD
40
0.25
41
1.0
50
0.0
51
0.0
10
915.9185            
20
5049.8715           
30
52.8810             
1
 52.881
0
TEXT
8
CO_ORDS
62
3
7
STD
40
0.25
41
1.0
50
0.0
51
0.0
10
915.9185            
20
5049.8715           
30
52.8810             
1
 915.919 5049.8720
INSERT
8
POINT
62
2
2
CROSS
10
916.8695            
20
5042.5338           
30
52.6058             
41
0.002
42
0.002
43
0.002
50
0.0
0
TEXT
8
CODE
62
3
7
STD
40
0.25
41
1.0
50
0.0
51
0.0
10
916.8695            
20
5042.5338           
30
52.6058             
1
 CERCA
0
TEXT
8
PT_ID
62
3
7
STD
40
0.25
41
1.0
50
0.0
51
0.0
10
916.8695            
20
5042.5338           
30
52.6058             
1
 341
0
TEXT
8
HEIGHT
62
3
7
STD
40
0.25
41
1.0
50
0.0
51
0.0
10
916.8695            
20
5042.5338           
30
52.6058             
1
 52.606
0
TEXT
8
CO_ORDS
62
3
7
STD
40
0.25
41
1.0
50
0.0
51
0.0
10
916.8695            
20
5042.5338           
30
52.6058             
1
 916.870 5042.5340
INSERT
8
POINT
62
2
2
CROSS
10
917.4630            
20
5037.1998           
30
52.5743             
41
0.002
42
0.002
43
0.002
50
0.0
0
TEXT
8
CODE
62
3
7
STD
40
0.25
41
1.0
50
0.0
51
0.0
10
917.4630            
20
5037.1998           
30
52.5743             
1
 CERCA
0
TEXT
8
PT_ID
62
3
7
STD
40
0.25
41
1.0
50
0.0
51
0.0
10
917.4630            
20
5037.1998           
30
52.5743             
1
 342
0
TEXT
8
HEIGHT
62
3
7
STD
40
0.25
41
1.0
50
0.0
51
0.0
10
917.4630            
20
5037.1998           
30
52.5743             
1
 52.574
0
TEXT
8
CO_ORDS
62
3
7
STD
40
0.25
41
1.0
50
0.0
51
0.0
10
917.4630            
20
5037.1998           
30
52.5743             
1
 917.463 5037.2000
INSERT
8
POINT
62
2
2
CROSS
10
919.5044            
20
5044.4964           
30
53.0006             
41
0.002
42
0.002
43
0.002
50
0.0
0
TEXT
8
CODE
62
3
7
STD
40
0.25
41
1.0
50
0.0
51
0.0
10
919.5044            
20
5044.4964           
30
53.0006             
1
 POSTE
0
TEXT
8
PT_ID
62
3
7
STD
40
0.25
41
1.0
50
0.0
51
0.0
10
919.5044            
20
5044.4964           
30
53.0006             
1
 343
0
TEXT
8
HEIGHT
62
3
7
STD
40
0.25
41
1.0
50
0.0
51
0.0
10
919.5044            
20
5044.4964           
30
53.0006             
1
 53.001
0
TEXT
8
CO_ORDS
62
3
7
STD
40
0.25
41
1.0
50
0.0
51
0.0
10
919.5044            
20
5044.4964           
30
53.0006             
1
 919.504 5044.4960
INSERT
8
POINT
62
2
2
CROSS
10
923.7559            
20
5038.4121           
30
52.7118             
41
0.002
42
0.002
43
0.002
50
0.0
0
TEXT
8
CODE
62
3
7
STD
40
0.25
41
1.0
50
0.0
51
0.0
10
923.7559            
20
5038.4121           
30
52.7118             
1
 PN
0
TEXT
8
PT_ID
62
3
7
STD
40
0.25
41
1.0
50
0.0
51
0.0
10
923.7559            
20
5038.4121           
30
52.7118             
1
 344
0
TEXT
8
HEIGHT
62
3
7
STD
40
0.25
41
1.0
50
0.0
51
0.0
10
923.7559            
20
5038.4121           
30
52.7118             
1
 52.712
0
TEXT
8
CO_ORDS
62
3
7
STD
40
0.25
41
1.0
50
0.0
51
0.0
10
923.7559            
20
5038.4121           
30
52.7118             
1
 923.756 5038.4120
INSERT
8
POINT
62
2
2
CROSS
10
929.3064            
20
5038.8282           
30
52.6116             
41
0.002
42
0.002
43
0.002
50
0.0
0
TEXT
8
CODE
62
3
7
STD
40
0.25
41
1.0
50
0.0
51
0.0
10
929.3064            
20
5038.8282           
30
52.6116             
1
 PN
0
TEXT
8
PT_ID
62
3
7
STD
40
0.25
41
1.0
50
0.0
51
0.0
10
929.3064            
20
5038.8282           
30
52.6116             
1
 345
0
TEXT
8
HEIGHT
62
3
7
STD
40
0.25
41
1.0
50
0.0
51
0.0
10
929.3064            
20
5038.8282           
30
52.6116             
1
 52.612
0
TEXT
8
CO_ORDS
62
3
7
STD
40
0.25
41
1.0
50
0.0
51
0.0
10
929.3064            
20
5038.8282           
30
52.6116             
1
 929.306 5038.8280
INSERT
8
POINT
62
2
2
CROSS
10
935.2196            
20
5039.1419           
30
52.6763             
41
0.002
42
0.002
43
0.002
50
0.0
0
TEXT
8
CODE
62
3
7
STD
40
0.25
41
1.0
50
0.0
51
0.0
10
935.2196            
20
5039.1419           
30
52.6763             
1
 PN
0
TEXT
8
PT_ID
62
3
7
STD
40
0.25
41
1.0
50
0.0
51
0.0
10
935.2196            
20
5039.1419           
30
52.6763             
1
 346
0
TEXT
8
HEIGHT
62
3
7
STD
40
0.25
41
1.0
50
0.0
51
0.0
10
935.2196            
20
5039.1419           
30
52.6763             
1
 52.676
0
TEXT
8
CO_ORDS
62
3
7
STD
40
0.25
41
1.0
50
0.0
51
0.0
10
935.2196            
20
5039.1419           
30
52.6763             
1
 935.220 5039.1420
INSERT
8
POINT
62
2
2
CROSS
10
940.6544            
20
5040.2323           
30
52.4774             
41
0.002
42
0.002
43
0.002
50
0.0
0
TEXT
8
CODE
62
3
7
STD
40
0.25
41
1.0
50
0.0
51
0.0
10
940.6544            
20
5040.2323           
30
52.4774             
1
 PN
0
TEXT
8
PT_ID
62
3
7
STD
40
0.25
41
1.0
50
0.0
51
0.0
10
940.6544            
20
5040.2323           
30
52.4774             
1
 347
0
TEXT
8
HEIGHT
62
3
7
STD
40
0.25
41
1.0
50
0.0
51
0.0
10
940.6544            
20
5040.2323           
30
52.4774             
1
 52.477
0
TEXT
8
CO_ORDS
62
3
7
STD
40
0.25
41
1.0
50
0.0
51
0.0
10
940.6544            
20
5040.2323           
30
52.4774             
1
 940.654 5040.2320
INSERT
8
POINT
62
2
2
CROSS
10
946.4400            
20
5041.0071           
30
52.6354             
41
0.002
42
0.002
43
0.002
50
0.0
0
TEXT
8
CODE
62
3
7
STD
40
0.25
41
1.0
50
0.0
51
0.0
10
946.4400            
20
5041.0071           
30
52.6354             
1
 PN
0
TEXT
8
PT_ID
62
3
7
STD
40
0.25
41
1.0
50
0.0
51
0.0
10
946.4400            
20
5041.0071           
30
52.6354             
1
 348
0
TEXT
8
HEIGHT
62
3
7
STD
40
0.25
41
1.0
50
0.0
51
0.0
10
946.4400            
20
5041.0071           
30
52.6354             
1
 52.635
0
TEXT
8
CO_ORDS
62
3
7
STD
40
0.25
41
1.0
50
0.0
51
0.0
10
946.4400            
20
5041.0071           
30
52.6354             
1
 946.440 5041.0070
INSERT
8
POINT
62
2
2
CROSS
10
935.6521            
20
5047.0527           
30
53.0314             
41
0.002
42
0.002
43
0.002
50
0.0
0
TEXT
8
CODE
62
3
7
STD
40
0.25
41
1.0
50
0.0
51
0.0
10
935.6521            
20
5047.0527           
30
53.0314             
1
 PN
0
TEXT
8
PT_ID
62
3
7
STD
40
0.25
41
1.0
50
0.0
51
0.0
10
935.6521            
20
5047.0527           
30
53.0314             
1
 349
0
TEXT
8
HEIGHT
62
3
7
STD
40
0.25
41
1.0
50
0.0
51
0.0
10
935.6521            
20
5047.0527           
30
53.0314             
1
 53.031
0
TEXT
8
CO_ORDS
62
3
7
STD
40
0.25
41
1.0
50
0.0
51
0.0
10
935.6521            
20
5047.0527           
30
53.0314             
1
 935.652 5047.0530
INSERT
8
POINT
62
2
2
CROSS
10
934.8162            
20
5046.5842           
30
52.8869             
41
0.002
42
0.002
43
0.002
50
0.0
0
TEXT
8
CODE
62
3
7
STD
40
0.25
41
1.0
50
0.0
51
0.0
10
934.8162            
20
5046.5842           
30
52.8869             
1
 PN
0
TEXT
8
PT_ID
62
3
7
STD
40
0.25
41
1.0
50
0.0
51
0.0
10
934.8162            
20
5046.5842           
30
52.8869             
1
 350
0
TEXT
8
HEIGHT
62
3
7
STD
40
0.25
41
1.0
50
0.0
51
0.0
10
934.8162            
20
5046.5842           
30
52.8869             
1
 52.887
0
TEXT
8
CO_ORDS
62
3
7
STD
40
0.25
41
1.0
50
0.0
51
0.0
10
934.8162            
20
5046.5842           
30
52.8869             
1
 934.816 5046.5840
INSERT
8
POINT
62
2
2
CROSS
10
928.9899            
20
5045.4072           
30
52.9498             
41
0.002
42
0.002
43
0.002
50
0.0
0
TEXT
8
CODE
62
3
7
STD
40
0.25
41
1.0
50
0.0
51
0.0
10
928.9899            
20
5045.4072           
30
52.9498             
1
 PN
0
TEXT
8
PT_ID
62
3
7
STD
40
0.25
41
1.0
50
0.0
51
0.0
10
928.9899            
20
5045.4072           
30
52.9498             
1
 351
0
TEXT
8
HEIGHT
62
3
7
STD
40
0.25
41
1.0
50
0.0
51
0.0
10
928.9899            
20
5045.4072           
30
52.9498             
1
 52.950
0
TEXT
8
CO_ORDS
62
3
7
STD
40
0.25
41
1.0
50
0.0
51
0.0
10
928.9899            
20
5045.4072           
30
52.9498             
1
 928.990 5045.4070
INSERT
8
POINT
62
2
2
CROSS
10
923.5753            
20
5044.7838           
30
52.8514             
41
0.002
42
0.002
43
0.002
50
0.0
0
TEXT
8
CODE
62
3
7
STD
40
0.25
41
1.0
50
0.0
51
0.0
10
923.5753            
20
5044.7838           
30
52.8514             
1
 PN
0
TEXT
8
PT_ID
62
3
7
STD
40
0.25
41
1.0
50
0.0
51
0.0
10
923.5753            
20
5044.7838           
30
52.8514             
1
 352
0
TEXT
8
HEIGHT
62
3
7
STD
40
0.25
41
1.0
50
0.0
51
0.0
10
923.5753            
20
5044.7838           
30
52.8514             
1
 52.851
0
TEXT
8
CO_ORDS
62
3
7
STD
40
0.25
41
1.0
50
0.0
51
0.0
10
923.5753            
20
5044.7838           
30
52.8514             
1
 923.575 5044.7840
INSERT
8
POINT
62
2
2
CROSS
10
931.1522            
20
5051.2270           
30
53.1365             
41
0.002
42
0.002
43
0.002
50
0.0
0
TEXT
8
CODE
62
3
7
STD
40
0.25
41
1.0
50
0.0
51
0.0
10
931.1522            
20
5051.2270           
30
53.1365             
1
 PN
0
TEXT
8
PT_ID
62
3
7
STD
40
0.25
41
1.0
50
0.0
51
0.0
10
931.1522            
20
5051.2270           
30
53.1365             
1
 353
0
TEXT
8
HEIGHT
62
3
7
STD
40
0.25
41
1.0
50
0.0
51
0.0
10
931.1522            
20
5051.2270           
30
53.1365             
1
 53.137
0
TEXT
8
CO_ORDS
62
3
7
STD
40
0.25
41
1.0
50
0.0
51
0.0
10
931.1522            
20
5051.2270           
30
53.1365             
1
 931.152 5051.2270
INSERT
8
POINT
62
2
2
CROSS
10
925.3709            
20
5050.1031           
30
53.0916             
41
0.002
42
0.002
43
0.002
50
0.0
0
TEXT
8
CODE
62
3
7
STD
40
0.25
41
1.0
50
0.0
51
0.0
10
925.3709            
20
5050.1031           
30
53.0916             
1
 PN
0
TEXT
8
PT_ID
62
3
7
STD
40
0.25
41
1.0
50
0.0
51
0.0
10
925.3709            
20
5050.1031           
30
53.0916             
1
 354
0
TEXT
8
HEIGHT
62
3
7
STD
40
0.25
41
1.0
50
0.0
51
0.0
10
925.3709            
20
5050.1031           
30
53.0916             
1
 53.092
0
TEXT
8
CO_ORDS
62
3
7
STD
40
0.25
41
1.0
50
0.0
51
0.0
10
925.3709            
20
5050.1031           
30
53.0916             
1
 925.371 5050.1030
INSERT
8
POINT
62
2
2
CROSS
10
919.6261            
20
5049.7563           
30
53.0466             
41
0.002
42
0.002
43
0.002
50
0.0
0
TEXT
8
CODE
62
3
7
STD
40
0.25
41
1.0
50
0.0
51
0.0
10
919.6261            
20
5049.7563           
30
53.0466             
1
 PN
0
TEXT
8
PT_ID
62
3
7
STD
40
0.25
41
1.0
50
0.0
51
0.0
10
919.6261            
20
5049.7563           
30
53.0466             
1
 355
0
TEXT
8
HEIGHT
62
3
7
STD
40
0.25
41
1.0
50
0.0
51
0.0
10
919.6261            
20
5049.7563           
30
53.0466             
1
 53.047
0
TEXT
8
CO_ORDS
62
3
7
STD
40
0.25
41
1.0
50
0.0
51
0.0
10
919.6261            
20
5049.7563           
30
53.0466             
1
 919.626 5049.7560
INSERT
8
POINT
62
2
2
CROSS
10
927.3811            
20
5057.1223           
30
53.2957             
41
0.002
42
0.002
43
0.002
50
0.0
0
TEXT
8
CODE
62
3
7
STD
40
0.25
41
1.0
50
0.0
51
0.0
10
927.3811            
20
5057.1223           
30
53.2957             
1
 PN
0
TEXT
8
PT_ID
62
3
7
STD
40
0.25
41
1.0
50
0.0
51
0.0
10
927.3811            
20
5057.1223           
30
53.2957             
1
 356
0
TEXT
8
HEIGHT
62
3
7
STD
40
0.25
41
1.0
50
0.0
51
0.0
10
927.3811            
20
5057.1223           
30
53.2957             
1
 53.296
0
TEXT
8
CO_ORDS
62
3
7
STD
40
0.25
41
1.0
50
0.0
51
0.0
10
927.3811            
20
5057.1223           
30
53.2957             
1
 927.381 5057.1220
INSERT
8
POINT
62
2
2
CROSS
10
922.2593            
20
5055.7790           
30
53.2554             
41
0.002
42
0.002
43
0.002
50
0.0
0
TEXT
8
CODE
62
3
7
STD
40
0.25
41
1.0
50
0.0
51
0.0
10
922.2593            
20
5055.7790           
30
53.2554             
1
 PN
0
TEXT
8
PT_ID
62
3
7
STD
40
0.25
41
1.0
50
0.0
51
0.0
10
922.2593            
20
5055.7790           
30
53.2554             
1
 357
0
TEXT
8
HEIGHT
62
3
7
STD
40
0.25
41
1.0
50
0.0
51
0.0
10
922.2593            
20
5055.7790           
30
53.2554             
1
 53.255
0
TEXT
8
CO_ORDS
62
3
7
STD
40
0.25
41
1.0
50
0.0
51
0.0
10
922.2593            
20
5055.7790           
30
53.2554             
1
 922.259 5055.7790
INSERT
8
POINT
62
2
2
CROSS
10
917.4901            
20
5055.2530           
30
53.2774             
41
0.002
42
0.002
43
0.002
50
0.0
0
TEXT
8
CODE
62
3
7
STD
40
0.25
41
1.0
50
0.0
51
0.0
10
917.4901            
20
5055.2530           
30
53.2774             
1
 PN
0
TEXT
8
PT_ID
62
3
7
STD
40
0.25
41
1.0
50
0.0
51
0.0
10
917.4901            
20
5055.2530           
30
53.2774             
1
 358
0
TEXT
8
HEIGHT
62
3
7
STD
40
0.25
41
1.0
50
0.0
51
0.0
10
917.4901            
20
5055.2530           
30
53.2774             
1
 53.277
0
TEXT
8
CO_ORDS
62
3
7
STD
40
0.25
41
1.0
50
0.0
51
0.0
10
917.4901            
20
5055.2530           
30
53.2774             
1
 917.490 5055.2530
INSERT
8
POINT
62
2
2
CROSS
10
916.5050            
20
5059.9118           
30
53.0976             
41
0.002
42
0.002
43
0.002
50
0.0
0
TEXT
8
CODE
62
3
7
STD
40
0.25
41
1.0
50
0.0
51
0.0
10
916.5050            
20
5059.9118           
30
53.0976             
1
 PN
0
TEXT
8
PT_ID
62
3
7
STD
40
0.25
41
1.0
50
0.0
51
0.0
10
916.5050            
20
5059.9118           
30
53.0976             
1
 359
0
TEXT
8
HEIGHT
62
3
7
STD
40
0.25
41
1.0
50
0.0
51
0.0
10
916.5050            
20
5059.9118           
30
53.0976             
1
 53.098
0
TEXT
8
CO_ORDS
62
3
7
STD
40
0.25
41
1.0
50
0.0
51
0.0
10
916.5050            
20
5059.9118           
30
53.0976             
1
 916.505 5059.9120
INSERT
8
POINT
62
2
2
CROSS
10
921.5574            
20
5063.0393           
30
53.3044             
41
0.002
42
0.002
43
0.002
50
0.0
0
TEXT
8
CODE
62
3
7
STD
40
0.25
41
1.0
50
0.0
51
0.0
10
921.5574            
20
5063.0393           
30
53.3044             
1
 PN
0
TEXT
8
PT_ID
62
3
7
STD
40
0.25
41
1.0
50
0.0
51
0.0
10
921.5574            
20
5063.0393           
30
53.3044             
1
 360
0
TEXT
8
HEIGHT
62
3
7
STD
40
0.25
41
1.0
50
0.0
51
0.0
10
921.5574            
20
5063.0393           
30
53.3044             
1
 53.304
0
TEXT
8
CO_ORDS
62
3
7
STD
40
0.25
41
1.0
50
0.0
51
0.0
10
921.5574            
20
5063.0393           
30
53.3044             
1
 921.557 5063.0390
INSERT
8
POINT
62
2
2
CROSS
10
921.0093            
20
5067.7608           
30
53.4216             
41
0.002
42
0.002
43
0.002
50
0.0
0
TEXT
8
CODE
62
3
7
STD
40
0.25
41
1.0
50
0.0
51
0.0
10
921.0093            
20
5067.7608           
30
53.4216             
1
 PN
0
TEXT
8
PT_ID
62
3
7
STD
40
0.25
41
1.0
50
0.0
51
0.0
10
921.0093            
20
5067.7608           
30
53.4216             
1
 361
0
TEXT
8
HEIGHT
62
3
7
STD
40
0.25
41
1.0
50
0.0
51
0.0
10
921.0093            
20
5067.7608           
30
53.4216             
1
 53.422
0
TEXT
8
CO_ORDS
62
3
7
STD
40
0.25
41
1.0
50
0.0
51
0.0
10
921.0093            
20
5067.7608           
30
53.4216             
1
 921.009 5067.7610
INSERT
8
POINT
62
2
2
CROSS
10
915.3001            
20
5067.3611           
30
53.2896             
41
0.002
42
0.002
43
0.002
50
0.0
0
TEXT
8
CODE
62
3
7
STD
40
0.25
41
1.0
50
0.0
51
0.0
10
915.3001            
20
5067.3611           
30
53.2896             
1
 PN
0
TEXT
8
PT_ID
62
3
7
STD
40
0.25
41
1.0
50
0.0
51
0.0
10
915.3001            
20
5067.3611           
30
53.2896             
1
 362
0
TEXT
8
HEIGHT
62
3
7
STD
40
0.25
41
1.0
50
0.0
51
0.0
10
915.3001            
20
5067.3611           
30
53.2896             
1
 53.290
0
TEXT
8
CO_ORDS
62
3
7
STD
40
0.25
41
1.0
50
0.0
51
0.0
10
915.3001            
20
5067.3611           
30
53.2896             
1
 915.300 5067.3610
INSERT
8
POINT
62
2
2
CROSS
10
914.1782            
20
5072.2584           
30
53.4861             
41
0.002
42
0.002
43
0.002
50
0.0
0
TEXT
8
CODE
62
3
7
STD
40
0.25
41
1.0
50
0.0
51
0.0
10
914.1782            
20
5072.2584           
30
53.4861             
1
 PN
0
TEXT
8
PT_ID
62
3
7
STD
40
0.25
41
1.0
50
0.0
51
0.0
10
914.1782            
20
5072.2584           
30
53.4861             
1
 363
0
TEXT
8
HEIGHT
62
3
7
STD
40
0.25
41
1.0
50
0.0
51
0.0
10
914.1782            
20
5072.2584           
30
53.4861             
1
 53.486
0
TEXT
8
CO_ORDS
62
3
7
STD
40
0.25
41
1.0
50
0.0
51
0.0
10
914.1782            
20
5072.2584           
30
53.4861             
1
 914.178 5072.2580
INSERT
8
POINT
62
2
2
CROSS
10
918.9541            
20
5073.2083           
30
53.5951             
41
0.002
42
0.002
43
0.002
50
0.0
0
TEXT
8
CODE
62
3
7
STD
40
0.25
41
1.0
50
0.0
51
0.0
10
918.9541            
20
5073.2083           
30
53.5951             
1
 PN
0
TEXT
8
PT_ID
62
3
7
STD
40
0.25
41
1.0
50
0.0
51
0.0
10
918.9541            
20
5073.2083           
30
53.5951             
1
 364
0
TEXT
8
HEIGHT
62
3
7
STD
40
0.25
41
1.0
50
0.0
51
0.0
10
918.9541            
20
5073.2083           
30
53.5951             
1
 53.595
0
TEXT
8
CO_ORDS
62
3
7
STD
40
0.25
41
1.0
50
0.0
51
0.0
10
918.9541            
20
5073.2083           
30
53.5951             
1
 918.954 5073.2080
INSERT
8
POINT
62
2
2
CROSS
10
927.2338            
20
5036.6346           
30
52.6075             
41
0.002
42
0.002
43
0.002
50
0.0
0
TEXT
8
CODE
62
3
7
STD
40
0.25
41
1.0
50
0.0
51
0.0
10
927.2338            
20
5036.6346           
30
52.6075             
1
 PN
0
TEXT
8
PT_ID
62
3
7
STD
40
0.25
41
1.0
50
0.0
51
0.0
10
927.2338            
20
5036.6346           
30
52.6075             
1
 365
0
TEXT
8
HEIGHT
62
3
7
STD
40
0.25
41
1.0
50
0.0
51
0.0
10
927.2338            
20
5036.6346           
30
52.6075             
1
 52.607
0
TEXT
8
CO_ORDS
62
3
7
STD
40
0.25
41
1.0
50
0.0
51
0.0
10
927.2338            
20
5036.6346           
30
52.6075             
1
 927.234 5036.6350
INSERT
8
POINT
62
2
2
CROSS
10
930.0578            
20
5031.5032           
30
52.0132             
41
0.002
42
0.002
43
0.002
50
0.0
0
TEXT
8
CODE
62
3
7
STD
40
0.25
41
1.0
50
0.0
51
0.0
10
930.0578            
20
5031.5032           
30
52.0132             
1
 PN
0
TEXT
8
PT_ID
62
3
7
STD
40
0.25
41
1.0
50
0.0
51
0.0
10
930.0578            
20
5031.5032           
30
52.0132             
1
 366
0
TEXT
8
HEIGHT
62
3
7
STD
40
0.25
41
1.0
50
0.0
51
0.0
10
930.0578            
20
5031.5032           
30
52.0132             
1
 52.013
0
TEXT
8
CO_ORDS
62
3
7
STD
40
0.25
41
1.0
50
0.0
51
0.0
10
930.0578            
20
5031.5032           
30
52.0132             
1
 930.058 5031.5030
INSERT
8
POINT
62
2
2
CROSS
10
935.4794            
20
5033.0169           
30
51.5863             
41
0.002
42
0.002
43
0.002
50
0.0
0
TEXT
8
CODE
62
3
7
STD
40
0.25
41
1.0
50
0.0
51
0.0
10
935.4794            
20
5033.0169           
30
51.5863             
1
 PN
0
TEXT
8
PT_ID
62
3
7
STD
40
0.25
41
1.0
50
0.0
51
0.0
10
935.4794            
20
5033.0169           
30
51.5863             
1
 367
0
TEXT
8
HEIGHT
62
3
7
STD
40
0.25
41
1.0
50
0.0
51
0.0
10
935.4794            
20
5033.0169           
30
51.5863             
1
 51.586
0
TEXT
8
CO_ORDS
62
3
7
STD
40
0.25
41
1.0
50
0.0
51
0.0
10
935.4794            
20
5033.0169           
30
51.5863             
1
 935.479 5033.0170
INSERT
8
POINT
62
2
2
CROSS
10
940.8213            
20
5033.6402           
30
51.6637             
41
0.002
42
0.002
43
0.002
50
0.0
0
TEXT
8
CODE
62
3
7
STD
40
0.25
41
1.0
50
0.0
51
0.0
10
940.8213            
20
5033.6402           
30
51.6637             
1
 PN
0
TEXT
8
PT_ID
62
3
7
STD
40
0.25
41
1.0
50
0.0
51
0.0
10
940.8213            
20
5033.6402           
30
51.6637             
1
 368
0
TEXT
8
HEIGHT
62
3
7
STD
40
0.25
41
1.0
50
0.0
51
0.0
10
940.8213            
20
5033.6402           
30
51.6637             
1
 51.664
0
TEXT
8
CO_ORDS
62
3
7
STD
40
0.25
41
1.0
50
0.0
51
0.0
10
940.8213            
20
5033.6402           
30
51.6637             
1
 940.821 5033.6400
INSERT
8
POINT
62
2
2
CROSS
10
946.7447            
20
5034.5014           
30
51.5521             
41
0.002
42
0.002
43
0.002
50
0.0
0
TEXT
8
CODE
62
3
7
STD
40
0.25
41
1.0
50
0.0
51
0.0
10
946.7447            
20
5034.5014           
30
51.5521             
1
 PN
0
TEXT
8
PT_ID
62
3
7
STD
40
0.25
41
1.0
50
0.0
51
0.0
10
946.7447            
20
5034.5014           
30
51.5521             
1
 369
0
TEXT
8
HEIGHT
62
3
7
STD
40
0.25
41
1.0
50
0.0
51
0.0
10
946.7447            
20
5034.5014           
30
51.5521             
1
 51.552
0
TEXT
8
CO_ORDS
62
3
7
STD
40
0.25
41
1.0
50
0.0
51
0.0
10
946.7447            
20
5034.5014           
30
51.5521             
1
 946.745 5034.5010
INSERT
8
POINT
62
2
2
CROSS
10
951.6760            
20
5034.4233           
30
52.3161             
41
0.002
42
0.002
43
0.002
50
0.0
0
TEXT
8
CODE
62
3
7
STD
40
0.25
41
1.0
50
0.0
51
0.0
10
951.6760            
20
5034.4233           
30
52.3161             
1
 PN
0
TEXT
8
PT_ID
62
3
7
STD
40
0.25
41
1.0
50
0.0
51
0.0
10
951.6760            
20
5034.4233           
30
52.3161             
1
 370
0
TEXT
8
HEIGHT
62
3
7
STD
40
0.25
41
1.0
50
0.0
51
0.0
10
951.6760            
20
5034.4233           
30
52.3161             
1
 52.316
0
TEXT
8
CO_ORDS
62
3
7
STD
40
0.25
41
1.0
50
0.0
51
0.0
10
951.6760            
20
5034.4233           
30
52.3161             
1
 951.676 5034.4230
INSERT
8
POINT
62
2
2
CROSS
10
956.7132            
20
5033.1843           
30
52.1613             
41
0.002
42
0.002
43
0.002
50
0.0
0
TEXT
8
CODE
62
3
7
STD
40
0.25
41
1.0
50
0.0
51
0.0
10
956.7132            
20
5033.1843           
30
52.1613             
1
 PN
0
TEXT
8
PT_ID
62
3
7
STD
40
0.25
41
1.0
50
0.0
51
0.0
10
956.7132            
20
5033.1843           
30
52.1613             
1
 371
0
TEXT
8
HEIGHT
62
3
7
STD
40
0.25
41
1.0
50
0.0
51
0.0
10
956.7132            
20
5033.1843           
30
52.1613             
1
 52.161
0
TEXT
8
CO_ORDS
62
3
7
STD
40
0.25
41
1.0
50
0.0
51
0.0
10
956.7132            
20
5033.1843           
30
52.1613             
1
 956.713 5033.1840
INSERT
8
POINT
62
2
2
CROSS
10
961.1870            
20
5030.3406           
30
52.0430             
41
0.002
42
0.002
43
0.002
50
0.0
0
TEXT
8
CODE
62
3
7
STD
40
0.25
41
1.0
50
0.0
51
0.0
10
961.1870            
20
5030.3406           
30
52.0430             
1
 PN
0
TEXT
8
PT_ID
62
3
7
STD
40
0.25
41
1.0
50
0.0
51
0.0
10
961.1870            
20
5030.3406           
30
52.0430             
1
 372
0
TEXT
8
HEIGHT
62
3
7
STD
40
0.25
41
1.0
50
0.0
51
0.0
10
961.1870            
20
5030.3406           
30
52.0430             
1
 52.043
0
TEXT
8
CO_ORDS
62
3
7
STD
40
0.25
41
1.0
50
0.0
51
0.0
10
961.1870            
20
5030.3406           
30
52.0430             
1
 961.187 5030.3410
INSERT
8
POINT
62
2
2
CROSS
10
966.1935            
20
5027.2436           
30
51.5473             
41
0.002
42
0.002
43
0.002
50
0.0
0
TEXT
8
CODE
62
3
7
STD
40
0.25
41
1.0
50
0.0
51
0.0
10
966.1935            
20
5027.2436           
30
51.5473             
1
 PN
0
TEXT
8
PT_ID
62
3
7
STD
40
0.25
41
1.0
50
0.0
51
0.0
10
966.1935            
20
5027.2436           
30
51.5473             
1
 373
0
TEXT
8
HEIGHT
62
3
7
STD
40
0.25
41
1.0
50
0.0
51
0.0
10
966.1935            
20
5027.2436           
30
51.5473             
1
 51.547
0
TEXT
8
CO_ORDS
62
3
7
STD
40
0.25
41
1.0
50
0.0
51
0.0
10
966.1935            
20
5027.2436           
30
51.5473             
1
 966.194 5027.2440
INSERT
8
POINT
62
2
2
CROSS
10
968.3319            
20
5022.2603           
30
51.6477             
41
0.002
42
0.002
43
0.002
50
0.0
0
TEXT
8
CODE
62
3
7
STD
40
0.25
41
1.0
50
0.0
51
0.0
10
968.3319            
20
5022.2603           
30
51.6477             
1
 PN
0
TEXT
8
PT_ID
62
3
7
STD
40
0.25
41
1.0
50
0.0
51
0.0
10
968.3319            
20
5022.2603           
30
51.6477             
1
 374
0
TEXT
8
HEIGHT
62
3
7
STD
40
0.25
41
1.0
50
0.0
51
0.0
10
968.3319            
20
5022.2603           
30
51.6477             
1
 51.648
0
TEXT
8
CO_ORDS
62
3
7
STD
40
0.25
41
1.0
50
0.0
51
0.0
10
968.3319            
20
5022.2603           
30
51.6477             
1
 968.332 5022.2600
INSERT
8
POINT
62
2
2
CROSS
10
970.4313            
20
5017.3346           
30
51.3365             
41
0.002
42
0.002
43
0.002
50
0.0
0
TEXT
8
CODE
62
3
7
STD
40
0.25
41
1.0
50
0.0
51
0.0
10
970.4313            
20
5017.3346           
30
51.3365             
1
 PN
0
TEXT
8
PT_ID
62
3
7
STD
40
0.25
41
1.0
50
0.0
51
0.0
10
970.4313            
20
5017.3346           
30
51.3365             
1
 375
0
TEXT
8
HEIGHT
62
3
7
STD
40
0.25
41
1.0
50
0.0
51
0.0
10
970.4313            
20
5017.3346           
30
51.3365             
1
 51.337
0
TEXT
8
CO_ORDS
62
3
7
STD
40
0.25
41
1.0
50
0.0
51
0.0
10
970.4313            
20
5017.3346           
30
51.3365             
1
 970.431 5017.3350
INSERT
8
POINT
62
2
2
CROSS
10
973.2737            
20
5011.8672           
30
51.2268             
41
0.002
42
0.002
43
0.002
50
0.0
0
TEXT
8
CODE
62
3
7
STD
40
0.25
41
1.0
50
0.0
51
0.0
10
973.2737            
20
5011.8672           
30
51.2268             
1
 PN
0
TEXT
8
PT_ID
62
3
7
STD
40
0.25
41
1.0
50
0.0
51
0.0
10
973.2737            
20
5011.8672           
30
51.2268             
1
 376
0
TEXT
8
HEIGHT
62
3
7
STD
40
0.25
41
1.0
50
0.0
51
0.0
10
973.2737            
20
5011.8672           
30
51.2268             
1
 51.227
0
TEXT
8
CO_ORDS
62
3
7
STD
40
0.25
41
1.0
50
0.0
51
0.0
10
973.2737            
20
5011.8672           
30
51.2268             
1
 973.274 5011.8670
INSERT
8
POINT
62
2
2
CROSS
10
975.8380            
20
5006.6211           
30
51.1265             
41
0.002
42
0.002
43
0.002
50
0.0
0
TEXT
8
CODE
62
3
7
STD
40
0.25
41
1.0
50
0.0
51
0.0
10
975.8380            
20
5006.6211           
30
51.1265             
1
 PN
0
TEXT
8
PT_ID
62
3
7
STD
40
0.25
41
1.0
50
0.0
51
0.0
10
975.8380            
20
5006.6211           
30
51.1265             
1
 377
0
TEXT
8
HEIGHT
62
3
7
STD
40
0.25
41
1.0
50
0.0
51
0.0
10
975.8380            
20
5006.6211           
30
51.1265             
1
 51.126
0
TEXT
8
CO_ORDS
62
3
7
STD
40
0.25
41
1.0
50
0.0
51
0.0
10
975.8380            
20
5006.6211           
30
51.1265             
1
 975.838 5006.6210
INSERT
8
POINT
62
2
2
CROSS
10
974.9332            
20
5005.7381           
30
50.4489             
41
0.002
42
0.002
43
0.002
50
0.0
0
TEXT
8
CODE
62
3
7
STD
40
0.25
41
1.0
50
0.0
51
0.0
10
974.9332            
20
5005.7381           
30
50.4489             
1
 PN
0
TEXT
8
PT_ID
62
3
7
STD
40
0.25
41
1.0
50
0.0
51
0.0
10
974.9332            
20
5005.7381           
30
50.4489             
1
 378
0
TEXT
8
HEIGHT
62
3
7
STD
40
0.25
41
1.0
50
0.0
51
0.0
10
974.9332            
20
5005.7381           
30
50.4489             
1
 50.449
0
TEXT
8
CO_ORDS
62
3
7
STD
40
0.25
41
1.0
50
0.0
51
0.0
10
974.9332            
20
5005.7381           
30
50.4489             
1
 974.933 5005.7380
INSERT
8
POINT
62
2
2
CROSS
10
972.1042            
20
5010.8929           
30
50.5961             
41
0.002
42
0.002
43
0.002
50
0.0
0
TEXT
8
CODE
62
3
7
STD
40
0.25
41
1.0
50
0.0
51
0.0
10
972.1042            
20
5010.8929           
30
50.5961             
1
 PN
0
TEXT
8
PT_ID
62
3
7
STD
40
0.25
41
1.0
50
0.0
51
0.0
10
972.1042            
20
5010.8929           
30
50.5961             
1
 379
0
TEXT
8
HEIGHT
62
3
7
STD
40
0.25
41
1.0
50
0.0
51
0.0
10
972.1042            
20
5010.8929           
30
50.5961             
1
 50.596
0
TEXT
8
CO_ORDS
62
3
7
STD
40
0.25
41
1.0
50
0.0
51
0.0
10
972.1042            
20
5010.8929           
30
50.5961             
1
 972.104 5010.8930
INSERT
8
POINT
62
2
2
CROSS
10
969.5632            
20
5016.6286           
30
50.7115             
41
0.002
42
0.002
43
0.002
50
0.0
0
TEXT
8
CODE
62
3
7
STD
40
0.25
41
1.0
50
0.0
51
0.0
10
969.5632            
20
5016.6286           
30
50.7115             
1
 PN
0
TEXT
8
PT_ID
62
3
7
STD
40
0.25
41
1.0
50
0.0
51
0.0
10
969.5632            
20
5016.6286           
30
50.7115             
1
 380
0
TEXT
8
HEIGHT
62
3
7
STD
40
0.25
41
1.0
50
0.0
51
0.0
10
969.5632            
20
5016.6286           
30
50.7115             
1
 50.712
0
TEXT
8
CO_ORDS
62
3
7
STD
40
0.25
41
1.0
50
0.0
51
0.0
10
969.5632            
20
5016.6286           
30
50.7115             
1
 969.563 5016.6290
INSERT
8
POINT
62
2
2
CROSS
10
966.6017            
20
5021.8557           
30
50.7244             
41
0.002
42
0.002
43
0.002
50
0.0
0
TEXT
8
CODE
62
3
7
STD
40
0.25
41
1.0
50
0.0
51
0.0
10
966.6017            
20
5021.8557           
30
50.7244             
1
 PN
0
TEXT
8
PT_ID
62
3
7
STD
40
0.25
41
1.0
50
0.0
51
0.0
10
966.6017            
20
5021.8557           
30
50.7244             
1
 381
0
TEXT
8
HEIGHT
62
3
7
STD
40
0.25
41
1.0
50
0.0
51
0.0
10
966.6017            
20
5021.8557           
30
50.7244             
1
 50.724
0
TEXT
8
CO_ORDS
62
3
7
STD
40
0.25
41
1.0
50
0.0
51
0.0
10
966.6017            
20
5021.8557           
30
50.7244             
1
 966.602 5021.8560
INSERT
8
POINT
62
2
2
CROSS
10
962.7769            
20
5026.3197           
30
50.7592             
41
0.002
42
0.002
43
0.002
50
0.0
0
TEXT
8
CODE
62
3
7
STD
40
0.25
41
1.0
50
0.0
51
0.0
10
962.7769            
20
5026.3197           
30
50.7592             
1
 PN
0
TEXT
8
PT_ID
62
3
7
STD
40
0.25
41
1.0
50
0.0
51
0.0
10
962.7769            
20
5026.3197           
30
50.7592             
1
 382
0
TEXT
8
HEIGHT
62
3
7
STD
40
0.25
41
1.0
50
0.0
51
0.0
10
962.7769            
20
5026.3197           
30
50.7592             
1
 50.759
0
TEXT
8
CO_ORDS
62
3
7
STD
40
0.25
41
1.0
50
0.0
51
0.0
10
962.7769            
20
5026.3197           
30
50.7592             
1
 962.777 5026.3200
INSERT
8
POINT
62
2
2
CROSS
10
957.4243            
20
5029.3599           
30
50.6150             
41
0.002
42
0.002
43
0.002
50
0.0
0
TEXT
8
CODE
62
3
7
STD
40
0.25
41
1.0
50
0.0
51
0.0
10
957.4243            
20
5029.3599           
30
50.6150             
1
 PN
0
TEXT
8
PT_ID
62
3
7
STD
40
0.25
41
1.0
50
0.0
51
0.0
10
957.4243            
20
5029.3599           
30
50.6150             
1
 383
0
TEXT
8
HEIGHT
62
3
7
STD
40
0.25
41
1.0
50
0.0
51
0.0
10
957.4243            
20
5029.3599           
30
50.6150             
1
 50.615
0
TEXT
8
CO_ORDS
62
3
7
STD
40
0.25
41
1.0
50
0.0
51
0.0
10
957.4243            
20
5029.3599           
30
50.6150             
1
 957.424 5029.3600
INSERT
8
POINT
62
2
2
CROSS
10
951.7676            
20
5030.8546           
30
50.6066             
41
0.002
42
0.002
43
0.002
50
0.0
0
TEXT
8
CODE
62
3
7
STD
40
0.25
41
1.0
50
0.0
51
0.0
10
951.7676            
20
5030.8546           
30
50.6066             
1
 PN
0
TEXT
8
PT_ID
62
3
7
STD
40
0.25
41
1.0
50
0.0
51
0.0
10
951.7676            
20
5030.8546           
30
50.6066             
1
 384
0
TEXT
8
HEIGHT
62
3
7
STD
40
0.25
41
1.0
50
0.0
51
0.0
10
951.7676            
20
5030.8546           
30
50.6066             
1
 50.607
0
TEXT
8
CO_ORDS
62
3
7
STD
40
0.25
41
1.0
50
0.0
51
0.0
10
951.7676            
20
5030.8546           
30
50.6066             
1
 951.768 5030.8550
INSERT
8
POINT
62
2
2
CROSS
10
945.4576            
20
5030.8696           
30
50.7643             
41
0.002
42
0.002
43
0.002
50
0.0
0
TEXT
8
CODE
62
3
7
STD
40
0.25
41
1.0
50
0.0
51
0.0
10
945.4576            
20
5030.8696           
30
50.7643             
1
 PN
0
TEXT
8
PT_ID
62
3
7
STD
40
0.25
41
1.0
50
0.0
51
0.0
10
945.4576            
20
5030.8696           
30
50.7643             
1
 385
0
TEXT
8
HEIGHT
62
3
7
STD
40
0.25
41
1.0
50
0.0
51
0.0
10
945.4576            
20
5030.8696           
30
50.7643             
1
 50.764
0
TEXT
8
CO_ORDS
62
3
7
STD
40
0.25
41
1.0
50
0.0
51
0.0
10
945.4576            
20
5030.8696           
30
50.7643             
1
 945.458 5030.8700
INSERT
8
POINT
62
2
2
CROSS
10
938.3145            
20
5027.7428           
30
50.5374             
41
0.002
42
0.002
43
0.002
50
0.0
0
TEXT
8
CODE
62
3
7
STD
40
0.25
41
1.0
50
0.0
51
0.0
10
938.3145            
20
5027.7428           
30
50.5374             
1
 PN
0
TEXT
8
PT_ID
62
3
7
STD
40
0.25
41
1.0
50
0.0
51
0.0
10
938.3145            
20
5027.7428           
30
50.5374             
1
 386
0
TEXT
8
HEIGHT
62
3
7
STD
40
0.25
41
1.0
50
0.0
51
0.0
10
938.3145            
20
5027.7428           
30
50.5374             
1
 50.537
0
TEXT
8
CO_ORDS
62
3
7
STD
40
0.25
41
1.0
50
0.0
51
0.0
10
938.3145            
20
5027.7428           
30
50.5374             
1
 938.314 5027.7430
INSERT
8
POINT
62
2
2
CROSS
10
932.7706            
20
5028.4250           
30
50.4802             
41
0.002
42
0.002
43
0.002
50
0.0
0
TEXT
8
CODE
62
3
7
STD
40
0.25
41
1.0
50
0.0
51
0.0
10
932.7706            
20
5028.4250           
30
50.4802             
1
 PN
0
TEXT
8
PT_ID
62
3
7
STD
40
0.25
41
1.0
50
0.0
51
0.0
10
932.7706            
20
5028.4250           
30
50.4802             
1
 387
0
TEXT
8
HEIGHT
62
3
7
STD
40
0.25
41
1.0
50
0.0
51
0.0
10
932.7706            
20
5028.4250           
30
50.4802             
1
 50.480
0
TEXT
8
CO_ORDS
62
3
7
STD
40
0.25
41
1.0
50
0.0
51
0.0
10
932.7706            
20
5028.4250           
30
50.4802             
1
 932.771 5028.4250
INSERT
8
POINT
62
2
2
CROSS
10
927.9579            
20
5028.2161           
30
50.4767             
41
0.002
42
0.002
43
0.002
50
0.0
0
TEXT
8
CODE
62
3
7
STD
40
0.25
41
1.0
50
0.0
51
0.0
10
927.9579            
20
5028.2161           
30
50.4767             
1
 PN
0
TEXT
8
PT_ID
62
3
7
STD
40
0.25
41
1.0
50
0.0
51
0.0
10
927.9579            
20
5028.2161           
30
50.4767             
1
 388
0
TEXT
8
HEIGHT
62
3
7
STD
40
0.25
41
1.0
50
0.0
51
0.0
10
927.9579            
20
5028.2161           
30
50.4767             
1
 50.477
0
TEXT
8
CO_ORDS
62
3
7
STD
40
0.25
41
1.0
50
0.0
51
0.0
10
927.9579            
20
5028.2161           
30
50.4767             
1
 927.958 5028.2160
INSERT
8
POINT
62
2
2
CROSS
10
912.2546            
20
4984.7540           
30
50.4038             
41
0.002
42
0.002
43
0.002
50
0.0
0
TEXT
8
CODE
62
3
7
STD
40
0.25
41
1.0
50
0.0
51
0.0
10
912.2546            
20
4984.7540           
30
50.4038             
1
 AUX
0
TEXT
8
PT_ID
62
3
7
STD
40
0.25
41
1.0
50
0.0
51
0.0
10
912.2546            
20
4984.7540           
30
50.4038             
1
 389
0
TEXT
8
HEIGHT
62
3
7
STD
40
0.25
41
1.0
50
0.0
51
0.0
10
912.2546            
20
4984.7540           
30
50.4038             
1
 50.404
0
TEXT
8
CO_ORDS
62
3
7
STD
40
0.25
41
1.0
50
0.0
51
0.0
10
912.2546            
20
4984.7540           
30
50.4038             
1
 912.255 4984.7540
INSERT
8
POINT
62
2
2
CROSS
10
912.9523            
20
5028.0502           
30
51.9284             
41
0.002
42
0.002
43
0.002
50
0.0
0
TEXT
8
CODE
62
3
7
STD
40
0.25
41
1.0
50
0.0
51
0.0
10
912.9523            
20
5028.0502           
30
51.9284             
1
 AUX
0
TEXT
8
PT_ID
62
3
7
STD
40
0.25
41
1.0
50
0.0
51
0.0
10
912.9523            
20
5028.0502           
30
51.9284             
1
 390
0
TEXT
8
HEIGHT
62
3
7
STD
40
0.25
41
1.0
50
0.0
51
0.0
10
912.9523            
20
5028.0502           
30
51.9284             
1
 51.928
0
TEXT
8
CO_ORDS
62
3
7
STD
40
0.25
41
1.0
50
0.0
51
0.0
10
912.9523            
20
5028.0502           
30
51.9284             
1
 912.952 5028.0500
INSERT
8
POINT
62
2
2
CROSS
10
921.7882            
20
4967.3509           
30
49.7630             
41
0.002
42
0.002
43
0.002
50
0.0
0
TEXT
8
CODE
62
3
7
STD
40
0.25
41
1.0
50
0.0
51
0.0
10
921.7882            
20
4967.3509           
30
49.7630             
1
 PN
0
TEXT
8
PT_ID
62
3
7
STD
40
0.25
41
1.0
50
0.0
51
0.0
10
921.7882            
20
4967.3509           
30
49.7630             
1
 391
0
TEXT
8
HEIGHT
62
3
7
STD
40
0.25
41
1.0
50
0.0
51
0.0
10
921.7882            
20
4967.3509           
30
49.7630             
1
 49.763
0
TEXT
8
CO_ORDS
62
3
7
STD
40
0.25
41
1.0
50
0.0
51
0.0
10
921.7882            
20
4967.3509           
30
49.7630             
1
 921.788 4967.3510
INSERT
8
POINT
62
2
2
CROSS
10
917.9304            
20
4971.3453           
30
50.1393             
41
0.002
42
0.002
43
0.002
50
0.0
0
TEXT
8
CODE
62
3
7
STD
40
0.25
41
1.0
50
0.0
51
0.0
10
917.9304            
20
4971.3453           
30
50.1393             
1
 PN
0
TEXT
8
PT_ID
62
3
7
STD
40
0.25
41
1.0
50
0.0
51
0.0
10
917.9304            
20
4971.3453           
30
50.1393             
1
 392
0
TEXT
8
HEIGHT
62
3
7
STD
40
0.25
41
1.0
50
0.0
51
0.0
10
917.9304            
20
4971.3453           
30
50.1393             
1
 50.139
0
TEXT
8
CO_ORDS
62
3
7
STD
40
0.25
41
1.0
50
0.0
51
0.0
10
917.9304            
20
4971.3453           
30
50.1393             
1
 917.930 4971.3450
INSERT
8
POINT
62
2
2
CROSS
10
913.6064            
20
4974.8378           
30
50.1038             
41
0.002
42
0.002
43
0.002
50
0.0
0
TEXT
8
CODE
62
3
7
STD
40
0.25
41
1.0
50
0.0
51
0.0
10
913.6064            
20
4974.8378           
30
50.1038             
1
 PN
0
TEXT
8
PT_ID
62
3
7
STD
40
0.25
41
1.0
50
0.0
51
0.0
10
913.6064            
20
4974.8378           
30
50.1038             
1
 393
0
TEXT
8
HEIGHT
62
3
7
STD
40
0.25
41
1.0
50
0.0
51
0.0
10
913.6064            
20
4974.8378           
30
50.1038             
1
 50.104
0
TEXT
8
CO_ORDS
62
3
7
STD
40
0.25
41
1.0
50
0.0
51
0.0
10
913.6064            
20
4974.8378           
30
50.1038             
1
 913.606 4974.8380
INSERT
8
POINT
62
2
2
CROSS
10
908.5435            
20
4978.7418           
30
49.7283             
41
0.002
42
0.002
43
0.002
50
0.0
0
TEXT
8
CODE
62
3
7
STD
40
0.25
41
1.0
50
0.0
51
0.0
10
908.5435            
20
4978.7418           
30
49.7283             
1
 PN
0
TEXT
8
PT_ID
62
3
7
STD
40
0.25
41
1.0
50
0.0
51
0.0
10
908.5435            
20
4978.7418           
30
49.7283             
1
 394
0
TEXT
8
HEIGHT
62
3
7
STD
40
0.25
41
1.0
50
0.0
51
0.0
10
908.5435            
20
4978.7418           
30
49.7283             
1
 49.728
0
TEXT
8
CO_ORDS
62
3
7
STD
40
0.25
41
1.0
50
0.0
51
0.0
10
908.5435            
20
4978.7418           
30
49.7283             
1
 908.543 4978.7420
INSERT
8
POINT
62
2
2
CROSS
10
904.1178            
20
4983.2428           
30
49.7704             
41
0.002
42
0.002
43
0.002
50
0.0
0
TEXT
8
CODE
62
3
7
STD
40
0.25
41
1.0
50
0.0
51
0.0
10
904.1178            
20
4983.2428           
30
49.7704             
1
 PN
0
TEXT
8
PT_ID
62
3
7
STD
40
0.25
41
1.0
50
0.0
51
0.0
10
904.1178            
20
4983.2428           
30
49.7704             
1
 395
0
TEXT
8
HEIGHT
62
3
7
STD
40
0.25
41
1.0
50
0.0
51
0.0
10
904.1178            
20
4983.2428           
30
49.7704             
1
 49.770
0
TEXT
8
CO_ORDS
62
3
7
STD
40
0.25
41
1.0
50
0.0
51
0.0
10
904.1178            
20
4983.2428           
30
49.7704             
1
 904.118 4983.2430
INSERT
8
POINT
62
2
2
CROSS
10
898.0800            
20
4987.7492           
30
49.5209             
41
0.002
42
0.002
43
0.002
50
0.0
0
TEXT
8
CODE
62
3
7
STD
40
0.25
41
1.0
50
0.0
51
0.0
10
898.0800            
20
4987.7492           
30
49.5209             
1
 PN
0
TEXT
8
PT_ID
62
3
7
STD
40
0.25
41
1.0
50
0.0
51
0.0
10
898.0800            
20
4987.7492           
30
49.5209             
1
 396
0
TEXT
8
HEIGHT
62
3
7
STD
40
0.25
41
1.0
50
0.0
51
0.0
10
898.0800            
20
4987.7492           
30
49.5209             
1
 49.521
0
TEXT
8
CO_ORDS
62
3
7
STD
40
0.25
41
1.0
50
0.0
51
0.0
10
898.0800            
20
4987.7492           
30
49.5209             
1
 898.080 4987.7490
INSERT
8
POINT
62
2
2
CROSS
10
893.0006            
20
4991.1839           
30
49.8243             
41
0.002
42
0.002
43
0.002
50
0.0
0
TEXT
8
CODE
62
3
7
STD
40
0.25
41
1.0
50
0.0
51
0.0
10
893.0006            
20
4991.1839           
30
49.8243             
1
 PN
0
TEXT
8
PT_ID
62
3
7
STD
40
0.25
41
1.0
50
0.0
51
0.0
10
893.0006            
20
4991.1839           
30
49.8243             
1
 397
0
TEXT
8
HEIGHT
62
3
7
STD
40
0.25
41
1.0
50
0.0
51
0.0
10
893.0006            
20
4991.1839           
30
49.8243             
1
 49.824
0
TEXT
8
CO_ORDS
62
3
7
STD
40
0.25
41
1.0
50
0.0
51
0.0
10
893.0006            
20
4991.1839           
30
49.8243             
1
 893.001 4991.1840
INSERT
8
POINT
62
2
2
CROSS
10
889.0787            
20
4995.2967           
30
49.7857             
41
0.002
42
0.002
43
0.002
50
0.0
0
TEXT
8
CODE
62
3
7
STD
40
0.25
41
1.0
50
0.0
51
0.0
10
889.0787            
20
4995.2967           
30
49.7857             
1
 PN
0
TEXT
8
PT_ID
62
3
7
STD
40
0.25
41
1.0
50
0.0
51
0.0
10
889.0787            
20
4995.2967           
30
49.7857             
1
 398
0
TEXT
8
HEIGHT
62
3
7
STD
40
0.25
41
1.0
50
0.0
51
0.0
10
889.0787            
20
4995.2967           
30
49.7857             
1
 49.786
0
TEXT
8
CO_ORDS
62
3
7
STD
40
0.25
41
1.0
50
0.0
51
0.0
10
889.0787            
20
4995.2967           
30
49.7857             
1
 889.079 4995.2970
INSERT
8
POINT
62
2
2
CROSS
10
888.8057            
20
5001.4177           
30
49.8364             
41
0.002
42
0.002
43
0.002
50
0.0
0
TEXT
8
CODE
62
3
7
STD
40
0.25
41
1.0
50
0.0
51
0.0
10
888.8057            
20
5001.4177           
30
49.8364             
1
 PN
0
TEXT
8
PT_ID
62
3
7
STD
40
0.25
41
1.0
50
0.0
51
0.0
10
888.8057            
20
5001.4177           
30
49.8364             
1
 399
0
TEXT
8
HEIGHT
62
3
7
STD
40
0.25
41
1.0
50
0.0
51
0.0
10
888.8057            
20
5001.4177           
30
49.8364             
1
 49.836
0
TEXT
8
CO_ORDS
62
3
7
STD
40
0.25
41
1.0
50
0.0
51
0.0
10
888.8057            
20
5001.4177           
30
49.8364             
1
 888.806 5001.4180
INSERT
8
POINT
62
2
2
CROSS
10
885.7335            
20
5006.9384           
30
49.2178             
41
0.002
42
0.002
43
0.002
50
0.0
0
TEXT
8
CODE
62
3
7
STD
40
0.25
41
1.0
50
0.0
51
0.0
10
885.7335            
20
5006.9384           
30
49.2178             
1
 MURO
0
TEXT
8
PT_ID
62
3
7
STD
40
0.25
41
1.0
50
0.0
51
0.0
10
885.7335            
20
5006.9384           
30
49.2178             
1
 400
0
TEXT
8
HEIGHT
62
3
7
STD
40
0.25
41
1.0
50
0.0
51
0.0
10
885.7335            
20
5006.9384           
30
49.2178             
1
 49.218
0
TEXT
8
CO_ORDS
62
3
7
STD
40
0.25
41
1.0
50
0.0
51
0.0
10
885.7335            
20
5006.9384           
30
49.2178             
1
 885.733 5006.9380
INSERT
8
POINT
62
2
2
CROSS
10
886.3901            
20
5013.0249           
30
49.7418             
41
0.002
42
0.002
43
0.002
50
0.0
0
TEXT
8
CODE
62
3
7
STD
40
0.25
41
1.0
50
0.0
51
0.0
10
886.3901            
20
5013.0249           
30
49.7418             
1
 MURO
0
TEXT
8
PT_ID
62
3
7
STD
40
0.25
41
1.0
50
0.0
51
0.0
10
886.3901            
20
5013.0249           
30
49.7418             
1
 401
0
TEXT
8
HEIGHT
62
3
7
STD
40
0.25
41
1.0
50
0.0
51
0.0
10
886.3901            
20
5013.0249           
30
49.7418             
1
 49.742
0
TEXT
8
CO_ORDS
62
3
7
STD
40
0.25
41
1.0
50
0.0
51
0.0
10
886.3901            
20
5013.0249           
30
49.7418             
1
 886.390 5013.0250
INSERT
8
POINT
62
2
2
CROSS
10
887.1226            
20
5018.8497           
30
50.1998             
41
0.002
42
0.002
43
0.002
50
0.0
0
TEXT
8
CODE
62
3
7
STD
40
0.25
41
1.0
50
0.0
51
0.0
10
887.1226            
20
5018.8497           
30
50.1998             
1
 MURO
0
TEXT
8
PT_ID
62
3
7
STD
40
0.25
41
1.0
50
0.0
51
0.0
10
887.1226            
20
5018.8497           
30
50.1998             
1
 402
0
TEXT
8
HEIGHT
62
3
7
STD
40
0.25
41
1.0
50
0.0
51
0.0
10
887.1226            
20
5018.8497           
30
50.1998             
1
 50.200
0
TEXT
8
CO_ORDS
62
3
7
STD
40
0.25
41
1.0
50
0.0
51
0.0
10
887.1226            
20
5018.8497           
30
50.1998             
1
 887.123 5018.8500
INSERT
8
POINT
62
2
2
CROSS
10
887.7929            
20
5024.6823           
30
50.8055             
41
0.002
42
0.002
43
0.002
50
0.0
0
TEXT
8
CODE
62
3
7
STD
40
0.25
41
1.0
50
0.0
51
0.0
10
887.7929            
20
5024.6823           
30
50.8055             
1
 MURO
0
TEXT
8
PT_ID
62
3
7
STD
40
0.25
41
1.0
50
0.0
51
0.0
10
887.7929            
20
5024.6823           
30
50.8055             
1
 403
0
TEXT
8
HEIGHT
62
3
7
STD
40
0.25
41
1.0
50
0.0
51
0.0
10
887.7929            
20
5024.6823           
30
50.8055             
1
 50.805
0
TEXT
8
CO_ORDS
62
3
7
STD
40
0.25
41
1.0
50
0.0
51
0.0
10
887.7929            
20
5024.6823           
30
50.8055             
1
 887.793 5024.6820
INSERT
8
POINT
62
2
2
CROSS
10
888.0889            
20
5026.8955           
30
50.9789             
41
0.002
42
0.002
43
0.002
50
0.0
0
TEXT
8
CODE
62
3
7
STD
40
0.25
41
1.0
50
0.0
51
0.0
10
888.0889            
20
5026.8955           
30
50.9789             
1
 MURO
0
TEXT
8
PT_ID
62
3
7
STD
40
0.25
41
1.0
50
0.0
51
0.0
10
888.0889            
20
5026.8955           
30
50.9789             
1
 404
0
TEXT
8
HEIGHT
62
3
7
STD
40
0.25
41
1.0
50
0.0
51
0.0
10
888.0889            
20
5026.8955           
30
50.9789             
1
 50.979
0
TEXT
8
CO_ORDS
62
3
7
STD
40
0.25
41
1.0
50
0.0
51
0.0
10
888.0889            
20
5026.8955           
30
50.9789             
1
 888.089 5026.8960
INSERT
8
POINT
62
2
2
CROSS
10
893.3938            
20
5027.8710           
30
50.9492             
41
0.002
42
0.002
43
0.002
50
0.0
0
TEXT
8
CODE
62
3
7
STD
40
0.25
41
1.0
50
0.0
51
0.0
10
893.3938            
20
5027.8710           
30
50.9492             
1
 MURO
0
TEXT
8
PT_ID
62
3
7
STD
40
0.25
41
1.0
50
0.0
51
0.0
10
893.3938            
20
5027.8710           
30
50.9492             
1
 405
0
TEXT
8
HEIGHT
62
3
7
STD
40
0.25
41
1.0
50
0.0
51
0.0
10
893.3938            
20
5027.8710           
30
50.9492             
1
 50.949
0
TEXT
8
CO_ORDS
62
3
7
STD
40
0.25
41
1.0
50
0.0
51
0.0
10
893.3938            
20
5027.8710           
30
50.9492             
1
 893.394 5027.8710
INSERT
8
POINT
62
2
2
CROSS
10
899.3334            
20
5029.0834           
30
51.3572             
41
0.002
42
0.002
43
0.002
50
0.0
0
TEXT
8
CODE
62
3
7
STD
40
0.25
41
1.0
50
0.0
51
0.0
10
899.3334            
20
5029.0834           
30
51.3572             
1
 MURO
0
TEXT
8
PT_ID
62
3
7
STD
40
0.25
41
1.0
50
0.0
51
0.0
10
899.3334            
20
5029.0834           
30
51.3572             
1
 406
0
TEXT
8
HEIGHT
62
3
7
STD
40
0.25
41
1.0
50
0.0
51
0.0
10
899.3334            
20
5029.0834           
30
51.3572             
1
 51.357
0
TEXT
8
CO_ORDS
62
3
7
STD
40
0.25
41
1.0
50
0.0
51
0.0
10
899.3334            
20
5029.0834           
30
51.3572             
1
 899.333 5029.0830
INSERT
8
POINT
62
2
2
CROSS
10
905.2607            
20
5030.1838           
30
51.5868             
41
0.002
42
0.002
43
0.002
50
0.0
0
TEXT
8
CODE
62
3
7
STD
40
0.25
41
1.0
50
0.0
51
0.0
10
905.2607            
20
5030.1838           
30
51.5868             
1
 MURO
0
TEXT
8
PT_ID
62
3
7
STD
40
0.25
41
1.0
50
0.0
51
0.0
10
905.2607            
20
5030.1838           
30
51.5868             
1
 407
0
TEXT
8
HEIGHT
62
3
7
STD
40
0.25
41
1.0
50
0.0
51
0.0
10
905.2607            
20
5030.1838           
30
51.5868             
1
 51.587
0
TEXT
8
CO_ORDS
62
3
7
STD
40
0.25
41
1.0
50
0.0
51
0.0
10
905.2607            
20
5030.1838           
30
51.5868             
1
 905.261 5030.1840
INSERT
8
POINT
62
2
2
CROSS
10
910.8503            
20
5031.3200           
30
52.1142             
41
0.002
42
0.002
43
0.002
50
0.0
0
TEXT
8
CODE
62
3
7
STD
40
0.25
41
1.0
50
0.0
51
0.0
10
910.8503            
20
5031.3200           
30
52.1142             
1
 MURO
0
TEXT
8
PT_ID
62
3
7
STD
40
0.25
41
1.0
50
0.0
51
0.0
10
910.8503            
20
5031.3200           
30
52.1142             
1
 408
0
TEXT
8
HEIGHT
62
3
7
STD
40
0.25
41
1.0
50
0.0
51
0.0
10
910.8503            
20
5031.3200           
30
52.1142             
1
 52.114
0
TEXT
8
CO_ORDS
62
3
7
STD
40
0.25
41
1.0
50
0.0
51
0.0
10
910.8503            
20
5031.3200           
30
52.1142             
1
 910.850 5031.3200
INSERT
8
POINT
62
2
2
CROSS
10
916.8959            
20
5032.4504           
30
52.3978             
41
0.002
42
0.002
43
0.002
50
0.0
0
TEXT
8
CODE
62
3
7
STD
40
0.25
41
1.0
50
0.0
51
0.0
10
916.8959            
20
5032.4504           
30
52.3978             
1
 MURO
0
TEXT
8
PT_ID
62
3
7
STD
40
0.25
41
1.0
50
0.0
51
0.0
10
916.8959            
20
5032.4504           
30
52.3978             
1
 409
0
TEXT
8
HEIGHT
62
3
7
STD
40
0.25
41
1.0
50
0.0
51
0.0
10
916.8959            
20
5032.4504           
30
52.3978             
1
 52.398
0
TEXT
8
CO_ORDS
62
3
7
STD
40
0.25
41
1.0
50
0.0
51
0.0
10
916.8959            
20
5032.4504           
30
52.3978             
1
 916.896 5032.4500
INSERT
8
POINT
62
2
2
CROSS
10
917.7260            
20
5026.9868           
30
51.6710             
41
0.002
42
0.002
43
0.002
50
0.0
0
TEXT
8
CODE
62
3
7
STD
40
0.25
41
1.0
50
0.0
51
0.0
10
917.7260            
20
5026.9868           
30
51.6710             
1
 PN
0
TEXT
8
PT_ID
62
3
7
STD
40
0.25
41
1.0
50
0.0
51
0.0
10
917.7260            
20
5026.9868           
30
51.6710             
1
 410
0
TEXT
8
HEIGHT
62
3
7
STD
40
0.25
41
1.0
50
0.0
51
0.0
10
917.7260            
20
5026.9868           
30
51.6710             
1
 51.671
0
TEXT
8
CO_ORDS
62
3
7
STD
40
0.25
41
1.0
50
0.0
51
0.0
10
917.7260            
20
5026.9868           
30
51.6710             
1
 917.726 5026.9870
INSERT
8
POINT
62
2
2
CROSS
10
912.3030            
20
5025.5469           
30
51.6518             
41
0.002
42
0.002
43
0.002
50
0.0
0
TEXT
8
CODE
62
3
7
STD
40
0.25
41
1.0
50
0.0
51
0.0
10
912.3030            
20
5025.5469           
30
51.6518             
1
 PN
0
TEXT
8
PT_ID
62
3
7
STD
40
0.25
41
1.0
50
0.0
51
0.0
10
912.3030            
20
5025.5469           
30
51.6518             
1
 411
0
TEXT
8
HEIGHT
62
3
7
STD
40
0.25
41
1.0
50
0.0
51
0.0
10
912.3030            
20
5025.5469           
30
51.6518             
1
 51.652
0
TEXT
8
CO_ORDS
62
3
7
STD
40
0.25
41
1.0
50
0.0
51
0.0
10
912.3030            
20
5025.5469           
30
51.6518             
1
 912.303 5025.5470
INSERT
8
POINT
62
2
2
CROSS
10
905.8087            
20
5024.4504           
30
51.0977             
41
0.002
42
0.002
43
0.002
50
0.0
0
TEXT
8
CODE
62
3
7
STD
40
0.25
41
1.0
50
0.0
51
0.0
10
905.8087            
20
5024.4504           
30
51.0977             
1
 PN
0
TEXT
8
PT_ID
62
3
7
STD
40
0.25
41
1.0
50
0.0
51
0.0
10
905.8087            
20
5024.4504           
30
51.0977             
1
 412
0
TEXT
8
HEIGHT
62
3
7
STD
40
0.25
41
1.0
50
0.0
51
0.0
10
905.8087            
20
5024.4504           
30
51.0977             
1
 51.098
0
TEXT
8
CO_ORDS
62
3
7
STD
40
0.25
41
1.0
50
0.0
51
0.0
10
905.8087            
20
5024.4504           
30
51.0977             
1
 905.809 5024.4500
INSERT
8
POINT
62
2
2
CROSS
10
899.4838            
20
5023.1912           
30
50.8132             
41
0.002
42
0.002
43
0.002
50
0.0
0
TEXT
8
CODE
62
3
7
STD
40
0.25
41
1.0
50
0.0
51
0.0
10
899.4838            
20
5023.1912           
30
50.8132             
1
 PN
0
TEXT
8
PT_ID
62
3
7
STD
40
0.25
41
1.0
50
0.0
51
0.0
10
899.4838            
20
5023.1912           
30
50.8132             
1
 413
0
TEXT
8
HEIGHT
62
3
7
STD
40
0.25
41
1.0
50
0.0
51
0.0
10
899.4838            
20
5023.1912           
30
50.8132             
1
 50.813
0
TEXT
8
CO_ORDS
62
3
7
STD
40
0.25
41
1.0
50
0.0
51
0.0
10
899.4838            
20
5023.1912           
30
50.8132             
1
 899.484 5023.1910
INSERT
8
POINT
62
2
2
CROSS
10
892.6953            
20
5021.8254           
30
50.7313             
41
0.002
42
0.002
43
0.002
50
0.0
0
TEXT
8
CODE
62
3
7
STD
40
0.25
41
1.0
50
0.0
51
0.0
10
892.6953            
20
5021.8254           
30
50.7313             
1
 PN
0
TEXT
8
PT_ID
62
3
7
STD
40
0.25
41
1.0
50
0.0
51
0.0
10
892.6953            
20
5021.8254           
30
50.7313             
1
 414
0
TEXT
8
HEIGHT
62
3
7
STD
40
0.25
41
1.0
50
0.0
51
0.0
10
892.6953            
20
5021.8254           
30
50.7313             
1
 50.731
0
TEXT
8
CO_ORDS
62
3
7
STD
40
0.25
41
1.0
50
0.0
51
0.0
10
892.6953            
20
5021.8254           
30
50.7313             
1
 892.695 5021.8250
INSERT
8
POINT
62
2
2
CROSS
10
892.5891            
20
5015.9864           
30
50.1354             
41
0.002
42
0.002
43
0.002
50
0.0
0
TEXT
8
CODE
62
3
7
STD
40
0.25
41
1.0
50
0.0
51
0.0
10
892.5891            
20
5015.9864           
30
50.1354             
1
 PN
0
TEXT
8
PT_ID
62
3
7
STD
40
0.25
41
1.0
50
0.0
51
0.0
10
892.5891            
20
5015.9864           
30
50.1354             
1
 415
0
TEXT
8
HEIGHT
62
3
7
STD
40
0.25
41
1.0
50
0.0
51
0.0
10
892.5891            
20
5015.9864           
30
50.1354             
1
 50.135
0
TEXT
8
CO_ORDS
62
3
7
STD
40
0.25
41
1.0
50
0.0
51
0.0
10
892.5891            
20
5015.9864           
30
50.1354             
1
 892.589 5015.9860
INSERT
8
POINT
62
2
2
CROSS
10
898.9126            
20
5016.0372           
30
50.2924             
41
0.002
42
0.002
43
0.002
50
0.0
0
TEXT
8
CODE
62
3
7
STD
40
0.25
41
1.0
50
0.0
51
0.0
10
898.9126            
20
5016.0372           
30
50.2924             
1
 PN
0
TEXT
8
PT_ID
62
3
7
STD
40
0.25
41
1.0
50
0.0
51
0.0
10
898.9126            
20
5016.0372           
30
50.2924             
1
 416
0
TEXT
8
HEIGHT
62
3
7
STD
40
0.25
41
1.0
50
0.0
51
0.0
10
898.9126            
20
5016.0372           
30
50.2924             
1
 50.292
0
TEXT
8
CO_ORDS
62
3
7
STD
40
0.25
41
1.0
50
0.0
51
0.0
10
898.9126            
20
5016.0372           
30
50.2924             
1
 898.913 5016.0370
INSERT
8
POINT
62
2
2
CROSS
10
904.8443            
20
5015.9304           
30
50.6205             
41
0.002
42
0.002
43
0.002
50
0.0
0
TEXT
8
CODE
62
3
7
STD
40
0.25
41
1.0
50
0.0
51
0.0
10
904.8443            
20
5015.9304           
30
50.6205             
1
 PN
0
TEXT
8
PT_ID
62
3
7
STD
40
0.25
41
1.0
50
0.0
51
0.0
10
904.8443            
20
5015.9304           
30
50.6205             
1
 417
0
TEXT
8
HEIGHT
62
3
7
STD
40
0.25
41
1.0
50
0.0
51
0.0
10
904.8443            
20
5015.9304           
30
50.6205             
1
 50.620
0
TEXT
8
CO_ORDS
62
3
7
STD
40
0.25
41
1.0
50
0.0
51
0.0
10
904.8443            
20
5015.9304           
30
50.6205             
1
 904.844 5015.9300
INSERT
8
POINT
62
2
2
CROSS
10
911.1311            
20
5016.3348           
30
50.7435             
41
0.002
42
0.002
43
0.002
50
0.0
0
TEXT
8
CODE
62
3
7
STD
40
0.25
41
1.0
50
0.0
51
0.0
10
911.1311            
20
5016.3348           
30
50.7435             
1
 PN
0
TEXT
8
PT_ID
62
3
7
STD
40
0.25
41
1.0
50
0.0
51
0.0
10
911.1311            
20
5016.3348           
30
50.7435             
1
 418
0
TEXT
8
HEIGHT
62
3
7
STD
40
0.25
41
1.0
50
0.0
51
0.0
10
911.1311            
20
5016.3348           
30
50.7435             
1
 50.744
0
TEXT
8
CO_ORDS
62
3
7
STD
40
0.25
41
1.0
50
0.0
51
0.0
10
911.1311            
20
5016.3348           
30
50.7435             
1
 911.131 5016.3350
INSERT
8
POINT
62
2
2
CROSS
10
917.3252            
20
5017.0788           
30
51.0195             
41
0.002
42
0.002
43
0.002
50
0.0
0
TEXT
8
CODE
62
3
7
STD
40
0.25
41
1.0
50
0.0
51
0.0
10
917.3252            
20
5017.0788           
30
51.0195             
1
 PN
0
TEXT
8
PT_ID
62
3
7
STD
40
0.25
41
1.0
50
0.0
51
0.0
10
917.3252            
20
5017.0788           
30
51.0195             
1
 419
0
TEXT
8
HEIGHT
62
3
7
STD
40
0.25
41
1.0
50
0.0
51
0.0
10
917.3252            
20
5017.0788           
30
51.0195             
1
 51.020
0
TEXT
8
CO_ORDS
62
3
7
STD
40
0.25
41
1.0
50
0.0
51
0.0
10
917.3252            
20
5017.0788           
30
51.0195             
1
 917.325 5017.0790
INSERT
8
POINT
62
2
2
CROSS
10
917.4758            
20
5010.9403           
30
50.6490             
41
0.002
42
0.002
43
0.002
50
0.0
0
TEXT
8
CODE
62
3
7
STD
40
0.25
41
1.0
50
0.0
51
0.0
10
917.4758            
20
5010.9403           
30
50.6490             
1
 PN
0
TEXT
8
PT_ID
62
3
7
STD
40
0.25
41
1.0
50
0.0
51
0.0
10
917.4758            
20
5010.9403           
30
50.6490             
1
 420
0
TEXT
8
HEIGHT
62
3
7
STD
40
0.25
41
1.0
50
0.0
51
0.0
10
917.4758            
20
5010.9403           
30
50.6490             
1
 50.649
0
TEXT
8
CO_ORDS
62
3
7
STD
40
0.25
41
1.0
50
0.0
51
0.0
10
917.4758            
20
5010.9403           
30
50.6490             
1
 917.476 5010.9400
INSERT
8
POINT
62
2
2
CROSS
10
911.2737            
20
5010.9402           
30
50.5193             
41
0.002
42
0.002
43
0.002
50
0.0
0
TEXT
8
CODE
62
3
7
STD
40
0.25
41
1.0
50
0.0
51
0.0
10
911.2737            
20
5010.9402           
30
50.5193             
1
 PN
0
TEXT
8
PT_ID
62
3
7
STD
40
0.25
41
1.0
50
0.0
51
0.0
10
911.2737            
20
5010.9402           
30
50.5193             
1
 421
0
TEXT
8
HEIGHT
62
3
7
STD
40
0.25
41
1.0
50
0.0
51
0.0
10
911.2737            
20
5010.9402           
30
50.5193             
1
 50.519
0
TEXT
8
CO_ORDS
62
3
7
STD
40
0.25
41
1.0
50
0.0
51
0.0
10
911.2737            
20
5010.9402           
30
50.5193             
1
 911.274 5010.9400
INSERT
8
POINT
62
2
2
CROSS
10
904.7153            
20
5011.1758           
30
50.2090             
41
0.002
42
0.002
43
0.002
50
0.0
0
TEXT
8
CODE
62
3
7
STD
40
0.25
41
1.0
50
0.0
51
0.0
10
904.7153            
20
5011.1758           
30
50.2090             
1
 PN
0
TEXT
8
PT_ID
62
3
7
STD
40
0.25
41
1.0
50
0.0
51
0.0
10
904.7153            
20
5011.1758           
30
50.2090             
1
 422
0
TEXT
8
HEIGHT
62
3
7
STD
40
0.25
41
1.0
50
0.0
51
0.0
10
904.7153            
20
5011.1758           
30
50.2090             
1
 50.209
0
TEXT
8
CO_ORDS
62
3
7
STD
40
0.25
41
1.0
50
0.0
51
0.0
10
904.7153            
20
5011.1758           
30
50.2090             
1
 904.715 5011.1760
INSERT
8
POINT
62
2
2
CROSS
10
898.7661            
20
5011.2885           
30
50.0448             
41
0.002
42
0.002
43
0.002
50
0.0
0
TEXT
8
CODE
62
3
7
STD
40
0.25
41
1.0
50
0.0
51
0.0
10
898.7661            
20
5011.2885           
30
50.0448             
1
 PN
0
TEXT
8
PT_ID
62
3
7
STD
40
0.25
41
1.0
50
0.0
51
0.0
10
898.7661            
20
5011.2885           
30
50.0448             
1
 423
0
TEXT
8
HEIGHT
62
3
7
STD
40
0.25
41
1.0
50
0.0
51
0.0
10
898.7661            
20
5011.2885           
30
50.0448             
1
 50.045
0
TEXT
8
CO_ORDS
62
3
7
STD
40
0.25
41
1.0
50
0.0
51
0.0
10
898.7661            
20
5011.2885           
30
50.0448             
1
 898.766 5011.2890
INSERT
8
POINT
62
2
2
CROSS
10
892.0520            
20
5011.5565           
30
49.6732             
41
0.002
42
0.002
43
0.002
50
0.0
0
TEXT
8
CODE
62
3
7
STD
40
0.25
41
1.0
50
0.0
51
0.0
10
892.0520            
20
5011.5565           
30
49.6732             
1
 PN
0
TEXT
8
PT_ID
62
3
7
STD
40
0.25
41
1.0
50
0.0
51
0.0
10
892.0520            
20
5011.5565           
30
49.6732             
1
 424
0
TEXT
8
HEIGHT
62
3
7
STD
40
0.25
41
1.0
50
0.0
51
0.0
10
892.0520            
20
5011.5565           
30
49.6732             
1
 49.673
0
TEXT
8
CO_ORDS
62
3
7
STD
40
0.25
41
1.0
50
0.0
51
0.0
10
892.0520            
20
5011.5565           
30
49.6732             
1
 892.052 5011.5560
INSERT
8
POINT
62
2
2
CROSS
10
893.4465            
20
5005.4874           
30
49.6606             
41
0.002
42
0.002
43
0.002
50
0.0
0
TEXT
8
CODE
62
3
7
STD
40
0.25
41
1.0
50
0.0
51
0.0
10
893.4465            
20
5005.4874           
30
49.6606             
1
 PN
0
TEXT
8
PT_ID
62
3
7
STD
40
0.25
41
1.0
50
0.0
51
0.0
10
893.4465            
20
5005.4874           
30
49.6606             
1
 425
0
TEXT
8
HEIGHT
62
3
7
STD
40
0.25
41
1.0
50
0.0
51
0.0
10
893.4465            
20
5005.4874           
30
49.6606             
1
 49.661
0
TEXT
8
CO_ORDS
62
3
7
STD
40
0.25
41
1.0
50
0.0
51
0.0
10
893.4465            
20
5005.4874           
30
49.6606             
1
 893.446 5005.4870
INSERT
8
POINT
62
2
2
CROSS
10
899.6460            
20
5005.6193           
30
49.9774             
41
0.002
42
0.002
43
0.002
50
0.0
0
TEXT
8
CODE
62
3
7
STD
40
0.25
41
1.0
50
0.0
51
0.0
10
899.6460            
20
5005.6193           
30
49.9774             
1
 PN
0
TEXT
8
PT_ID
62
3
7
STD
40
0.25
41
1.0
50
0.0
51
0.0
10
899.6460            
20
5005.6193           
30
49.9774             
1
 426
0
TEXT
8
HEIGHT
62
3
7
STD
40
0.25
41
1.0
50
0.0
51
0.0
10
899.6460            
20
5005.6193           
30
49.9774             
1
 49.977
0
TEXT
8
CO_ORDS
62
3
7
STD
40
0.25
41
1.0
50
0.0
51
0.0
10
899.6460            
20
5005.6193           
30
49.9774             
1
 899.646 5005.6190
INSERT
8
POINT
62
2
2
CROSS
10
905.5578            
20
5006.0101           
30
50.2643             
41
0.002
42
0.002
43
0.002
50
0.0
0
TEXT
8
CODE
62
3
7
STD
40
0.25
41
1.0
50
0.0
51
0.0
10
905.5578            
20
5006.0101           
30
50.2643             
1
 PN
0
TEXT
8
PT_ID
62
3
7
STD
40
0.25
41
1.0
50
0.0
51
0.0
10
905.5578            
20
5006.0101           
30
50.2643             
1
 427
0
TEXT
8
HEIGHT
62
3
7
STD
40
0.25
41
1.0
50
0.0
51
0.0
10
905.5578            
20
5006.0101           
30
50.2643             
1
 50.264
0
TEXT
8
CO_ORDS
62
3
7
STD
40
0.25
41
1.0
50
0.0
51
0.0
10
905.5578            
20
5006.0101           
30
50.2643             
1
 905.558 5006.0100
INSERT
8
POINT
62
2
2
CROSS
10
911.3535            
20
5006.7126           
30
50.3900             
41
0.002
42
0.002
43
0.002
50
0.0
0
TEXT
8
CODE
62
3
7
STD
40
0.25
41
1.0
50
0.0
51
0.0
10
911.3535            
20
5006.7126           
30
50.3900             
1
 PN
0
TEXT
8
PT_ID
62
3
7
STD
40
0.25
41
1.0
50
0.0
51
0.0
10
911.3535            
20
5006.7126           
30
50.3900             
1
 428
0
TEXT
8
HEIGHT
62
3
7
STD
40
0.25
41
1.0
50
0.0
51
0.0
10
911.3535            
20
5006.7126           
30
50.3900             
1
 50.390
0
TEXT
8
CO_ORDS
62
3
7
STD
40
0.25
41
1.0
50
0.0
51
0.0
10
911.3535            
20
5006.7126           
30
50.3900             
1
 911.353 5006.7130
INSERT
8
POINT
62
2
2
CROSS
10
917.8708            
20
5006.6958           
30
50.4582             
41
0.002
42
0.002
43
0.002
50
0.0
0
TEXT
8
CODE
62
3
7
STD
40
0.25
41
1.0
50
0.0
51
0.0
10
917.8708            
20
5006.6958           
30
50.4582             
1
 PN
0
TEXT
8
PT_ID
62
3
7
STD
40
0.25
41
1.0
50
0.0
51
0.0
10
917.8708            
20
5006.6958           
30
50.4582             
1
 429
0
TEXT
8
HEIGHT
62
3
7
STD
40
0.25
41
1.0
50
0.0
51
0.0
10
917.8708            
20
5006.6958           
30
50.4582             
1
 50.458
0
TEXT
8
CO_ORDS
62
3
7
STD
40
0.25
41
1.0
50
0.0
51
0.0
10
917.8708            
20
5006.6958           
30
50.4582             
1
 917.871 5006.6960
INSERT
8
POINT
62
2
2
CROSS
10
917.4747            
20
5000.7250           
30
50.4008             
41
0.002
42
0.002
43
0.002
50
0.0
0
TEXT
8
CODE
62
3
7
STD
40
0.25
41
1.0
50
0.0
51
0.0
10
917.4747            
20
5000.7250           
30
50.4008             
1
 PN
0
TEXT
8
PT_ID
62
3
7
STD
40
0.25
41
1.0
50
0.0
51
0.0
10
917.4747            
20
5000.7250           
30
50.4008             
1
 430
0
TEXT
8
HEIGHT
62
3
7
STD
40
0.25
41
1.0
50
0.0
51
0.0
10
917.4747            
20
5000.7250           
30
50.4008             
1
 50.401
0
TEXT
8
CO_ORDS
62
3
7
STD
40
0.25
41
1.0
50
0.0
51
0.0
10
917.4747            
20
5000.7250           
30
50.4008             
1
 917.475 5000.7250
INSERT
8
POINT
62
2
2
CROSS
10
911.6018            
20
5000.2567           
30
50.3722             
41
0.002
42
0.002
43
0.002
50
0.0
0
TEXT
8
CODE
62
3
7
STD
40
0.25
41
1.0
50
0.0
51
0.0
10
911.6018            
20
5000.2567           
30
50.3722             
1
 PN
0
TEXT
8
PT_ID
62
3
7
STD
40
0.25
41
1.0
50
0.0
51
0.0
10
911.6018            
20
5000.2567           
30
50.3722             
1
 431
0
TEXT
8
HEIGHT
62
3
7
STD
40
0.25
41
1.0
50
0.0
51
0.0
10
911.6018            
20
5000.2567           
30
50.3722             
1
 50.372
0
TEXT
8
CO_ORDS
62
3
7
STD
40
0.25
41
1.0
50
0.0
51
0.0
10
911.6018            
20
5000.2567           
30
50.3722             
1
 911.602 5000.2570
INSERT
8
POINT
62
2
2
CROSS
10
905.7402            
20
5000.0335           
30
50.3277             
41
0.002
42
0.002
43
0.002
50
0.0
0
TEXT
8
CODE
62
3
7
STD
40
0.25
41
1.0
50
0.0
51
0.0
10
905.7402            
20
5000.0335           
30
50.3277             
1
 PN
0
TEXT
8
PT_ID
62
3
7
STD
40
0.25
41
1.0
50
0.0
51
0.0
10
905.7402            
20
5000.0335           
30
50.3277             
1
 432
0
TEXT
8
HEIGHT
62
3
7
STD
40
0.25
41
1.0
50
0.0
51
0.0
10
905.7402            
20
5000.0335           
30
50.3277             
1
 50.328
0
TEXT
8
CO_ORDS
62
3
7
STD
40
0.25
41
1.0
50
0.0
51
0.0
10
905.7402            
20
5000.0335           
30
50.3277             
1
 905.740 5000.0340
INSERT
8
POINT
62
2
2
CROSS
10
899.6569            
20
4999.5823           
30
50.0631             
41
0.002
42
0.002
43
0.002
50
0.0
0
TEXT
8
CODE
62
3
7
STD
40
0.25
41
1.0
50
0.0
51
0.0
10
899.6569            
20
4999.5823           
30
50.0631             
1
 PN
0
TEXT
8
PT_ID
62
3
7
STD
40
0.25
41
1.0
50
0.0
51
0.0
10
899.6569            
20
4999.5823           
30
50.0631             
1
 433
0
TEXT
8
HEIGHT
62
3
7
STD
40
0.25
41
1.0
50
0.0
51
0.0
10
899.6569            
20
4999.5823           
30
50.0631             
1
 50.063
0
TEXT
8
CO_ORDS
62
3
7
STD
40
0.25
41
1.0
50
0.0
51
0.0
10
899.6569            
20
4999.5823           
30
50.0631             
1
 899.657 4999.5820
INSERT
8
POINT
62
2
2
CROSS
10
893.1495            
20
4998.9110           
30
49.9107             
41
0.002
42
0.002
43
0.002
50
0.0
0
TEXT
8
CODE
62
3
7
STD
40
0.25
41
1.0
50
0.0
51
0.0
10
893.1495            
20
4998.9110           
30
49.9107             
1
 PN
0
TEXT
8
PT_ID
62
3
7
STD
40
0.25
41
1.0
50
0.0
51
0.0
10
893.1495            
20
4998.9110           
30
49.9107             
1
 434
0
TEXT
8
HEIGHT
62
3
7
STD
40
0.25
41
1.0
50
0.0
51
0.0
10
893.1495            
20
4998.9110           
30
49.9107             
1
 49.911
0
TEXT
8
CO_ORDS
62
3
7
STD
40
0.25
41
1.0
50
0.0
51
0.0
10
893.1495            
20
4998.9110           
30
49.9107             
1
 893.150 4998.9110
INSERT
8
POINT
62
2
2
CROSS
10
894.1485            
20
4993.0025           
30
50.0833             
41
0.002
42
0.002
43
0.002
50
0.0
0
TEXT
8
CODE
62
3
7
STD
40
0.25
41
1.0
50
0.0
51
0.0
10
894.1485            
20
4993.0025           
30
50.0833             
1
 PN
0
TEXT
8
PT_ID
62
3
7
STD
40
0.25
41
1.0
50
0.0
51
0.0
10
894.1485            
20
4993.0025           
30
50.0833             
1
 435
0
TEXT
8
HEIGHT
62
3
7
STD
40
0.25
41
1.0
50
0.0
51
0.0
10
894.1485            
20
4993.0025           
30
50.0833             
1
 50.083
0
TEXT
8
CO_ORDS
62
3
7
STD
40
0.25
41
1.0
50
0.0
51
0.0
10
894.1485            
20
4993.0025           
30
50.0833             
1
 894.148 4993.0020
INSERT
8
POINT
62
2
2
CROSS
10
900.2162            
20
4994.8483           
30
50.0296             
41
0.002
42
0.002
43
0.002
50
0.0
0
TEXT
8
CODE
62
3
7
STD
40
0.25
41
1.0
50
0.0
51
0.0
10
900.2162            
20
4994.8483           
30
50.0296             
1
 PN
0
TEXT
8
PT_ID
62
3
7
STD
40
0.25
41
1.0
50
0.0
51
0.0
10
900.2162            
20
4994.8483           
30
50.0296             
1
 436
0
TEXT
8
HEIGHT
62
3
7
STD
40
0.25
41
1.0
50
0.0
51
0.0
10
900.2162            
20
4994.8483           
30
50.0296             
1
 50.030
0
TEXT
8
CO_ORDS
62
3
7
STD
40
0.25
41
1.0
50
0.0
51
0.0
10
900.2162            
20
4994.8483           
30
50.0296             
1
 900.216 4994.8480
INSERT
8
POINT
62
2
2
CROSS
10
905.6475            
20
4996.9860           
30
50.2676             
41
0.002
42
0.002
43
0.002
50
0.0
0
TEXT
8
CODE
62
3
7
STD
40
0.25
41
1.0
50
0.0
51
0.0
10
905.6475            
20
4996.9860           
30
50.2676             
1
 PN
0
TEXT
8
PT_ID
62
3
7
STD
40
0.25
41
1.0
50
0.0
51
0.0
10
905.6475            
20
4996.9860           
30
50.2676             
1
 437
0
TEXT
8
HEIGHT
62
3
7
STD
40
0.25
41
1.0
50
0.0
51
0.0
10
905.6475            
20
4996.9860           
30
50.2676             
1
 50.268
0
TEXT
8
CO_ORDS
62
3
7
STD
40
0.25
41
1.0
50
0.0
51
0.0
10
905.6475            
20
4996.9860           
30
50.2676             
1
 905.647 4996.9860
INSERT
8
POINT
62
2
2
CROSS
10
911.5205            
20
4997.7722           
30
50.3935             
41
0.002
42
0.002
43
0.002
50
0.0
0
TEXT
8
CODE
62
3
7
STD
40
0.25
41
1.0
50
0.0
51
0.0
10
911.5205            
20
4997.7722           
30
50.3935             
1
 PN
0
TEXT
8
PT_ID
62
3
7
STD
40
0.25
41
1.0
50
0.0
51
0.0
10
911.5205            
20
4997.7722           
30
50.3935             
1
 438
0
TEXT
8
HEIGHT
62
3
7
STD
40
0.25
41
1.0
50
0.0
51
0.0
10
911.5205            
20
4997.7722           
30
50.3935             
1
 50.393
0
TEXT
8
CO_ORDS
62
3
7
STD
40
0.25
41
1.0
50
0.0
51
0.0
10
911.5205            
20
4997.7722           
30
50.3935             
1
 911.521 4997.7720
INSERT
8
POINT
62
2
2
CROSS
10
917.6391            
20
4998.5249           
30
50.4101             
41
0.002
42
0.002
43
0.002
50
0.0
0
TEXT
8
CODE
62
3
7
STD
40
0.25
41
1.0
50
0.0
51
0.0
10
917.6391            
20
4998.5249           
30
50.4101             
1
 PN
0
TEXT
8
PT_ID
62
3
7
STD
40
0.25
41
1.0
50
0.0
51
0.0
10
917.6391            
20
4998.5249           
30
50.4101             
1
 439
0
TEXT
8
HEIGHT
62
3
7
STD
40
0.25
41
1.0
50
0.0
51
0.0
10
917.6391            
20
4998.5249           
30
50.4101             
1
 50.410
0
TEXT
8
CO_ORDS
62
3
7
STD
40
0.25
41
1.0
50
0.0
51
0.0
10
917.6391            
20
4998.5249           
30
50.4101             
1
 917.639 4998.5250
INSERT
8
POINT
62
2
2
CROSS
10
918.8008            
20
4992.5300           
30
50.4979             
41
0.002
42
0.002
43
0.002
50
0.0
0
TEXT
8
CODE
62
3
7
STD
40
0.25
41
1.0
50
0.0
51
0.0
10
918.8008            
20
4992.5300           
30
50.4979             
1
 PN
0
TEXT
8
PT_ID
62
3
7
STD
40
0.25
41
1.0
50
0.0
51
0.0
10
918.8008            
20
4992.5300           
30
50.4979             
1
 440
0
TEXT
8
HEIGHT
62
3
7
STD
40
0.25
41
1.0
50
0.0
51
0.0
10
918.8008            
20
4992.5300           
30
50.4979             
1
 50.498
0
TEXT
8
CO_ORDS
62
3
7
STD
40
0.25
41
1.0
50
0.0
51
0.0
10
918.8008            
20
4992.5300           
30
50.4979             
1
 918.801 4992.5300
INSERT
8
POINT
62
2
2
CROSS
10
913.7171            
20
4989.9157           
30
50.4788             
41
0.002
42
0.002
43
0.002
50
0.0
0
TEXT
8
CODE
62
3
7
STD
40
0.25
41
1.0
50
0.0
51
0.0
10
913.7171            
20
4989.9157           
30
50.4788             
1
 PN
0
TEXT
8
PT_ID
62
3
7
STD
40
0.25
41
1.0
50
0.0
51
0.0
10
913.7171            
20
4989.9157           
30
50.4788             
1
 441
0
TEXT
8
HEIGHT
62
3
7
STD
40
0.25
41
1.0
50
0.0
51
0.0
10
913.7171            
20
4989.9157           
30
50.4788             
1
 50.479
0
TEXT
8
CO_ORDS
62
3
7
STD
40
0.25
41
1.0
50
0.0
51
0.0
10
913.7171            
20
4989.9157           
30
50.4788             
1
 913.717 4989.9160
INSERT
8
POINT
62
2
2
CROSS
10
908.9013            
20
4986.8780           
30
50.2154             
41
0.002
42
0.002
43
0.002
50
0.0
0
TEXT
8
CODE
62
3
7
STD
40
0.25
41
1.0
50
0.0
51
0.0
10
908.9013            
20
4986.8780           
30
50.2154             
1
 PN
0
TEXT
8
PT_ID
62
3
7
STD
40
0.25
41
1.0
50
0.0
51
0.0
10
908.9013            
20
4986.8780           
30
50.2154             
1
 442
0
TEXT
8
HEIGHT
62
3
7
STD
40
0.25
41
1.0
50
0.0
51
0.0
10
908.9013            
20
4986.8780           
30
50.2154             
1
 50.215
0
TEXT
8
CO_ORDS
62
3
7
STD
40
0.25
41
1.0
50
0.0
51
0.0
10
908.9013            
20
4986.8780           
30
50.2154             
1
 908.901 4986.8780
INSERT
8
POINT
62
2
2
CROSS
10
908.2804            
20
4982.5732           
30
49.9833             
41
0.002
42
0.002
43
0.002
50
0.0
0
TEXT
8
CODE
62
3
7
STD
40
0.25
41
1.0
50
0.0
51
0.0
10
908.2804            
20
4982.5732           
30
49.9833             
1
 PN
0
TEXT
8
PT_ID
62
3
7
STD
40
0.25
41
1.0
50
0.0
51
0.0
10
908.2804            
20
4982.5732           
30
49.9833             
1
 443
0
TEXT
8
HEIGHT
62
3
7
STD
40
0.25
41
1.0
50
0.0
51
0.0
10
908.2804            
20
4982.5732           
30
49.9833             
1
 49.983
0
TEXT
8
CO_ORDS
62
3
7
STD
40
0.25
41
1.0
50
0.0
51
0.0
10
908.2804            
20
4982.5732           
30
49.9833             
1
 908.280 4982.5730
INSERT
8
POINT
62
2
2
CROSS
10
913.8009            
20
4981.7661           
30
50.2760             
41
0.002
42
0.002
43
0.002
50
0.0
0
TEXT
8
CODE
62
3
7
STD
40
0.25
41
1.0
50
0.0
51
0.0
10
913.8009            
20
4981.7661           
30
50.2760             
1
 PN
0
TEXT
8
PT_ID
62
3
7
STD
40
0.25
41
1.0
50
0.0
51
0.0
10
913.8009            
20
4981.7661           
30
50.2760             
1
 444
0
TEXT
8
HEIGHT
62
3
7
STD
40
0.25
41
1.0
50
0.0
51
0.0
10
913.8009            
20
4981.7661           
30
50.2760             
1
 50.276
0
TEXT
8
CO_ORDS
62
3
7
STD
40
0.25
41
1.0
50
0.0
51
0.0
10
913.8009            
20
4981.7661           
30
50.2760             
1
 913.801 4981.7660
INSERT
8
POINT
62
2
2
CROSS
10
919.4950            
20
4980.8569           
30
50.3647             
41
0.002
42
0.002
43
0.002
50
0.0
0
TEXT
8
CODE
62
3
7
STD
40
0.25
41
1.0
50
0.0
51
0.0
10
919.4950            
20
4980.8569           
30
50.3647             
1
 PN
0
TEXT
8
PT_ID
62
3
7
STD
40
0.25
41
1.0
50
0.0
51
0.0
10
919.4950            
20
4980.8569           
30
50.3647             
1
 445
0
TEXT
8
HEIGHT
62
3
7
STD
40
0.25
41
1.0
50
0.0
51
0.0
10
919.4950            
20
4980.8569           
30
50.3647             
1
 50.365
0
TEXT
8
CO_ORDS
62
3
7
STD
40
0.25
41
1.0
50
0.0
51
0.0
10
919.4950            
20
4980.8569           
30
50.3647             
1
 919.495 4980.8570
INSERT
8
POINT
62
2
2
CROSS
10
917.5577            
20
4975.2527           
30
50.3019             
41
0.002
42
0.002
43
0.002
50
0.0
0
TEXT
8
CODE
62
3
7
STD
40
0.25
41
1.0
50
0.0
51
0.0
10
917.5577            
20
4975.2527           
30
50.3019             
1
 PN
0
TEXT
8
PT_ID
62
3
7
STD
40
0.25
41
1.0
50
0.0
51
0.0
10
917.5577            
20
4975.2527           
30
50.3019             
1
 446
0
TEXT
8
HEIGHT
62
3
7
STD
40
0.25
41
1.0
50
0.0
51
0.0
10
917.5577            
20
4975.2527           
30
50.3019             
1
 50.302
0
TEXT
8
CO_ORDS
62
3
7
STD
40
0.25
41
1.0
50
0.0
51
0.0
10
917.5577            
20
4975.2527           
30
50.3019             
1
 917.558 4975.2530
INSERT
8
POINT
62
2
2
CROSS
10
936.1143            
20
4971.9410           
30
50.1993             
41
0.002
42
0.002
43
0.002
50
0.0
0
TEXT
8
CODE
62
3
7
STD
40
0.25
41
1.0
50
0.0
51
0.0
10
936.1143            
20
4971.9410           
30
50.1993             
1
 AUX
0
TEXT
8
PT_ID
62
3
7
STD
40
0.25
41
1.0
50
0.0
51
0.0
10
936.1143            
20
4971.9410           
30
50.1993             
1
 447
0
TEXT
8
HEIGHT
62
3
7
STD
40
0.25
41
1.0
50
0.0
51
0.0
10
936.1143            
20
4971.9410           
30
50.1993             
1
 50.199
0
TEXT
8
CO_ORDS
62
3
7
STD
40
0.25
41
1.0
50
0.0
51
0.0
10
936.1143            
20
4971.9410           
30
50.1993             
1
 936.114 4971.9410
INSERT
8
POINT
62
2
2
CROSS
10
919.0071            
20
5021.6033           
30
51.2442             
41
0.002
42
0.002
43
0.002
50
0.0
0
TEXT
8
CODE
62
3
7
STD
40
0.25
41
1.0
50
0.0
51
0.0
10
919.0071            
20
5021.6033           
30
51.2442             
1
 PN
0
TEXT
8
PT_ID
62
3
7
STD
40
0.25
41
1.0
50
0.0
51
0.0
10
919.0071            
20
5021.6033           
30
51.2442             
1
 448
0
TEXT
8
HEIGHT
62
3
7
STD
40
0.25
41
1.0
50
0.0
51
0.0
10
919.0071            
20
5021.6033           
30
51.2442             
1
 51.244
0
TEXT
8
CO_ORDS
62
3
7
STD
40
0.25
41
1.0
50
0.0
51
0.0
10
919.0071            
20
5021.6033           
30
51.2442             
1
 919.007 5021.6030
INSERT
8
POINT
62
2
2
CROSS
10
919.9203            
20
5026.5255           
30
51.6004             
41
0.002
42
0.002
43
0.002
50
0.0
0
TEXT
8
CODE
62
3
7
STD
40
0.25
41
1.0
50
0.0
51
0.0
10
919.9203            
20
5026.5255           
30
51.6004             
1
 PN
0
TEXT
8
PT_ID
62
3
7
STD
40
0.25
41
1.0
50
0.0
51
0.0
10
919.9203            
20
5026.5255           
30
51.6004             
1
 449
0
TEXT
8
HEIGHT
62
3
7
STD
40
0.25
41
1.0
50
0.0
51
0.0
10
919.9203            
20
5026.5255           
30
51.6004             
1
 51.600
0
TEXT
8
CO_ORDS
62
3
7
STD
40
0.25
41
1.0
50
0.0
51
0.0
10
919.9203            
20
5026.5255           
30
51.6004             
1
 919.920 5026.5260
INSERT
8
POINT
62
2
2
CROSS
10
921.3276            
20
5028.7924           
30
51.9192             
41
0.002
42
0.002
43
0.002
50
0.0
0
TEXT
8
CODE
62
3
7
STD
40
0.25
41
1.0
50
0.0
51
0.0
10
921.3276            
20
5028.7924           
30
51.9192             
1
 PN
0
TEXT
8
PT_ID
62
3
7
STD
40
0.25
41
1.0
50
0.0
51
0.0
10
921.3276            
20
5028.7924           
30
51.9192             
1
 450
0
TEXT
8
HEIGHT
62
3
7
STD
40
0.25
41
1.0
50
0.0
51
0.0
10
921.3276            
20
5028.7924           
30
51.9192             
1
 51.919
0
TEXT
8
CO_ORDS
62
3
7
STD
40
0.25
41
1.0
50
0.0
51
0.0
10
921.3276            
20
5028.7924           
30
51.9192             
1
 921.328 5028.7920
INSERT
8
POINT
62
2
2
CROSS
10
922.1396            
20
5026.1356           
30
50.7948             
41
0.002
42
0.002
43
0.002
50
0.0
0
TEXT
8
CODE
62
3
7
STD
40
0.25
41
1.0
50
0.0
51
0.0
10
922.1396            
20
5026.1356           
30
50.7948             
1
 PN
0
TEXT
8
PT_ID
62
3
7
STD
40
0.25
41
1.0
50
0.0
51
0.0
10
922.1396            
20
5026.1356           
30
50.7948             
1
 451
0
TEXT
8
HEIGHT
62
3
7
STD
40
0.25
41
1.0
50
0.0
51
0.0
10
922.1396            
20
5026.1356           
30
50.7948             
1
 50.795
0
TEXT
8
CO_ORDS
62
3
7
STD
40
0.25
41
1.0
50
0.0
51
0.0
10
922.1396            
20
5026.1356           
30
50.7948             
1
 922.140 5026.1360
INSERT
8
POINT
62
2
2
CROSS
10
920.9967            
20
5020.8647           
30
50.8601             
41
0.002
42
0.002
43
0.002
50
0.0
0
TEXT
8
CODE
62
3
7
STD
40
0.25
41
1.0
50
0.0
51
0.0
10
920.9967            
20
5020.8647           
30
50.8601             
1
 PN
0
TEXT
8
PT_ID
62
3
7
STD
40
0.25
41
1.0
50
0.0
51
0.0
10
920.9967            
20
5020.8647           
30
50.8601             
1
 452
0
TEXT
8
HEIGHT
62
3
7
STD
40
0.25
41
1.0
50
0.0
51
0.0
10
920.9967            
20
5020.8647           
30
50.8601             
1
 50.860
0
TEXT
8
CO_ORDS
62
3
7
STD
40
0.25
41
1.0
50
0.0
51
0.0
10
920.9967            
20
5020.8647           
30
50.8601             
1
 920.997 5020.8650
INSERT
8
POINT
62
2
2
CROSS
10
923.0969            
20
5033.6802           
30
52.3944             
41
0.002
42
0.002
43
0.002
50
0.0
0
TEXT
8
CODE
62
3
7
STD
40
0.25
41
1.0
50
0.0
51
0.0
10
923.0969            
20
5033.6802           
30
52.3944             
1
 MURO
0
TEXT
8
PT_ID
62
3
7
STD
40
0.25
41
1.0
50
0.0
51
0.0
10
923.0969            
20
5033.6802           
30
52.3944             
1
 453
0
TEXT
8
HEIGHT
62
3
7
STD
40
0.25
41
1.0
50
0.0
51
0.0
10
923.0969            
20
5033.6802           
30
52.3944             
1
 52.394
0
TEXT
8
CO_ORDS
62
3
7
STD
40
0.25
41
1.0
50
0.0
51
0.0
10
923.0969            
20
5033.6802           
30
52.3944             
1
 923.097 5033.6800
INSERT
8
POINT
62
2
2
CROSS
10
924.6103            
20
4967.9484           
30
50.1716             
41
0.002
42
0.002
43
0.002
50
0.0
0
TEXT
8
CODE
62
3
7
STD
40
0.25
41
1.0
50
0.0
51
0.0
10
924.6103            
20
4967.9484           
30
50.1716             
1
 PN
0
TEXT
8
PT_ID
62
3
7
STD
40
0.25
41
1.0
50
0.0
51
0.0
10
924.6103            
20
4967.9484           
30
50.1716             
1
 454
0
TEXT
8
HEIGHT
62
3
7
STD
40
0.25
41
1.0
50
0.0
51
0.0
10
924.6103            
20
4967.9484           
30
50.1716             
1
 50.172
0
TEXT
8
CO_ORDS
62
3
7
STD
40
0.25
41
1.0
50
0.0
51
0.0
10
924.6103            
20
4967.9484           
30
50.1716             
1
 924.610 4967.9480
INSERT
8
POINT
62
2
2
CROSS
10
927.8425            
20
4962.5803           
30
49.7850             
41
0.002
42
0.002
43
0.002
50
0.0
0
TEXT
8
CODE
62
3
7
STD
40
0.25
41
1.0
50
0.0
51
0.0
10
927.8425            
20
4962.5803           
30
49.7850             
1
 PN
0
TEXT
8
PT_ID
62
3
7
STD
40
0.25
41
1.0
50
0.0
51
0.0
10
927.8425            
20
4962.5803           
30
49.7850             
1
 455
0
TEXT
8
HEIGHT
62
3
7
STD
40
0.25
41
1.0
50
0.0
51
0.0
10
927.8425            
20
4962.5803           
30
49.7850             
1
 49.785
0
TEXT
8
CO_ORDS
62
3
7
STD
40
0.25
41
1.0
50
0.0
51
0.0
10
927.8425            
20
4962.5803           
30
49.7850             
1
 927.842 4962.5800
INSERT
8
POINT
62
2
2
CROSS
10
933.6401            
20
4960.1866           
30
49.7226             
41
0.002
42
0.002
43
0.002
50
0.0
0
TEXT
8
CODE
62
3
7
STD
40
0.25
41
1.0
50
0.0
51
0.0
10
933.6401            
20
4960.1866           
30
49.7226             
1
 PN
0
TEXT
8
PT_ID
62
3
7
STD
40
0.25
41
1.0
50
0.0
51
0.0
10
933.6401            
20
4960.1866           
30
49.7226             
1
 456
0
TEXT
8
HEIGHT
62
3
7
STD
40
0.25
41
1.0
50
0.0
51
0.0
10
933.6401            
20
4960.1866           
30
49.7226             
1
 49.723
0
TEXT
8
CO_ORDS
62
3
7
STD
40
0.25
41
1.0
50
0.0
51
0.0
10
933.6401            
20
4960.1866           
30
49.7226             
1
 933.640 4960.1870
INSERT
8
POINT
62
2
2
CROSS
10
938.7503            
20
4958.0618           
30
49.5582             
41
0.002
42
0.002
43
0.002
50
0.0
0
TEXT
8
CODE
62
3
7
STD
40
0.25
41
1.0
50
0.0
51
0.0
10
938.7503            
20
4958.0618           
30
49.5582             
1
 PN
0
TEXT
8
PT_ID
62
3
7
STD
40
0.25
41
1.0
50
0.0
51
0.0
10
938.7503            
20
4958.0618           
30
49.5582             
1
 457
0
TEXT
8
HEIGHT
62
3
7
STD
40
0.25
41
1.0
50
0.0
51
0.0
10
938.7503            
20
4958.0618           
30
49.5582             
1
 49.558
0
TEXT
8
CO_ORDS
62
3
7
STD
40
0.25
41
1.0
50
0.0
51
0.0
10
938.7503            
20
4958.0618           
30
49.5582             
1
 938.750 4958.0620
INSERT
8
POINT
62
2
2
CROSS
10
943.9313            
20
4955.5821           
30
49.7624             
41
0.002
42
0.002
43
0.002
50
0.0
0
TEXT
8
CODE
62
3
7
STD
40
0.25
41
1.0
50
0.0
51
0.0
10
943.9313            
20
4955.5821           
30
49.7624             
1
 PN
0
TEXT
8
PT_ID
62
3
7
STD
40
0.25
41
1.0
50
0.0
51
0.0
10
943.9313            
20
4955.5821           
30
49.7624             
1
 458
0
TEXT
8
HEIGHT
62
3
7
STD
40
0.25
41
1.0
50
0.0
51
0.0
10
943.9313            
20
4955.5821           
30
49.7624             
1
 49.762
0
TEXT
8
CO_ORDS
62
3
7
STD
40
0.25
41
1.0
50
0.0
51
0.0
10
943.9313            
20
4955.5821           
30
49.7624             
1
 943.931 4955.5820
INSERT
8
POINT
62
2
2
CROSS
10
950.6223            
20
4955.7629           
30
50.4072             
41
0.002
42
0.002
43
0.002
50
0.0
0
TEXT
8
CODE
62
3
7
STD
40
0.25
41
1.0
50
0.0
51
0.0
10
950.6223            
20
4955.7629           
30
50.4072             
1
 PN
0
TEXT
8
PT_ID
62
3
7
STD
40
0.25
41
1.0
50
0.0
51
0.0
10
950.6223            
20
4955.7629           
30
50.4072             
1
 459
0
TEXT
8
HEIGHT
62
3
7
STD
40
0.25
41
1.0
50
0.0
51
0.0
10
950.6223            
20
4955.7629           
30
50.4072             
1
 50.407
0
TEXT
8
CO_ORDS
62
3
7
STD
40
0.25
41
1.0
50
0.0
51
0.0
10
950.6223            
20
4955.7629           
30
50.4072             
1
 950.622 4955.7630
INSERT
8
POINT
62
2
2
CROSS
10
955.4426            
20
4954.4541           
30
50.3816             
41
0.002
42
0.002
43
0.002
50
0.0
0
TEXT
8
CODE
62
3
7
STD
40
0.25
41
1.0
50
0.0
51
0.0
10
955.4426            
20
4954.4541           
30
50.3816             
1
 PN
0
TEXT
8
PT_ID
62
3
7
STD
40
0.25
41
1.0
50
0.0
51
0.0
10
955.4426            
20
4954.4541           
30
50.3816             
1
 460
0
TEXT
8
HEIGHT
62
3
7
STD
40
0.25
41
1.0
50
0.0
51
0.0
10
955.4426            
20
4954.4541           
30
50.3816             
1
 50.382
0
TEXT
8
CO_ORDS
62
3
7
STD
40
0.25
41
1.0
50
0.0
51
0.0
10
955.4426            
20
4954.4541           
30
50.3816             
1
 955.443 4954.4540
INSERT
8
POINT
62
2
2
CROSS
10
926.4426            
20
5027.6516           
30
50.6001             
41
0.002
42
0.002
43
0.002
50
0.0
0
TEXT
8
CODE
62
3
7
STD
40
0.25
41
1.0
50
0.0
51
0.0
10
926.4426            
20
5027.6516           
30
50.6001             
1
 PN
0
TEXT
8
PT_ID
62
3
7
STD
40
0.25
41
1.0
50
0.0
51
0.0
10
926.4426            
20
5027.6516           
30
50.6001             
1
 461
0
TEXT
8
HEIGHT
62
3
7
STD
40
0.25
41
1.0
50
0.0
51
0.0
10
926.4426            
20
5027.6516           
30
50.6001             
1
 50.600
0
TEXT
8
CO_ORDS
62
3
7
STD
40
0.25
41
1.0
50
0.0
51
0.0
10
926.4426            
20
5027.6516           
30
50.6001             
1
 926.443 5027.6520
INSERT
8
POINT
62
2
2
CROSS
10
927.6182            
20
5021.8369           
30
50.4444             
41
0.002
42
0.002
43
0.002
50
0.0
0
TEXT
8
CODE
62
3
7
STD
40
0.25
41
1.0
50
0.0
51
0.0
10
927.6182            
20
5021.8369           
30
50.4444             
1
 PN
0
TEXT
8
PT_ID
62
3
7
STD
40
0.25
41
1.0
50
0.0
51
0.0
10
927.6182            
20
5021.8369           
30
50.4444             
1
 462
0
TEXT
8
HEIGHT
62
3
7
STD
40
0.25
41
1.0
50
0.0
51
0.0
10
927.6182            
20
5021.8369           
30
50.4444             
1
 50.444
0
TEXT
8
CO_ORDS
62
3
7
STD
40
0.25
41
1.0
50
0.0
51
0.0
10
927.6182            
20
5021.8369           
30
50.4444             
1
 927.618 5021.8370
INSERT
8
POINT
62
2
2
CROSS
10
928.2323            
20
5015.5861           
30
50.4937             
41
0.002
42
0.002
43
0.002
50
0.0
0
TEXT
8
CODE
62
3
7
STD
40
0.25
41
1.0
50
0.0
51
0.0
10
928.2323            
20
5015.5861           
30
50.4937             
1
 PN
0
TEXT
8
PT_ID
62
3
7
STD
40
0.25
41
1.0
50
0.0
51
0.0
10
928.2323            
20
5015.5861           
30
50.4937             
1
 463
0
TEXT
8
HEIGHT
62
3
7
STD
40
0.25
41
1.0
50
0.0
51
0.0
10
928.2323            
20
5015.5861           
30
50.4937             
1
 50.494
0
TEXT
8
CO_ORDS
62
3
7
STD
40
0.25
41
1.0
50
0.0
51
0.0
10
928.2323            
20
5015.5861           
30
50.4937             
1
 928.232 5015.5860
INSERT
8
POINT
62
2
2
CROSS
10
929.0970            
20
5009.0471           
30
50.5519             
41
0.002
42
0.002
43
0.002
50
0.0
0
TEXT
8
CODE
62
3
7
STD
40
0.25
41
1.0
50
0.0
51
0.0
10
929.0970            
20
5009.0471           
30
50.5519             
1
 PN
0
TEXT
8
PT_ID
62
3
7
STD
40
0.25
41
1.0
50
0.0
51
0.0
10
929.0970            
20
5009.0471           
30
50.5519             
1
 464
0
TEXT
8
HEIGHT
62
3
7
STD
40
0.25
41
1.0
50
0.0
51
0.0
10
929.0970            
20
5009.0471           
30
50.5519             
1
 50.552
0
TEXT
8
CO_ORDS
62
3
7
STD
40
0.25
41
1.0
50
0.0
51
0.0
10
929.0970            
20
5009.0471           
30
50.5519             
1
 929.097 5009.0470
INSERT
8
POINT
62
2
2
CROSS
10
929.3638            
20
5002.4093           
30
50.3983             
41
0.002
42
0.002
43
0.002
50
0.0
0
TEXT
8
CODE
62
3
7
STD
40
0.25
41
1.0
50
0.0
51
0.0
10
929.3638            
20
5002.4093           
30
50.3983             
1
 PN
0
TEXT
8
PT_ID
62
3
7
STD
40
0.25
41
1.0
50
0.0
51
0.0
10
929.3638            
20
5002.4093           
30
50.3983             
1
 465
0
TEXT
8
HEIGHT
62
3
7
STD
40
0.25
41
1.0
50
0.0
51
0.0
10
929.3638            
20
5002.4093           
30
50.3983             
1
 50.398
0
TEXT
8
CO_ORDS
62
3
7
STD
40
0.25
41
1.0
50
0.0
51
0.0
10
929.3638            
20
5002.4093           
30
50.3983             
1
 929.364 5002.4090
INSERT
8
POINT
62
2
2
CROSS
10
929.5295            
20
4995.9962           
30
50.5669             
41
0.002
42
0.002
43
0.002
50
0.0
0
TEXT
8
CODE
62
3
7
STD
40
0.25
41
1.0
50
0.0
51
0.0
10
929.5295            
20
4995.9962           
30
50.5669             
1
 PN
0
TEXT
8
PT_ID
62
3
7
STD
40
0.25
41
1.0
50
0.0
51
0.0
10
929.5295            
20
4995.9962           
30
50.5669             
1
 466
0
TEXT
8
HEIGHT
62
3
7
STD
40
0.25
41
1.0
50
0.0
51
0.0
10
929.5295            
20
4995.9962           
30
50.5669             
1
 50.567
0
TEXT
8
CO_ORDS
62
3
7
STD
40
0.25
41
1.0
50
0.0
51
0.0
10
929.5295            
20
4995.9962           
30
50.5669             
1
 929.529 4995.9960
INSERT
8
POINT
62
2
2
CROSS
10
930.1284            
20
4989.3284           
30
50.5049             
41
0.002
42
0.002
43
0.002
50
0.0
0
TEXT
8
CODE
62
3
7
STD
40
0.25
41
1.0
50
0.0
51
0.0
10
930.1284            
20
4989.3284           
30
50.5049             
1
 PN
0
TEXT
8
PT_ID
62
3
7
STD
40
0.25
41
1.0
50
0.0
51
0.0
10
930.1284            
20
4989.3284           
30
50.5049             
1
 467
0
TEXT
8
HEIGHT
62
3
7
STD
40
0.25
41
1.0
50
0.0
51
0.0
10
930.1284            
20
4989.3284           
30
50.5049             
1
 50.505
0
TEXT
8
CO_ORDS
62
3
7
STD
40
0.25
41
1.0
50
0.0
51
0.0
10
930.1284            
20
4989.3284           
30
50.5049             
1
 930.128 4989.3280
INSERT
8
POINT
62
2
2
CROSS
10
930.6386            
20
4983.5221           
30
50.4430             
41
0.002
42
0.002
43
0.002
50
0.0
0
TEXT
8
CODE
62
3
7
STD
40
0.25
41
1.0
50
0.0
51
0.0
10
930.6386            
20
4983.5221           
30
50.4430             
1
 PN
0
TEXT
8
PT_ID
62
3
7
STD
40
0.25
41
1.0
50
0.0
51
0.0
10
930.6386            
20
4983.5221           
30
50.4430             
1
 468
0
TEXT
8
HEIGHT
62
3
7
STD
40
0.25
41
1.0
50
0.0
51
0.0
10
930.6386            
20
4983.5221           
30
50.4430             
1
 50.443
0
TEXT
8
CO_ORDS
62
3
7
STD
40
0.25
41
1.0
50
0.0
51
0.0
10
930.6386            
20
4983.5221           
30
50.4430             
1
 930.639 4983.5220
INSERT
8
POINT
62
2
2
CROSS
10
931.0816            
20
4977.2776           
30
50.2233             
41
0.002
42
0.002
43
0.002
50
0.0
0
TEXT
8
CODE
62
3
7
STD
40
0.25
41
1.0
50
0.0
51
0.0
10
931.0816            
20
4977.2776           
30
50.2233             
1
 PN
0
TEXT
8
PT_ID
62
3
7
STD
40
0.25
41
1.0
50
0.0
51
0.0
10
931.0816            
20
4977.2776           
30
50.2233             
1
 469
0
TEXT
8
HEIGHT
62
3
7
STD
40
0.25
41
1.0
50
0.0
51
0.0
10
931.0816            
20
4977.2776           
30
50.2233             
1
 50.223
0
TEXT
8
CO_ORDS
62
3
7
STD
40
0.25
41
1.0
50
0.0
51
0.0
10
931.0816            
20
4977.2776           
30
50.2233             
1
 931.082 4977.2780
INSERT
8
POINT
62
2
2
CROSS
10
931.7352            
20
4971.3386           
30
50.1524             
41
0.002
42
0.002
43
0.002
50
0.0
0
TEXT
8
CODE
62
3
7
STD
40
0.25
41
1.0
50
0.0
51
0.0
10
931.7352            
20
4971.3386           
30
50.1524             
1
 PN
0
TEXT
8
PT_ID
62
3
7
STD
40
0.25
41
1.0
50
0.0
51
0.0
10
931.7352            
20
4971.3386           
30
50.1524             
1
 470
0
TEXT
8
HEIGHT
62
3
7
STD
40
0.25
41
1.0
50
0.0
51
0.0
10
931.7352            
20
4971.3386           
30
50.1524             
1
 50.152
0
TEXT
8
CO_ORDS
62
3
7
STD
40
0.25
41
1.0
50
0.0
51
0.0
10
931.7352            
20
4971.3386           
30
50.1524             
1
 931.735 4971.3390
INSERT
8
POINT
62
2
2
CROSS
10
932.2995            
20
4965.3234           
30
49.8593             
41
0.002
42
0.002
43
0.002
50
0.0
0
TEXT
8
CODE
62
3
7
STD
40
0.25
41
1.0
50
0.0
51
0.0
10
932.2995            
20
4965.3234           
30
49.8593             
1
 PN
0
TEXT
8
PT_ID
62
3
7
STD
40
0.25
41
1.0
50
0.0
51
0.0
10
932.2995            
20
4965.3234           
30
49.8593             
1
 471
0
TEXT
8
HEIGHT
62
3
7
STD
40
0.25
41
1.0
50
0.0
51
0.0
10
932.2995            
20
4965.3234           
30
49.8593             
1
 49.859
0
TEXT
8
CO_ORDS
62
3
7
STD
40
0.25
41
1.0
50
0.0
51
0.0
10
932.2995            
20
4965.3234           
30
49.8593             
1
 932.299 4965.3230
INSERT
8
POINT
62
2
2
CROSS
10
938.3866            
20
4965.1854           
30
49.8371             
41
0.002
42
0.002
43
0.002
50
0.0
0
TEXT
8
CODE
62
3
7
STD
40
0.25
41
1.0
50
0.0
51
0.0
10
938.3866            
20
4965.1854           
30
49.8371             
1
 PN
0
TEXT
8
PT_ID
62
3
7
STD
40
0.25
41
1.0
50
0.0
51
0.0
10
938.3866            
20
4965.1854           
30
49.8371             
1
 472
0
TEXT
8
HEIGHT
62
3
7
STD
40
0.25
41
1.0
50
0.0
51
0.0
10
938.3866            
20
4965.1854           
30
49.8371             
1
 49.837
0
TEXT
8
CO_ORDS
62
3
7
STD
40
0.25
41
1.0
50
0.0
51
0.0
10
938.3866            
20
4965.1854           
30
49.8371             
1
 938.387 4965.1850
INSERT
8
POINT
62
2
2
CROSS
10
938.6256            
20
4971.2902           
30
50.1313             
41
0.002
42
0.002
43
0.002
50
0.0
0
TEXT
8
CODE
62
3
7
STD
40
0.25
41
1.0
50
0.0
51
0.0
10
938.6256            
20
4971.2902           
30
50.1313             
1
 PN
0
TEXT
8
PT_ID
62
3
7
STD
40
0.25
41
1.0
50
0.0
51
0.0
10
938.6256            
20
4971.2902           
30
50.1313             
1
 473
0
TEXT
8
HEIGHT
62
3
7
STD
40
0.25
41
1.0
50
0.0
51
0.0
10
938.6256            
20
4971.2902           
30
50.1313             
1
 50.131
0
TEXT
8
CO_ORDS
62
3
7
STD
40
0.25
41
1.0
50
0.0
51
0.0
10
938.6256            
20
4971.2902           
30
50.1313             
1
 938.626 4971.2900
INSERT
8
POINT
62
2
2
CROSS
10
938.1266            
20
4977.3581           
30
50.3771             
41
0.002
42
0.002
43
0.002
50
0.0
0
TEXT
8
CODE
62
3
7
STD
40
0.25
41
1.0
50
0.0
51
0.0
10
938.1266            
20
4977.3581           
30
50.3771             
1
 PN
0
TEXT
8
PT_ID
62
3
7
STD
40
0.25
41
1.0
50
0.0
51
0.0
10
938.1266            
20
4977.3581           
30
50.3771             
1
 474
0
TEXT
8
HEIGHT
62
3
7
STD
40
0.25
41
1.0
50
0.0
51
0.0
10
938.1266            
20
4977.3581           
30
50.3771             
1
 50.377
0
TEXT
8
CO_ORDS
62
3
7
STD
40
0.25
41
1.0
50
0.0
51
0.0
10
938.1266            
20
4977.3581           
30
50.3771             
1
 938.127 4977.3580
INSERT
8
POINT
62
2
2
CROSS
10
937.8584            
20
4983.5506           
30
50.4960             
41
0.002
42
0.002
43
0.002
50
0.0
0
TEXT
8
CODE
62
3
7
STD
40
0.25
41
1.0
50
0.0
51
0.0
10
937.8584            
20
4983.5506           
30
50.4960             
1
 PN
0
TEXT
8
PT_ID
62
3
7
STD
40
0.25
41
1.0
50
0.0
51
0.0
10
937.8584            
20
4983.5506           
30
50.4960             
1
 475
0
TEXT
8
HEIGHT
62
3
7
STD
40
0.25
41
1.0
50
0.0
51
0.0
10
937.8584            
20
4983.5506           
30
50.4960             
1
 50.496
0
TEXT
8
CO_ORDS
62
3
7
STD
40
0.25
41
1.0
50
0.0
51
0.0
10
937.8584            
20
4983.5506           
30
50.4960             
1
 937.858 4983.5510
INSERT
8
POINT
62
2
2
CROSS
10
937.7753            
20
4989.6307           
30
50.5124             
41
0.002
42
0.002
43
0.002
50
0.0
0
TEXT
8
CODE
62
3
7
STD
40
0.25
41
1.0
50
0.0
51
0.0
10
937.7753            
20
4989.6307           
30
50.5124             
1
 PN
0
TEXT
8
PT_ID
62
3
7
STD
40
0.25
41
1.0
50
0.0
51
0.0
10
937.7753            
20
4989.6307           
30
50.5124             
1
 476
0
TEXT
8
HEIGHT
62
3
7
STD
40
0.25
41
1.0
50
0.0
51
0.0
10
937.7753            
20
4989.6307           
30
50.5124             
1
 50.512
0
TEXT
8
CO_ORDS
62
3
7
STD
40
0.25
41
1.0
50
0.0
51
0.0
10
937.7753            
20
4989.6307           
30
50.5124             
1
 937.775 4989.6310
INSERT
8
POINT
62
2
2
CROSS
10
937.4707            
20
4995.5955           
30
50.5265             
41
0.002
42
0.002
43
0.002
50
0.0
0
TEXT
8
CODE
62
3
7
STD
40
0.25
41
1.0
50
0.0
51
0.0
10
937.4707            
20
4995.5955           
30
50.5265             
1
 PN
0
TEXT
8
PT_ID
62
3
7
STD
40
0.25
41
1.0
50
0.0
51
0.0
10
937.4707            
20
4995.5955           
30
50.5265             
1
 477
0
TEXT
8
HEIGHT
62
3
7
STD
40
0.25
41
1.0
50
0.0
51
0.0
10
937.4707            
20
4995.5955           
30
50.5265             
1
 50.527
0
TEXT
8
CO_ORDS
62
3
7
STD
40
0.25
41
1.0
50
0.0
51
0.0
10
937.4707            
20
4995.5955           
30
50.5265             
1
 937.471 4995.5950
INSERT
8
POINT
62
2
2
CROSS
10
937.1882            
20
5001.5716           
30
50.4180             
41
0.002
42
0.002
43
0.002
50
0.0
0
TEXT
8
CODE
62
3
7
STD
40
0.25
41
1.0
50
0.0
51
0.0
10
937.1882            
20
5001.5716           
30
50.4180             
1
 PN
0
TEXT
8
PT_ID
62
3
7
STD
40
0.25
41
1.0
50
0.0
51
0.0
10
937.1882            
20
5001.5716           
30
50.4180             
1
 478
0
TEXT
8
HEIGHT
62
3
7
STD
40
0.25
41
1.0
50
0.0
51
0.0
10
937.1882            
20
5001.5716           
30
50.4180             
1
 50.418
0
TEXT
8
CO_ORDS
62
3
7
STD
40
0.25
41
1.0
50
0.0
51
0.0
10
937.1882            
20
5001.5716           
30
50.4180             
1
 937.188 5001.5720
INSERT
8
POINT
62
2
2
CROSS
10
936.5845            
20
5007.6838           
30
50.4854             
41
0.002
42
0.002
43
0.002
50
0.0
0
TEXT
8
CODE
62
3
7
STD
40
0.25
41
1.0
50
0.0
51
0.0
10
936.5845            
20
5007.6838           
30
50.4854             
1
 PN
0
TEXT
8
PT_ID
62
3
7
STD
40
0.25
41
1.0
50
0.0
51
0.0
10
936.5845            
20
5007.6838           
30
50.4854             
1
 479
0
TEXT
8
HEIGHT
62
3
7
STD
40
0.25
41
1.0
50
0.0
51
0.0
10
936.5845            
20
5007.6838           
30
50.4854             
1
 50.485
0
TEXT
8
CO_ORDS
62
3
7
STD
40
0.25
41
1.0
50
0.0
51
0.0
10
936.5845            
20
5007.6838           
30
50.4854             
1
 936.584 5007.6840
INSERT
8
POINT
62
2
2
CROSS
10
935.9727            
20
5013.7953           
30
50.4668             
41
0.002
42
0.002
43
0.002
50
0.0
0
TEXT
8
CODE
62
3
7
STD
40
0.25
41
1.0
50
0.0
51
0.0
10
935.9727            
20
5013.7953           
30
50.4668             
1
 PN
0
TEXT
8
PT_ID
62
3
7
STD
40
0.25
41
1.0
50
0.0
51
0.0
10
935.9727            
20
5013.7953           
30
50.4668             
1
 480
0
TEXT
8
HEIGHT
62
3
7
STD
40
0.25
41
1.0
50
0.0
51
0.0
10
935.9727            
20
5013.7953           
30
50.4668             
1
 50.467
0
TEXT
8
CO_ORDS
62
3
7
STD
40
0.25
41
1.0
50
0.0
51
0.0
10
935.9727            
20
5013.7953           
30
50.4668             
1
 935.973 5013.7950
INSERT
8
POINT
62
2
2
CROSS
10
935.6275            
20
5019.9958           
30
50.4480             
41
0.002
42
0.002
43
0.002
50
0.0
0
TEXT
8
CODE
62
3
7
STD
40
0.25
41
1.0
50
0.0
51
0.0
10
935.6275            
20
5019.9958           
30
50.4480             
1
 PN
0
TEXT
8
PT_ID
62
3
7
STD
40
0.25
41
1.0
50
0.0
51
0.0
10
935.6275            
20
5019.9958           
30
50.4480             
1
 481
0
TEXT
8
HEIGHT
62
3
7
STD
40
0.25
41
1.0
50
0.0
51
0.0
10
935.6275            
20
5019.9958           
30
50.4480             
1
 50.448
0
TEXT
8
CO_ORDS
62
3
7
STD
40
0.25
41
1.0
50
0.0
51
0.0
10
935.6275            
20
5019.9958           
30
50.4480             
1
 935.628 5019.9960
INSERT
8
POINT
62
2
2
CROSS
10
934.9253            
20
5026.3254           
30
50.4375             
41
0.002
42
0.002
43
0.002
50
0.0
0
TEXT
8
CODE
62
3
7
STD
40
0.25
41
1.0
50
0.0
51
0.0
10
934.9253            
20
5026.3254           
30
50.4375             
1
 PN
0
TEXT
8
PT_ID
62
3
7
STD
40
0.25
41
1.0
50
0.0
51
0.0
10
934.9253            
20
5026.3254           
30
50.4375             
1
 482
0
TEXT
8
HEIGHT
62
3
7
STD
40
0.25
41
1.0
50
0.0
51
0.0
10
934.9253            
20
5026.3254           
30
50.4375             
1
 50.437
0
TEXT
8
CO_ORDS
62
3
7
STD
40
0.25
41
1.0
50
0.0
51
0.0
10
934.9253            
20
5026.3254           
30
50.4375             
1
 934.925 5026.3250
INSERT
8
POINT
62
2
2
CROSS
10
977.0668            
20
4966.0751           
30
50.3367             
41
0.002
42
0.002
43
0.002
50
0.0
0
TEXT
8
CODE
62
3
7
STD
40
0.25
41
1.0
50
0.0
51
0.0
10
977.0668            
20
4966.0751           
30
50.3367             
1
 AUX
0
TEXT
8
PT_ID
62
3
7
STD
40
0.25
41
1.0
50
0.0
51
0.0
10
977.0668            
20
4966.0751           
30
50.3367             
1
 483
0
TEXT
8
HEIGHT
62
3
7
STD
40
0.25
41
1.0
50
0.0
51
0.0
10
977.0668            
20
4966.0751           
30
50.3367             
1
 50.337
0
TEXT
8
CO_ORDS
62
3
7
STD
40
0.25
41
1.0
50
0.0
51
0.0
10
977.0668            
20
4966.0751           
30
50.3367             
1
 977.067 4966.0750
INSERT
8
POINT
62
2
2
CROSS
10
959.1702            
20
4951.2116           
30
49.9407             
41
0.002
42
0.002
43
0.002
50
0.0
0
TEXT
8
CODE
62
3
7
STD
40
0.25
41
1.0
50
0.0
51
0.0
10
959.1702            
20
4951.2116           
30
49.9407             
1
 PN
0
TEXT
8
PT_ID
62
3
7
STD
40
0.25
41
1.0
50
0.0
51
0.0
10
959.1702            
20
4951.2116           
30
49.9407             
1
 484
0
TEXT
8
HEIGHT
62
3
7
STD
40
0.25
41
1.0
50
0.0
51
0.0
10
959.1702            
20
4951.2116           
30
49.9407             
1
 49.941
0
TEXT
8
CO_ORDS
62
3
7
STD
40
0.25
41
1.0
50
0.0
51
0.0
10
959.1702            
20
4951.2116           
30
49.9407             
1
 959.170 4951.2120
INSERT
8
POINT
62
2
2
CROSS
10
965.2433            
20
4950.6501           
30
50.2659             
41
0.002
42
0.002
43
0.002
50
0.0
0
TEXT
8
CODE
62
3
7
STD
40
0.25
41
1.0
50
0.0
51
0.0
10
965.2433            
20
4950.6501           
30
50.2659             
1
 PN
0
TEXT
8
PT_ID
62
3
7
STD
40
0.25
41
1.0
50
0.0
51
0.0
10
965.2433            
20
4950.6501           
30
50.2659             
1
 485
0
TEXT
8
HEIGHT
62
3
7
STD
40
0.25
41
1.0
50
0.0
51
0.0
10
965.2433            
20
4950.6501           
30
50.2659             
1
 50.266
0
TEXT
8
CO_ORDS
62
3
7
STD
40
0.25
41
1.0
50
0.0
51
0.0
10
965.2433            
20
4950.6501           
30
50.2659             
1
 965.243 4950.6500
INSERT
8
POINT
62
2
2
CROSS
10
969.5480            
20
4952.6186           
30
50.4120             
41
0.002
42
0.002
43
0.002
50
0.0
0
TEXT
8
CODE
62
3
7
STD
40
0.25
41
1.0
50
0.0
51
0.0
10
969.5480            
20
4952.6186           
30
50.4120             
1
 PN
0
TEXT
8
PT_ID
62
3
7
STD
40
0.25
41
1.0
50
0.0
51
0.0
10
969.5480            
20
4952.6186           
30
50.4120             
1
 486
0
TEXT
8
HEIGHT
62
3
7
STD
40
0.25
41
1.0
50
0.0
51
0.0
10
969.5480            
20
4952.6186           
30
50.4120             
1
 50.412
0
TEXT
8
CO_ORDS
62
3
7
STD
40
0.25
41
1.0
50
0.0
51
0.0
10
969.5480            
20
4952.6186           
30
50.4120             
1
 969.548 4952.6190
INSERT
8
POINT
62
2
2
CROSS
10
969.5630            
20
4958.6372           
30
50.3563             
41
0.002
42
0.002
43
0.002
50
0.0
0
TEXT
8
CODE
62
3
7
STD
40
0.25
41
1.0
50
0.0
51
0.0
10
969.5630            
20
4958.6372           
30
50.3563             
1
 PN
0
TEXT
8
PT_ID
62
3
7
STD
40
0.25
41
1.0
50
0.0
51
0.0
10
969.5630            
20
4958.6372           
30
50.3563             
1
 487
0
TEXT
8
HEIGHT
62
3
7
STD
40
0.25
41
1.0
50
0.0
51
0.0
10
969.5630            
20
4958.6372           
30
50.3563             
1
 50.356
0
TEXT
8
CO_ORDS
62
3
7
STD
40
0.25
41
1.0
50
0.0
51
0.0
10
969.5630            
20
4958.6372           
30
50.3563             
1
 969.563 4958.6370
INSERT
8
POINT
62
2
2
CROSS
10
972.6970            
20
4962.0650           
30
50.5697             
41
0.002
42
0.002
43
0.002
50
0.0
0
TEXT
8
CODE
62
3
7
STD
40
0.25
41
1.0
50
0.0
51
0.0
10
972.6970            
20
4962.0650           
30
50.5697             
1
 PN
0
TEXT
8
PT_ID
62
3
7
STD
40
0.25
41
1.0
50
0.0
51
0.0
10
972.6970            
20
4962.0650           
30
50.5697             
1
 488
0
TEXT
8
HEIGHT
62
3
7
STD
40
0.25
41
1.0
50
0.0
51
0.0
10
972.6970            
20
4962.0650           
30
50.5697             
1
 50.570
0
TEXT
8
CO_ORDS
62
3
7
STD
40
0.25
41
1.0
50
0.0
51
0.0
10
972.6970            
20
4962.0650           
30
50.5697             
1
 972.697 4962.0650
INSERT
8
POINT
62
2
2
CROSS
10
942.7182            
20
5028.9616           
30
50.6561             
41
0.002
42
0.002
43
0.002
50
0.0
0
TEXT
8
CODE
62
3
7
STD
40
0.25
41
1.0
50
0.0
51
0.0
10
942.7182            
20
5028.9616           
30
50.6561             
1
 PN
0
TEXT
8
PT_ID
62
3
7
STD
40
0.25
41
1.0
50
0.0
51
0.0
10
942.7182            
20
5028.9616           
30
50.6561             
1
 489
0
TEXT
8
HEIGHT
62
3
7
STD
40
0.25
41
1.0
50
0.0
51
0.0
10
942.7182            
20
5028.9616           
30
50.6561             
1
 50.656
0
TEXT
8
CO_ORDS
62
3
7
STD
40
0.25
41
1.0
50
0.0
51
0.0
10
942.7182            
20
5028.9616           
30
50.6561             
1
 942.718 5028.9620
INSERT
8
POINT
62
2
2
CROSS
10
943.4384            
20
5022.9254           
30
50.4486             
41
0.002
42
0.002
43
0.002
50
0.0
0
TEXT
8
CODE
62
3
7
STD
40
0.25
41
1.0
50
0.0
51
0.0
10
943.4384            
20
5022.9254           
30
50.4486             
1
 PN
0
TEXT
8
PT_ID
62
3
7
STD
40
0.25
41
1.0
50
0.0
51
0.0
10
943.4384            
20
5022.9254           
30
50.4486             
1
 490
0
TEXT
8
HEIGHT
62
3
7
STD
40
0.25
41
1.0
50
0.0
51
0.0
10
943.4384            
20
5022.9254           
30
50.4486             
1
 50.449
0
TEXT
8
CO_ORDS
62
3
7
STD
40
0.25
41
1.0
50
0.0
51
0.0
10
943.4384            
20
5022.9254           
30
50.4486             
1
 943.438 5022.9250
INSERT
8
POINT
62
2
2
CROSS
10
945.1380            
20
5017.1308           
30
50.3741             
41
0.002
42
0.002
43
0.002
50
0.0
0
TEXT
8
CODE
62
3
7
STD
40
0.25
41
1.0
50
0.0
51
0.0
10
945.1380            
20
5017.1308           
30
50.3741             
1
 PN
0
TEXT
8
PT_ID
62
3
7
STD
40
0.25
41
1.0
50
0.0
51
0.0
10
945.1380            
20
5017.1308           
30
50.3741             
1
 491
0
TEXT
8
HEIGHT
62
3
7
STD
40
0.25
41
1.0
50
0.0
51
0.0
10
945.1380            
20
5017.1308           
30
50.3741             
1
 50.374
0
TEXT
8
CO_ORDS
62
3
7
STD
40
0.25
41
1.0
50
0.0
51
0.0
10
945.1380            
20
5017.1308           
30
50.3741             
1
 945.138 5017.1310
INSERT
8
POINT
62
2
2
CROSS
10
946.0811            
20
5011.2009           
30
50.3990             
41
0.002
42
0.002
43
0.002
50
0.0
0
TEXT
8
CODE
62
3
7
STD
40
0.25
41
1.0
50
0.0
51
0.0
10
946.0811            
20
5011.2009           
30
50.3990             
1
 PN
0
TEXT
8
PT_ID
62
3
7
STD
40
0.25
41
1.0
50
0.0
51
0.0
10
946.0811            
20
5011.2009           
30
50.3990             
1
 492
0
TEXT
8
HEIGHT
62
3
7
STD
40
0.25
41
1.0
50
0.0
51
0.0
10
946.0811            
20
5011.2009           
30
50.3990             
1
 50.399
0
TEXT
8
CO_ORDS
62
3
7
STD
40
0.25
41
1.0
50
0.0
51
0.0
10
946.0811            
20
5011.2009           
30
50.3990             
1
 946.081 5011.2010
INSERT
8
POINT
62
2
2
CROSS
10
947.1792            
20
5004.6861           
30
50.3839             
41
0.002
42
0.002
43
0.002
50
0.0
0
TEXT
8
CODE
62
3
7
STD
40
0.25
41
1.0
50
0.0
51
0.0
10
947.1792            
20
5004.6861           
30
50.3839             
1
 PN
0
TEXT
8
PT_ID
62
3
7
STD
40
0.25
41
1.0
50
0.0
51
0.0
10
947.1792            
20
5004.6861           
30
50.3839             
1
 493
0
TEXT
8
HEIGHT
62
3
7
STD
40
0.25
41
1.0
50
0.0
51
0.0
10
947.1792            
20
5004.6861           
30
50.3839             
1
 50.384
0
TEXT
8
CO_ORDS
62
3
7
STD
40
0.25
41
1.0
50
0.0
51
0.0
10
947.1792            
20
5004.6861           
30
50.3839             
1
 947.179 5004.6860
INSERT
8
POINT
62
2
2
CROSS
10
948.4881            
20
4999.5507           
30
50.4752             
41
0.002
42
0.002
43
0.002
50
0.0
0
TEXT
8
CODE
62
3
7
STD
40
0.25
41
1.0
50
0.0
51
0.0
10
948.4881            
20
4999.5507           
30
50.4752             
1
 PN
0
TEXT
8
PT_ID
62
3
7
STD
40
0.25
41
1.0
50
0.0
51
0.0
10
948.4881            
20
4999.5507           
30
50.4752             
1
 494
0
TEXT
8
HEIGHT
62
3
7
STD
40
0.25
41
1.0
50
0.0
51
0.0
10
948.4881            
20
4999.5507           
30
50.4752             
1
 50.475
0
TEXT
8
CO_ORDS
62
3
7
STD
40
0.25
41
1.0
50
0.0
51
0.0
10
948.4881            
20
4999.5507           
30
50.4752             
1
 948.488 4999.5510
INSERT
8
POINT
62
2
2
CROSS
10
950.1668            
20
4993.2340           
30
50.3336             
41
0.002
42
0.002
43
0.002
50
0.0
0
TEXT
8
CODE
62
3
7
STD
40
0.25
41
1.0
50
0.0
51
0.0
10
950.1668            
20
4993.2340           
30
50.3336             
1
 PN
0
TEXT
8
PT_ID
62
3
7
STD
40
0.25
41
1.0
50
0.0
51
0.0
10
950.1668            
20
4993.2340           
30
50.3336             
1
 495
0
TEXT
8
HEIGHT
62
3
7
STD
40
0.25
41
1.0
50
0.0
51
0.0
10
950.1668            
20
4993.2340           
30
50.3336             
1
 50.334
0
TEXT
8
CO_ORDS
62
3
7
STD
40
0.25
41
1.0
50
0.0
51
0.0
10
950.1668            
20
4993.2340           
30
50.3336             
1
 950.167 4993.2340
INSERT
8
POINT
62
2
2
CROSS
10
950.1061            
20
4986.4661           
30
50.3933             
41
0.002
42
0.002
43
0.002
50
0.0
0
TEXT
8
CODE
62
3
7
STD
40
0.25
41
1.0
50
0.0
51
0.0
10
950.1061            
20
4986.4661           
30
50.3933             
1
 PN
0
TEXT
8
PT_ID
62
3
7
STD
40
0.25
41
1.0
50
0.0
51
0.0
10
950.1061            
20
4986.4661           
30
50.3933             
1
 496
0
TEXT
8
HEIGHT
62
3
7
STD
40
0.25
41
1.0
50
0.0
51
0.0
10
950.1061            
20
4986.4661           
30
50.3933             
1
 50.393
0
TEXT
8
CO_ORDS
62
3
7
STD
40
0.25
41
1.0
50
0.0
51
0.0
10
950.1061            
20
4986.4661           
30
50.3933             
1
 950.106 4986.4660
INSERT
8
POINT
62
2
2
CROSS
10
950.5300            
20
4980.4713           
30
50.3505             
41
0.002
42
0.002
43
0.002
50
0.0
0
TEXT
8
CODE
62
3
7
STD
40
0.25
41
1.0
50
0.0
51
0.0
10
950.5300            
20
4980.4713           
30
50.3505             
1
 PN
0
TEXT
8
PT_ID
62
3
7
STD
40
0.25
41
1.0
50
0.0
51
0.0
10
950.5300            
20
4980.4713           
30
50.3505             
1
 497
0
TEXT
8
HEIGHT
62
3
7
STD
40
0.25
41
1.0
50
0.0
51
0.0
10
950.5300            
20
4980.4713           
30
50.3505             
1
 50.350
0
TEXT
8
CO_ORDS
62
3
7
STD
40
0.25
41
1.0
50
0.0
51
0.0
10
950.5300            
20
4980.4713           
30
50.3505             
1
 950.530 4980.4710
INSERT
8
POINT
62
2
2
CROSS
10
951.1342            
20
4974.4588           
30
50.3473             
41
0.002
42
0.002
43
0.002
50
0.0
0
TEXT
8
CODE
62
3
7
STD
40
0.25
41
1.0
50
0.0
51
0.0
10
951.1342            
20
4974.4588           
30
50.3473             
1
 PN
0
TEXT
8
PT_ID
62
3
7
STD
40
0.25
41
1.0
50
0.0
51
0.0
10
951.1342            
20
4974.4588           
30
50.3473             
1
 498
0
TEXT
8
HEIGHT
62
3
7
STD
40
0.25
41
1.0
50
0.0
51
0.0
10
951.1342            
20
4974.4588           
30
50.3473             
1
 50.347
0
TEXT
8
CO_ORDS
62
3
7
STD
40
0.25
41
1.0
50
0.0
51
0.0
10
951.1342            
20
4974.4588           
30
50.3473             
1
 951.134 4974.4590
INSERT
8
POINT
62
2
2
CROSS
10
952.1538            
20
4968.5441           
30
50.2873             
41
0.002
42
0.002
43
0.002
50
0.0
0
TEXT
8
CODE
62
3
7
STD
40
0.25
41
1.0
50
0.0
51
0.0
10
952.1538            
20
4968.5441           
30
50.2873             
1
 PN
0
TEXT
8
PT_ID
62
3
7
STD
40
0.25
41
1.0
50
0.0
51
0.0
10
952.1538            
20
4968.5441           
30
50.2873             
1
 499
0
TEXT
8
HEIGHT
62
3
7
STD
40
0.25
41
1.0
50
0.0
51
0.0
10
952.1538            
20
4968.5441           
30
50.2873             
1
 50.287
0
TEXT
8
CO_ORDS
62
3
7
STD
40
0.25
41
1.0
50
0.0
51
0.0
10
952.1538            
20
4968.5441           
30
50.2873             
1
 952.154 4968.5440
INSERT
8
POINT
62
2
2
CROSS
10
952.4427            
20
4962.1208           
30
50.1477             
41
0.002
42
0.002
43
0.002
50
0.0
0
TEXT
8
CODE
62
3
7
STD
40
0.25
41
1.0
50
0.0
51
0.0
10
952.4427            
20
4962.1208           
30
50.1477             
1
 PN
0
TEXT
8
PT_ID
62
3
7
STD
40
0.25
41
1.0
50
0.0
51
0.0
10
952.4427            
20
4962.1208           
30
50.1477             
1
 500
0
TEXT
8
HEIGHT
62
3
7
STD
40
0.25
41
1.0
50
0.0
51
0.0
10
952.4427            
20
4962.1208           
30
50.1477             
1
 50.148
0
TEXT
8
CO_ORDS
62
3
7
STD
40
0.25
41
1.0
50
0.0
51
0.0
10
952.4427            
20
4962.1208           
30
50.1477             
1
 952.443 4962.121 0
ENDSEC
 0
EOF0
SECTION
2
HEADER
9
$EXTMIN
10
89
20
89
9
$EXTMAX
10
111
20
111
9
$LIMMIN
10
89
20
89
9
$LIMMAX
10
111
20
111
0
ENDSEC
0
SECTION
2
TABLES
0
TABLE
2
LTYPE
70
255
0
LTYPE
2
1
70
0
3
SOLID
72
65
73
0
40
0
0
ENDTAB
0
TABLE
2
LAYER
70
4
0
LAYER
2
0
62
7
6
1
70
64
0
ENDTAB
0
TABLE
2
STYLE
70
1
0
STYLE
2
STD
70
0
40
0
41
1
50
0
71
0
42
.2
3
txt
0
ENDTAB
0
ENDSEC
0
SECTION
2
BLOCKS
0
BLOCK
2
CROSS
70
0
10
0
20
0
0
LINE
8
0
62
0
10
-50
20
0
11
50
21
0
0
LINE
8
0
62
0
10
0
20
-50
11
0
21
50
0
ENDBLK
0
ENDSEC
0
SECTION
2
ENTITIES0
INSERT
8
POINT
62
2
2
CROSS
10
1000.0000           
20
5000.0000           
30
50.0000             
41
0.002
42
0.002
43
0.002
50
0.0
0
TEXT
8
CODE
62
3
7
STD
40
0.25
41
1.0
50
0.0
51
0.0
10
1000.0000           
20
5000.0000           
30
50.0000             
1
  
0
TEXT
8
PT_ID
62
3
7
STD
40
0.25
41
1.0
50
0.0
51
0.0
10
1000.0000           
20
5000.0000           
30
50.0000             
1
 0
0
TEXT
8
HEIGHT
62
3
7
STD
40
0.25
41
1.0
50
0.0
51
0.0
10
1000.0000           
20
5000.0000           
30
50.0000             
1
 50.000
0
TEXT
8
CO_ORDS
62
3
7
STD
40
0.25
41
1.0
50
0.0
51
0.0
10
1000.0000           
20
5000.0000           
30
50.0000             
1
 1000.000 5000.000 0
ENDSEC
 0
EOF